1.391584	0.353716	-0.009216	1.202007	-0.001130	0.259150
2.413519	0.500858	0.006025	2.093409	-0.014381	0.448520
2.060838	0.450775	0.025446	1.908466	0.039689	0.424382
2.738255	0.575571	0.037173	2.385537	0.007099	0.565633
2.511683	0.521242	0.002343	2.227484	0.000357	0.493521
1.783701	0.457346	-0.006025	1.975373	-0.016393	0.402745
1.595023	0.418791	0.007900	1.941253	0.006945	0.354749
1.875921	0.424903	0.022652	1.567678	0.019119	0.349648
2.196337	0.509280	0.000493	2.294760	0.007452	0.453722
1.575278	0.385421	0.006017	1.713216	0.003132	0.308930
2.844451	0.631470	0.004043	3.156404	0.001034	0.694466
1.494784	0.363650	0.002069	1.483396	0.000117	0.280775
2.084709	0.481410	0.007446	1.913479	0.002370	0.424541
2.414669	0.556991	0.025097	2.347745	0.011265	0.538462
2.012256	0.419293	0.003940	1.703336	0.000665	0.352623
2.520955	0.548117	0.011363	2.423424	0.009950	0.541812
3.004240	0.619601	0.015179	3.216893	-0.021864	0.658649
2.333086	0.557207	-0.011382	2.856474	-0.025386	0.563467
1.712463	0.419224	0.010560	1.727492	0.003995	0.337311
3.047437	0.639696	0.021682	2.950867	-0.018565	0.677411
2.171292	0.475460	-0.019519	2.104866	-0.024480	0.436084
3.298753	0.675778	-0.039968	3.165989	-0.038051	0.757173
2.875474	0.621416	0.004254	2.967122	0.037374	0.665818
2.301006	0.494322	-0.001366	2.379454	-0.033674	0.476665
1.166000	0.346592	-0.000633	1.245779	-0.001481	0.244324
1.729945	0.445602	-0.001108	1.961599	-0.002237	0.356461
1.238841	0.341701	0.000125	1.144960	-0.000173	0.234259
1.677797	0.401691	-0.000330	1.558922	0.009304	0.314817
1.426585	0.387763	0.001197	1.492491	-0.007678	0.294836
1.640620	0.402220	0.016151	1.560952	-0.003098	0.318831
1.829040	0.445007	0.010696	1.967360	-0.009748	0.386529
1.198458	0.346966	0.001043	1.162822	-0.000367	0.239575
2.166579	0.498631	0.011247	2.028439	0.002069	0.436794
2.012521	0.456135	-0.002360	1.895533	0.008049	0.393736
1.507386	0.365945	0.002986	1.330533	0.001601	0.266228
2.118556	0.502725	-0.021707	2.216388	-0.015245	0.465901
2.256658	0.515863	0.005391	2.561065	-0.000381	0.488768
1.731059	0.439917	0.017569	2.025472	0.028604	0.385457
2.795208	0.587699	-0.021277	2.607064	0.003298	0.602004
1.491952	0.395614	-0.003394	1.601466	-0.022009	0.315195
1.662872	0.412032	0.005794	1.791161	0.003360	0.329806
1.559430	0.362244	-0.001551	1.439592	-0.000066	0.274192
2.231417	0.495325	-0.013697	2.238794	-0.001741	0.455594
1.909781	0.482608	-0.007677	2.096462	-0.026103	0.454695
1.901783	0.448905	-0.029876	1.769676	-0.037492	0.409526
3.037755	0.632927	-0.014474	3.091392	-0.016586	0.714496
2.422806	0.534793	-0.007599	2.464618	0.004319	0.508011
1.951191	0.468651	-0.002399	1.920732	-0.005064	0.413039
2.563693	0.496880	0.003170	2.124037	0.011827	0.490368
2.091343	0.507392	0.005574	2.197688	0.013025	0.503260
1.841419	0.450634	-0.030908	1.936164	0.021813	0.428171
2.526173	0.548398	-0.021173	2.452000	0.029634	0.523622
1.098898	0.329669	-0.000000	1.098898	-0.000000	0.219780
1.941769	0.456807	0.037156	2.043160	0.028411	0.419854
2.318387	0.516671	0.029391	2.725256	0.018225	0.524576
2.277568	0.530411	-0.029081	2.390800	-0.000693	0.505162
2.666068	0.552939	0.016174	2.262551	-0.010879	0.548008
1.278603	0.351715	-0.000323	1.184854	0.001165	0.244977
2.233478	0.477705	0.001147	2.107442	-0.031851	0.447436
2.049858	0.460190	-0.015110	1.833743	-0.003234	0.409517
1.469649	0.380231	-0.001594	1.409190	0.001409	0.293196
1.863959	0.453051	-0.004897	2.012374	0.009572	0.396629
2.426857	0.540753	-0.005618	2.512417	-0.030495	0.523386
1.098898	0.329669	-0.000000	1.098898	-0.000000	0.219780
1.163956	0.344316	0.016882	1.174077	0.021650	0.253118
2.090846	0.483058	0.011875	1.985487	-0.021820	0.434388
1.392834	0.368384	-0.006260	1.510115	-0.005458	0.284572
1.716223	0.388596	0.002064	1.469393	0.000136	0.301672
2.787952	0.564556	0.000632	2.638607	0.016781	0.565858
1.275049	0.371905	-0.001961	1.332281	0.002945	0.273885
2.019979	0.457200	-0.004608	2.245238	-0.001651	0.418160
1.110937	0.333047	0.000041	1.111318	0.000022	0.222974
1.908520	0.429082	-0.029068	2.052581	-0.006473	0.376971
3.034040	0.665780	-0.008714	3.130100	-0.029627	0.754475
1.967494	0.482039	0.019262	2.160669	0.036443	0.439560
1.573227	0.414767	0.002270	1.579280	-0.010503	0.335299
2.305800	0.522798	-0.013515	2.244932	-0.022613	0.488974
1.430815	0.386096	-0.003677	1.503818	0.001531	0.300960
1.698442	0.441102	-0.012146	1.891106	-0.005027	0.372556
1.240159	0.345746	-0.000314	1.251966	-0.000000	0.238004
1.762778	0.432371	-0.006597	1.979650	-0.007591	0.366035
2.043099	0.515089	-0.002572	2.346425	0.001307	0.514555
1.857153	0.449678	0.007520	1.987586	0.010205	0.400676
2.226076	0.526762	0.036076	2.458732	0.007179	0.520459
3.195569	0.675630	-0.018366	3.097719	0.001558	0.758721
1.510351	0.406842	-0.008465	1.726357	-0.001468	0.330690
2.267981	0.480174	0.021934	2.112752	0.011730	0.445526
1.634382	0.413297	0.005287	1.738368	-0.003901	0.330747
1.494595	0.378931	-0.033451	1.300759	-0.013136	0.301031
2.331309	0.551265	-0.016264	2.663626	-0.006358	0.543873
1.354049	0.369366	0.000924	1.284292	0.000421	0.269509
2.228175	0.497424	-0.020019	2.226061	-0.000773	0.471347
1.481816	0.367753	0.000406	1.316711	-0.004474	0.266530
1.556574	0.424271	-0.028060	1.683206	-0.035700	0.368047
3.162331	0.595246	-0.030676	2.841826	0.020101	0.652518
1.491015	0.386941	0.001789	1.747319	0.000352	0.291670
2.470458	0.535752	0.012668	2.276305	0.030641	0.538224
2.843563	0.630365	0.022075	2.923730	0.022211	0.690546
2.285096	0.493308	0.005282	2.046912	-0.019964	0.457903
1.500355	0.434314	-0.029634	1.840618	-0.012495	0.377051
2.628004	0.534559	-0.011878	2.541697	-0.005027	0.532230
1.657193	0.397167	-0.001934	1.764137	-0.006721	0.309832
2.265535	0.519366	-0.017911	2.444609	-0.019750	0.512506
2.464833	0.532323	-0.018236	2.295792	-0.012574	0.524985
2.998441	0.593934	-0.016751	2.807304	-0.019518	0.652980
2.879536	0.578547	-0.012640	2.697298	-0.026462	0.572050
3.141022	0.651431	-0.006422	3.083629	0.000474	0.744273
1.859641	0.477309	0.010218	2.082071	0.010288	0.424406
2.912595	0.600073	0.000940	2.923779	-0.014830	0.653609
1.372761	0.379935	-0.001000	1.624315	-0.001103	0.290242
3.269847	0.663631	-0.016647	3.135810	0.003342	0.772372
1.706059	0.418085	0.004727	1.784308	0.006182	0.366926
1.389457	0.360871	0.002106	1.636613	0.007180	0.269247
1.982464	0.472216	0.022128	2.199366	-0.008234	0.445208
2.008197	0.456069	0.004641	2.131579	0.001063	0.411566
1.347912	0.363899	-0.003036	1.471716	-0.007721	0.271313
2.699062	0.591845	0.011237	2.816860	0.011503	0.595374
1.862103	0.438481	0.013078	1.759449	-0.021406	0.404144
2.090230	0.488169	0.014092	1.904473	0.024098	0.461489
2.353713	0.508530	0.014403	2.320402	0.021306	0.471491
1.238587	0.341068	-0.000756	1.140375	0.000127	0.232269
3.161131	0.667707	0.012540	3.195748	-0.008925	0.748862
2.662233	0.571912	0.021205	2.553548	-0.020267	0.563570
1.866884	0.445919	0.025369	2.054158	0.001269	0.376012
1.695249	0.392569	0.006712	1.439074	0.006135	0.295821
3.024617	0.695742	-0.015172	3.379720	0.029805	0.774422
1.751490	0.438596	-0.004622	1.786745	-0.011024	0.355551
2.493989	0.533071	-0.001155	2.288225	-0.015204	0.531109
1.177718	0.331774	0.000202	1.112839	0.000074	0.227018
1.824447	0.450310	-0.000044	1.713327	-0.003828	0.381847
1.465426	0.356942	0.003088	1.402116	0.000402	0.261168
2.007526	0.464350	0.001520	1.946204	-0.013865	0.403833
3.155080	0.639070	-0.015401	3.132951	-0.002182	0.707890
1.231480	0.340171	0.000660	1.236587	-0.000035	0.235580
2.008944	0.460051	-0.001189	1.932210	0.002460	0.381859
2.821358	0.615211	-0.001009	2.657958	-0.000398	0.655137
1.569759	0.400954	-0.000460	1.541029	-0.003257	0.310548
3.424170	0.681598	0.003652	3.500497	0.006245	0.824184
1.432028	0.362140	0.029459	1.235484	0.015747	0.280514
1.208982	0.356995	0.000988	1.203685	-0.000278	0.248653
3.275514	0.688688	0.001001	3.343664	0.001044	0.757220
1.675780	0.387210	0.001049	1.377791	0.002366	0.299879
2.598256	0.562973	0.007389	2.636098	-0.026986	0.572071
1.862756	0.439107	0.002631	1.935658	-0.000301	0.372048
1.640821	0.407181	-0.015132	1.960216	-0.030545	0.355651
2.506661	0.526811	0.020131	2.487915	0.016845	0.507391
2.456984	0.562208	-0.001618	2.610140	0.012074	0.562314
1.545930	0.405324	0.000913	1.664052	-0.005889	0.321653
1.139943	0.339426	0.000227	1.137029	-0.000130	0.230977
1.455047	0.355591	-0.010324	1.296711	0.001128	0.270375
2.204774	0.533413	-0.007071	2.460731	-0.014826	0.548181
3.099993	0.587076	-0.003241	2.739892	-0.020228	0.618949
3.277016	0.693355	-0.002221	3.050440	0.038270	0.786014
1.859437	0.435191	-0.001536	1.883924	-0.019819	0.385671
1.372778	0.347232	-0.001285	1.246518	-0.000114	0.247533
1.559273	0.420236	-0.005115	1.508192	-0.001888	0.330336
1.812180	0.430236	-0.011291	1.646990	-0.012138	0.347387
2.990701	0.583599	0.006862	3.003139	0.039763	0.592283
2.854198	0.601948	0.025016	3.076913	0.019935	0.662505
1.152110	0.343945	0.002907	1.152545	0.002014	0.238073
3.281473	0.635677	-0.013028	2.929588	-0.025199	0.689042
3.038493	0.688863	-0.010211	3.091169	-0.000988	0.790028
1.929191	0.467877	-0.001718	1.978874	0.000332	0.408800
1.810100	0.393583	0.007137	1.672157	0.013388	0.301025
1.123207	0.336633	-0.000455	1.122852	-0.000045	0.226470
1.856401	0.437916	0.001179	1.783347	-0.000713	0.413971
1.855951	0.421758	0.005055	1.728163	-0.000912	0.337020
1.738842	0.417777	0.014057	1.801960	0.028778	0.358733
1.485182	0.381752	0.003916	1.505808	0.003942	0.285210
1.906255	0.431614	-0.016390	1.649199	-0.005915	0.384763
1.948977	0.462034	-0.033250	1.763502	-0.009975	0.405755
1.862480	0.449570	-0.024537	1.981828	-0.003594	0.414797
1.724785	0.439085	-0.008356	1.645260	0.008258	0.390579
1.855362	0.454395	0.000357	2.052563	0.014639	0.399514
2.596812	0.548768	-0.013528	2.530435	-0.034713	0.551999
2.066436	0.502126	0.000797	1.913128	0.005000	0.461480
2.762868	0.618098	-0.022000	2.878307	-0.000761	0.658193
1.423513	0.385584	-0.003050	1.487354	-0.005589	0.289191
3.233281	0.658881	0.004016	3.337622	0.008615	0.748743
1.330521	0.355424	0.006876	1.332317	0.015787	0.265564
2.367295	0.499503	-0.003179	1.971186	0.021648	0.449648
1.137984	0.339734	-0.000028	1.136720	-0.000412	0.230834
1.530659	0.401040	0.013914	1.782686	0.004733	0.323644
1.792959	0.417666	-0.010658	1.537844	-0.009814	0.328569
1.663686	0.410223	-0.008807	1.508623	-0.002111	0.332266
3.061451	0.619203	-0.022519	3.119677	-0.005650	0.696968
1.570588	0.366912	-0.036231	1.247754	-0.009190	0.282606
1.419691	0.364783	0.002955	1.376209	0.000880	0.265306
2.742920	0.539767	-0.001933	2.329345	-0.006047	0.537549
2.738047	0.607068	-0.024157	2.398839	-0.000058	0.636560
1.800295	0.435085	0.004089	1.765991	0.000175	0.357024
2.837642	0.614638	0.030233	2.692473	-0.002031	0.626962
1.787392	0.399007	-0.007901	1.642342	-0.008329	0.310795
2.760475	0.639683	-0.022634	3.079502	-0.039748	0.699974
2.720717	0.550603	0.006017	2.806881	-0.013494	0.569382
2.036226	0.454847	-0.002370	2.022836	0.010646	0.389117
1.111501	0.333001	-0.000036	1.111296	-0.000067	0.223272
2.243843	0.526247	0.014474	2.353104	0.014529	0.534521
1.282430	0.380141	0.003726	1.374871	0.007721	0.277783
1.355988	0.385587	0.004649	1.763435	0.010228	0.288223
1.980359	0.482391	-0.012143	2.184644	0.002420	0.432187
1.875083	0.434000	0.029070	1.639206	0.024680	0.367697
1.390641	0.380458	0.003724	1.521608	0.000281	0.285426
2.138679	0.520516	0.031798	2.361068	0.014738	0.527462
2.864253	0.612493	-0.013503	2.840821	-0.017661	0.666519
1.730522	0.424496	0.003971	1.741243	0.010357	0.346938
2.586157	0.577056	0.006065	2.556400	-0.001249	0.586988
2.061056	0.472726	-0.003836	2.044539	0.003734	0.421575
2.578025	0.571664	0.008697	2.680034	-0.008448	0.618599
2.086303	0.470928	0.012547	1.697577	0.023654	0.411536
3.097447	0.634084	0.014028	2.908955	-0.020377	0.719535
2.377160	0.539997	0.010745	2.398423	-0.006224	0.533856
2.490729	0.546528	0.003595	2.502683	0.000017	0.528175
1.463235	0.368075	-0.001487	1.369467	0.002667	0.283007
2.849974	0.596964	0.016705	3.128626	-0.031165	0.609676
1.255255	0.348142	0.000853	1.243887	-0.000553	0.240598
1.714082	0.406440	0.005249	1.738199	-0.005363	0.334994
1.473455	0.404089	0.003673	1.638369	0.008465	0.310753
1.700415	0.436807	0.001158	2.022993	0.001526	0.375916
3.296584	0.697140	-0.003975	3.308207	0.013083	0.814088
1.217076	0.350157	0.002086	1.307909	0.003463	0.259247
2.377142	0.484959	-0.022755	2.162581	-0.038016	0.462100
1.243067	0.339614	0.000228	1.145515	-0.000313	0.237224
1.281535	0.387431	0.027907	1.386412	0.038342	0.301221
1.209014	0.338638	-0.000223	1.138212	-0.000927	0.233776
1.620536	0.413768	0.006560	1.764732	-0.002405	0.335094
2.726204	0.531549	0.034455	2.338570	0.015045	0.521531
1.833219	0.440412	0.016550	1.702208	-0.001826	0.398476
2.729586	0.582661	0.005173	2.872335	-0.018696	0.637236
1.201330	0.347406	-0.000248	1.165240	0.000671	0.238240
1.262616	0.360855	0.000635	1.305733	-0.000040	0.260647
2.458107	0.509468	0.001126	2.402019	-0.015632	0.493089
1.862526	0.452647	-0.004339	1.774850	-0.004017	0.391298
1.098898	0.329669	-0.000000	1.098898	-0.000000	0.219780
3.180438	0.608324	0.011886	2.806967	0.003857	0.663260
1.632940	0.419103	-0.010187	1.786771	0.001587	0.353199
3.234396	0.633465	0.015283	3.029431	-0.014555	0.670293
3.414548	0.673646	0.021576	3.164017	0.016060	0.753994
1.304776	0.354242	-0.001353	1.247044	-0.000016	0.248114
1.590983	0.416463	0.013654	1.755350	0.032822	0.351209
2.980667	0.588512	0.009068	2.929994	0.017090	0.646118
1.939205	0.460994	0.007508	2.303710	0.026353	0.416057
1.953311	0.448056	0.019106	1.845202	0.006062	0.383891
2.003579	0.493921	0.006248	2.149048	0.027452	0.462018
1.534840	0.394091	-0.006611	1.656930	0.017216	0.332499
1.231518	0.364182	0.000942	1.243413	0.003599	0.257828
2.384518	0.558003	0.035712	2.633654	-0.002887	0.582404
2.156882	0.484384	-0.013279	2.243344	-0.005706	0.427332
3.019027	0.656697	-0.022480	3.367599	0.035149	0.734320
3.116057	0.579070	-0.030583	2.762360	0.004216	0.625646
2.647541	0.567952	-0.034897	2.702601	-0.026718	0.610563
3.225221	0.625670	-0.001916	2.896599	-0.011053	0.670041
2.694873	0.577880	0.012510	2.703929	0.024188	0.585058
2.493117	0.514371	0.010286	2.570128	-0.031769	0.520825
2.514554	0.527201	0.008303	2.402815	-0.014428	0.548498
1.530578	0.386035	0.005788	1.703069	0.002913	0.293251
1.578846	0.392897	0.000524	1.581092	0.002476	0.310348
2.540039	0.591846	-0.031380	2.630603	0.001459	0.595493
1.155069	0.336459	0.000184	1.124453	0.000120	0.227641
1.786282	0.409337	-0.001585	1.755999	-0.001192	0.339804
2.221536	0.483209	-0.009946	1.964748	-0.011701	0.423174
2.936502	0.637415	-0.007856	2.841425	0.033606	0.685764
2.734962	0.567051	-0.003974	2.788243	-0.040077	0.585837
1.729741	0.425543	-0.001884	1.516515	0.000190	0.374562
1.923506	0.448027	-0.005338	1.946591	-0.006364	0.384286
1.759177	0.447285	0.005136	1.778288	-0.012851	0.370003
1.327798	0.364113	0.000636	1.501218	0.002522	0.274984
2.506262	0.503875	0.029606	2.013995	0.003532	0.488266
1.812934	0.440485	0.002801	1.872656	0.004531	0.369443
2.874388	0.610782	0.014511	3.181248	0.018075	0.646471
2.395561	0.490017	-0.005162	2.169517	0.000691	0.491636
2.672760	0.616106	-0.024834	2.741658	0.026335	0.627740
1.389820	0.389760	0.020825	1.504182	0.019164	0.309585
1.124043	0.336397	0.000033	1.123680	0.000020	0.226597
2.448923	0.546967	0.008983	2.507788	0.030525	0.551843
2.352389	0.498338	-0.008120	2.263182	-0.013636	0.474004
3.185613	0.664487	-0.026549	3.472208	-0.006695	0.760316
2.369088	0.527507	-0.017823	2.536699	0.000867	0.534668
1.596541	0.410594	-0.004804	1.527950	0.001613	0.321560
2.363538	0.530468	0.016346	2.561970	0.009846	0.528085
3.217395	0.662273	-0.034115	3.293965	0.000372	0.710612
2.365197	0.580255	-0.019438	2.516350	0.007831	0.592326
2.614464	0.578283	-0.001680	2.710949	0.015291	0.596301
1.622330	0.436488	0.002438	1.670657	0.004962	0.362272
3.094934	0.613629	-0.020092	2.926032	0.008583	0.654529
3.246347	0.659470	-0.011658	3.081406	-0.019354	0.761585
2.332409	0.532100	0.001774	2.719527	-0.002946	0.509808
1.227171	0.353361	-0.001692	1.318614	0.000567	0.250650
2.074197	0.443618	0.001022	1.797542	0.024780	0.406119
2.710340	0.578656	0.006869	2.520105	0.011017	0.571664
1.995424	0.453626	0.012412	1.980343	-0.002746	0.414249
3.116518	0.670959	0.016380	3.263885	0.018080	0.749715
3.213444	0.604332	-0.016395	3.085877	0.000737	0.656879
2.737760	0.618292	-0.008197	2.610018	0.000369	0.628878
1.098898	0.329669	-0.000000	1.098898	-0.000000	0.219780
1.547358	0.430568	-0.013783	1.503476	-0.019888	0.341646
1.226741	0.363457	-0.001853	1.342089	-0.006066	0.257644
3.102680	0.658996	-0.033290	3.207060	-0.009668	0.732608
1.239464	0.347268	-0.002434	1.324737	-0.002207	0.249955
1.599596	0.386725	-0.000649	1.636551	0.001529	0.297491
2.443985	0.533976	-0.003518	2.423933	-0.030830	0.559098
1.215387	0.360495	-0.003086	1.303894	-0.003118	0.255384
1.544413	0.392610	0.004228	1.566349	0.003321	0.297755
2.544483	0.529966	0.003441	2.431154	-0.000296	0.522049
1.268092	0.366083	0.001663	1.484944	-0.003913	0.269422
1.324011	0.352016	-0.001862	1.195988	-0.001137	0.253400
1.935257	0.479933	-0.018721	2.169964	-0.017011	0.430334
3.103722	0.686414	-0.018358	3.142060	0.021312	0.735686
2.835048	0.610992	-0.011635	2.677107	-0.022331	0.630764
2.692477	0.568311	0.032787	2.843430	-0.022307	0.583009
3.249716	0.697064	-0.024073	3.301524	-0.012803	0.809228
1.668255	0.410066	-0.009018	1.646204	-0.002846	0.332312
2.920109	0.623077	-0.024472	3.272337	-0.002110	0.654816
3.017270	0.628368	0.017149	2.940982	-0.001848	0.672779
1.717454	0.422524	-0.009656	1.796348	-0.008022	0.345577
1.594044	0.382948	0.008640	1.349901	-0.003519	0.303238
1.837716	0.424303	-0.000050	1.765769	0.006417	0.340350
2.233116	0.491835	0.011696	2.294606	-0.036803	0.461770
3.069274	0.613764	0.023441	3.103521	-0.028879	0.652156
1.844058	0.450114	-0.008767	2.180829	-0.030684	0.412902
1.834763	0.412583	0.007261	1.843021	0.022871	0.350755
3.103420	0.604446	0.007478	2.783068	0.001404	0.641715
1.098898	0.329669	-0.000000	1.098898	-0.000000	0.219780
1.257061	0.365062	-0.004009	1.503471	0.000102	0.264422
3.259673	0.634339	0.036162	2.958236	-0.004573	0.668764
2.996680	0.626194	0.018325	2.983765	0.008641	0.672087
2.709343	0.583523	0.016873	2.644242	-0.021251	0.568972
1.303695	0.361718	-0.001299	1.291605	0.001516	0.260749
2.619156	0.578227	0.034230	2.701922	0.025230	0.584246
1.486191	0.407596	-0.003955	1.587982	0.000801	0.317806
1.263872	0.355646	-0.000862	1.436595	0.001271	0.254918
2.634276	0.567760	0.002864	2.466736	0.002252	0.615431
1.513350	0.371758	0.005072	1.278560	0.002942	0.278813
1.859670	0.425851	-0.004727	1.736592	-0.004728	0.357242
2.809238	0.590791	-0.022549	2.647170	-0.010120	0.623288
2.973058	0.597098	-0.034589	2.994374	-0.012778	0.671713
1.497888	0.415884	-0.008022	1.761767	-0.011499	0.335383
1.152086	0.344707	-0.003264	1.147976	-0.001593	0.235103
2.170307	0.471145	0.013057	2.112508	0.019698	0.405320
2.236883	0.477348	-0.007470	2.111151	-0.013097	0.442790
1.295584	0.365149	-0.008409	1.398611	-0.007669	0.277501
2.332625	0.509835	0.002839	2.385697	0.012915	0.481769
3.234527	0.676733	-0.003516	3.287400	-0.036795	0.742250
2.364689	0.527664	-0.009871	2.559997	-0.008717	0.501558
1.466977	0.363491	0.001575	1.291379	0.007635	0.264653
1.366904	0.396658	0.004321	1.511572	-0.006226	0.296325
1.275270	0.342531	-0.025886	1.339903	-0.006230	0.256167
2.015685	0.448258	0.008998	1.934139	-0.003992	0.395853
1.267188	0.343388	0.000036	1.161097	-0.000176	0.241465
2.645036	0.597114	-0.014988	2.901159	-0.019453	0.625721
3.125580	0.627450	-0.001878	2.885998	-0.022938	0.713014
2.025080	0.482300	0.011455	2.145557	0.006621	0.427130
1.954621	0.450136	0.011707	2.041343	-0.008612	0.414343
1.955884	0.444566	-0.022241	1.934218	0.007610	0.403447
1.927210	0.452769	-0.011449	1.821305	0.023832	0.401741
1.124886	0.336326	-0.000077	1.123868	-0.000103	0.227238
1.178689	0.342453	0.000599	1.151896	0.000007	0.237102
1.757427	0.431100	-0.001986	1.636406	0.012255	0.350850
2.922295	0.566015	0.009184	2.443035	-0.008608	0.549625
2.791585	0.571152	-0.021953	2.781057	-0.025282	0.592027
1.756226	0.433741	-0.016633	1.935219	-0.011112	0.362343
3.109514	0.612372	-0.002844	3.163686	0.030333	0.654156
2.768426	0.570880	-0.011139	2.605325	0.008335	0.585841
1.243634	0.341381	-0.000229	1.150234	0.001889	0.237091
1.607101	0.396296	0.002189	1.613192	0.009609	0.310760
3.171004	0.648414	-0.018967	3.310122	-0.017817	0.713694
2.842029	0.583425	-0.010634	3.211854	-0.012642	0.599665
2.575396	0.530873	0.012855	2.670289	-0.004371	0.554938
2.875401	0.544672	0.003918	2.414524	0.001451	0.552574
1.484024	0.372275	-0.005854	1.421110	-0.000320	0.274602
2.068018	0.426311	-0.006862	1.847484	0.005870	0.367434
2.520941	0.573550	-0.007691	2.800435	0.013456	0.586507
1.715994	0.455175	-0.009178	1.821132	0.017978	0.390878
3.048015	0.644553	-0.024941	3.156951	-0.034359	0.756740
1.915212	0.413092	0.002310	1.717355	-0.004109	0.324736
2.397359	0.528252	-0.023651	2.513521	-0.025276	0.558783
1.411477	0.362069	-0.002007	1.218856	-0.001355	0.256943
1.341324	0.369951	0.002419	1.251145	0.000582	0.273653
1.136081	0.339999	0.000380	1.147178	0.000061	0.230487
1.170723	0.344261	-0.000115	1.168118	-0.001031	0.235427
2.851066	0.630784	-0.004947	3.235539	0.010334	0.676831
1.578285	0.379377	0.024542	1.494423	0.008118	0.298345
3.051614	0.638685	0.010480	2.901299	-0.016180	0.708361
2.869327	0.607818	0.005112	2.799051	-0.011985	0.693238
2.407970	0.550903	0.001562	2.510661	-0.004195	0.576650
1.098898	0.329669	-0.000000	1.098898	-0.000000	0.219780
1.366678	0.374038	-0.000317	1.342887	-0.000094	0.277572
2.355265	0.542812	0.016398	2.376439	0.007514	0.557288
2.969562	0.604248	-0.018443	2.929037	0.003838	0.638755
1.409543	0.382039	-0.004356	1.601999	-0.009815	0.295521
1.347780	0.365349	-0.000546	1.366622	-0.001203	0.265977
3.247197	0.671143	-0.010964	3.195262	-0.024871	0.754521
2.432161	0.523382	0.025678	2.338342	0.008290	0.537674
1.843864	0.460380	0.013700	2.172544	0.019259	0.411813
1.690042	0.421060	-0.001866	1.684688	-0.007762	0.340108
2.940210	0.599948	0.004732	2.839129	0.017830	0.675199
1.964077	0.470798	-0.003605	1.995214	-0.026895	0.408907
2.806221	0.567720	0.015129	2.647978	0.010706	0.574936
1.963855	0.441447	0.022065	1.836562	0.035281	0.382642
2.678550	0.598972	-0.039432	3.072383	-0.017579	0.627088
1.915196	0.450294	-0.009821	2.018460	-0.013695	0.396571
3.397870	0.688780	-0.018609	3.212361	0.016042	0.803958
3.124030	0.646584	-0.030536	3.194222	0.020844	0.704318
2.713942	0.548566	-0.015931	2.712963	0.009096	0.604959
1.719743	0.422148	-0.001326	1.823162	-0.012850	0.359153
2.527440	0.532244	-0.024977	2.396421	-0.037385	0.518371
2.560839	0.563827	-0.014678	2.666095	-0.037337	0.583495
1.492823	0.412861	-0.002524	1.627321	-0.000157	0.323733
3.219722	0.632628	0.023560	3.135048	0.015426	0.701485
2.378931	0.478891	-0.004415	2.396331	0.021945	0.467005
3.138393	0.687666	-0.015312	3.302528	0.017319	0.798045
1.098898	0.329669	-0.000000	1.098898	-0.000000	0.219780
1.404416	0.365514	-0.001862	1.434401	-0.006404	0.271507
2.471015	0.518350	-0.018309	2.314083	-0.029812	0.496284
1.529983	0.373306	-0.001991	1.297910	0.001550	0.276459
2.645339	0.599036	0.023629	2.710319	-0.004195	0.642664
2.661878	0.534245	0.007381	2.426621	-0.009940	0.507350
1.648149	0.397242	-0.006825	1.533887	-0.006131	0.317126
1.458245	0.384834	-0.001831	1.663220	-0.002134	0.296870
1.357387	0.400441	0.004222	1.713596	-0.000724	0.305992
2.875582	0.610957	-0.004698	3.126742	0.008867	0.684799
1.640863	0.436138	-0.013161	1.881290	-0.008574	0.372664
2.129710	0.501427	-0.010771	2.252126	0.005153	0.456512
3.020877	0.671221	-0.039765	3.244999	0.002208	0.772020
1.149829	0.343713	-0.000139	1.148089	-0.000736	0.234479
2.409449	0.536717	-0.006766	2.559157	0.039681	0.533592
2.259758	0.487088	-0.013394	2.135790	-0.032698	0.442348
3.390793	0.632135	-0.012147	3.120374	0.001253	0.709967
1.710507	0.446811	-0.008920	1.948148	-0.016591	0.388653
1.887298	0.393645	0.001388	1.697109	-0.002684	0.316712
2.066008	0.423949	-0.003785	1.593555	-0.004899	0.348346
1.317194	0.349586	0.000629	1.176179	-0.000377	0.243136
1.996729	0.467903	0.010695	2.243961	0.002957	0.413208
1.345600	0.379591	0.007397	1.308581	0.005176	0.283023
1.299736	0.359526	-0.000999	1.386167	0.004243	0.265757
1.488515	0.364728	-0.001010	1.582298	-0.004800	0.270867
1.098898	0.329669	-0.000000	1.098898	-0.000000	0.219780
1.894322	0.420189	0.034128	1.648913	0.015963	0.378132
3.254510	0.675359	-0.026280	3.070341	0.005458	0.789704
2.142328	0.496713	-0.018785	2.173247	-0.007929	0.456081
1.462697	0.384956	-0.002713	1.549690	-0.012006	0.305979
1.402520	0.365161	0.002469	1.227026	0.000634	0.257594
2.200725	0.508787	0.011560	2.278939	0.009153	0.476465
2.032584	0.462885	0.010453	1.933331	0.010248	0.408689
3.070361	0.584932	-0.019608	2.669880	-0.010632	0.646200
1.308197	0.359214	-0.000491	1.549029	-0.000793	0.257221
2.039044	0.480650	0.013722	2.363560	-0.006233	0.428639
2.100544	0.499840	0.021229	2.360622	0.009851	0.489102
2.108945	0.501697	-0.024411	2.285742	-0.008691	0.462196
2.756602	0.544163	0.038783	2.349071	0.034624	0.565212
1.699502	0.390852	-0.014844	1.575739	0.005004	0.330522
1.098898	0.329669	-0.000000	1.098898	-0.000000	0.219780
2.720865	0.606483	0.028175	2.898565	0.039913	0.639396
1.996909	0.469188	-0.009801	1.994393	-0.018268	0.415783
1.751201	0.407949	0.005877	1.656808	0.007840	0.328049
2.811545	0.588396	0.024408	2.754507	0.028829	0.626189
1.488967	0.399118	0.002377	1.866054	-0.002159	0.334773
3.067817	0.646969	-0.016770	3.466663	0.008375	0.732910
2.306882	0.491944	0.005434	2.266228	-0.018543	0.462192
2.051793	0.461163	0.002433	2.124823	-0.008981	0.435961
2.226714	0.489648	-0.000567	2.261979	0.000582	0.469596
1.098898	0.329669	-0.000000	1.098898	-0.000000	0.219780
2.726489	0.570599	0.020522	2.673888	-0.005878	0.608443
1.586654	0.395377	-0.030513	1.438778	-0.018132	0.318653
3.310244	0.702863	-0.017605	3.118346	-0.032931	0.811107
1.702218	0.394332	-0.001125	1.623293	0.001138	0.303097
2.469381	0.526892	0.003939	2.379050	0.024524	0.498020
1.609457	0.382341	0.004960	1.628995	0.031949	0.309589
1.975192	0.461353	0.029050	2.202020	0.027428	0.438152
2.880687	0.605261	0.035758	2.830693	0.017293	0.654245
1.219008	0.342184	-0.002522	1.240074	-0.002253	0.239480
2.699501	0.615167	-0.005490	2.898519	0.008606	0.651352
1.613960	0.415918	-0.015923	1.806877	-0.007775	0.326863
2.730583	0.637967	-0.011476	3.273038	-0.000093	0.682503
1.745746	0.407286	-0.002781	2.003069	-0.008256	0.340200
1.796276	0.453042	0.008314	2.182117	0.011090	0.389920
1.412712	0.380802	-0.003052	1.563546	-0.002635	0.292914
1.435145	0.381374	-0.003954	1.485953	0.002784	0.290620
1.110935	0.333096	0.000008	1.110997	0.000002	0.222967
1.654952	0.421031	-0.002359	1.637598	0.000577	0.332508
1.232453	0.356701	0.000930	1.294021	0.000762	0.257445
1.251883	0.345880	-0.001120	1.353784	-0.000772	0.242144
1.123132	0.336454	0.000021	1.124015	-0.000063	0.226537
2.504879	0.549800	0.002101	2.688538	-0.029187	0.535888
1.338810	0.371387	0.005985	1.418036	0.003890	0.273274
2.314325	0.507811	-0.009251	2.349095	-0.007420	0.484813
1.886227	0.454199	-0.024486	1.912184	-0.016892	0.396966
1.571722	0.368373	-0.003779	1.318728	0.000362	0.272020
1.605049	0.377225	-0.000536	1.393481	0.002051	0.277575
1.967000	0.468240	0.003263	2.162975	-0.000861	0.413563
1.396184	0.360604	0.000669	1.239232	-0.000555	0.261213
1.310631	0.360274	0.000067	1.348549	0.000715	0.264000
1.182830	0.345238	0.000027	1.259137	0.001074	0.240153
2.300464	0.523902	-0.005719	2.509769	0.008622	0.503301
1.890482	0.457782	-0.004062	1.868240	-0.003993	0.410707
1.433186	0.388907	-0.002404	1.707395	-0.002900	0.302190
2.877619	0.617299	-0.018500	3.050209	0.004519	0.660488
1.704533	0.426939	-0.001390	1.810264	0.011063	0.372448
1.371819	0.378926	-0.005983	1.325531	-0.001764	0.285528
1.134575	0.340364	-0.000556	1.137665	-0.001880	0.230590
2.974601	0.602929	-0.000301	2.914844	0.023202	0.631496
1.118100	0.334803	-0.000040	1.297363	-0.000621	0.226384
2.544952	0.506425	0.009070	2.351909	0.027967	0.479586
1.980485	0.483894	0.025277	2.129792	-0.014211	0.433286
2.247816	0.509776	0.036154	2.223829	0.001860	0.496729
3.298237	0.670068	-0.030823	3.018103	0.017931	0.764296
1.098898	0.329669	-0.000000	1.098898	-0.000000	0.219780
3.305845	0.617695	0.022844	3.188436	-0.004241	0.678074
2.735417	0.580414	0.017993	2.895452	-0.003727	0.611960
1.203087	0.343957	-0.000333	1.234260	0.000809	0.239502
1.555130	0.365960	0.000947	1.268274	-0.002884	0.272976
1.558221	0.373019	0.006576	1.409794	0.003236	0.296103
2.776329	0.593710	0.021121	2.683387	0.031964	0.653872
1.650588	0.404812	0.004945	1.573567	-0.015040	0.344505
1.820653	0.442595	-0.019732	1.925597	-0.014370	0.372607
3.025046	0.597827	-0.034725	2.771397	-0.006196	0.654209
1.270890	0.353232	-0.015245	1.336560	-0.031341	0.270270
2.691991	0.565612	0.021608	2.309834	-0.010895	0.550709
2.106789	0.459673	-0.000897	2.196617	0.011206	0.406088
2.629989	0.546603	0.034880	2.465784	0.001581	0.541702
2.362044	0.541707	-0.003387	2.468529	-0.008043	0.526598
1.521058	0.360657	-0.002630	1.273377	-0.004079	0.265811
2.246710	0.490917	-0.005350	2.315698	0.012631	0.446907
2.470407	0.515400	-0.034144	2.325322	-0.008378	0.493285
1.486815	0.383093	0.005249	1.494528	-0.003710	0.301893
2.763069	0.583521	-0.012314	3.065417	-0.014254	0.623377
2.456091	0.579691	-0.010871	2.763251	-0.015792	0.592227
2.542740	0.561059	-0.007678	2.493544	0.001320	0.555374
1.522557	0.413251	-0.001757	1.586874	-0.001377	0.324154
1.853597	0.453598	-0.013182	1.936829	-0.010931	0.393030
2.408902	0.570824	-0.014570	2.867648	-0.013734	0.565279
2.263463	0.506650	0.021836	2.393504	-0.005273	0.495863
2.127939	0.488693	-0.026269	2.177347	0.003188	0.473609
2.040237	0.450122	-0.005371	2.081504	0.000845	0.393113
1.360423	0.344544	0.000232	1.176515	-0.001386	0.247223
1.772362	0.437633	0.008159	1.675700	-0.006613	0.366961
2.358502	0.526446	-0.012075	2.323490	0.012764	0.512075
2.204626	0.468032	-0.011661	1.981719	0.037894	0.435261
3.334204	0.657204	-0.010227	3.133563	0.031500	0.742469
2.856162	0.598516	-0.007485	2.910656	0.021625	0.631442
2.617874	0.552265	0.033879	2.443662	0.015385	0.559066
2.470691	0.568839	0.017047	2.523993	0.005998	0.596573
1.111276	0.333037	0.000012	1.110960	0.000015	0.222912
2.119250	0.454923	-0.000238	2.224510	0.007118	0.433582
2.320705	0.486856	-0.000345	2.090249	0.005372	0.469801
1.227359	0.338125	-0.000566	1.141906	0.000048	0.230618
2.676383	0.511947	-0.001554	2.531011	-0.039523	0.522113
1.109006	0.331708	-0.000064	1.204474	-0.000535	0.225014
2.441596	0.551820	-0.024049	2.534661	0.003048	0.550106
2.742703	0.589244	-0.001617	2.632656	0.037947	0.596355
2.842929	0.620624	0.027079	2.911517	0.004243	0.671798
2.771985	0.607879	-0.004355	2.747867	-0.001685	0.641762
2.622895	0.607389	0.015293	2.682470	0.005513	0.647319
1.865295	0.467606	-0.014295	2.260905	0.018881	0.416397
2.453097	0.498177	0.016035	2.034293	0.026079	0.458720
1.123717	0.336465	-0.000356	1.123381	-0.000007	0.226295
3.099695	0.625433	0.009294	2.869482	-0.011899	0.680333
2.238832	0.501967	0.003666	2.461166	-0.020917	0.464909
1.733503	0.393243	0.004916	1.538804	0.032816	0.335413
2.862091	0.583671	0.006166	3.095671	0.010283	0.656374
1.672107	0.437895	0.003166	1.995559	-0.012250	0.363546
2.572172	0.567257	0.003164	2.759067	-0.011470	0.589540
1.992393	0.493162	0.003163	2.297887	-0.010476	0.468379
2.459110	0.567245	0.004166	2.550091	-0.010206	0.567988
2.736610	0.510246	0.005785	2.485680	-0.009910	0.505290
2.678677	0.564675	0.006684	2.753924	-0.007882	0.576624
2.694178	0.593436	0.008112	2.945711	-0.004617	0.624065
2.311292	0.568778	0.018357	2.491296	-0.002909	0.542896
2.978865	0.581222	0.027846	2.940461	-0.015117	0.602253
1.301149	0.339287	-0.000339	1.140228	0.000248	0.233565
2.934451	0.635312	-0.021830	3.288370	-0.017638	0.714150
3.210602	0.667649	-0.032719	2.888725	-0.035525	0.783588
1.353500	0.391043	-0.000875	1.591222	0.008830	0.296699
1.603258	0.369107	-0.015934	1.353351	-0.035338	0.291263
2.182968	0.507471	-0.005588	2.415146	0.000583	0.477069
2.157380	0.479836	-0.020423	2.210826	-0.017881	0.447450
2.104859	0.476897	0.031639	1.943784	0.033223	0.455378
3.243796	0.672936	0.019212	3.398189	0.014832	0.759298
3.003670	0.602081	-0.034430	2.676737	-0.010975	0.642903
1.203677	0.339315	-0.000078	1.219020	-0.000181	0.230262
1.412669	0.408966	0.012450	1.598097	0.015795	0.327716
1.428091	0.380335	0.010269	1.374236	0.003853	0.291465
2.037029	0.442413	0.029346	2.098982	0.036068	0.386960
1.812599	0.428119	0.009995	1.696060	-0.003794	0.351522
1.517274	0.416205	0.019681	1.711592	-0.037279	0.365324
2.191341	0.496435	0.029367	2.502873	-0.011009	0.480513
1.752993	0.420531	0.020536	1.850388	0.015261	0.374116
2.551007	0.561914	0.007090	2.555695	-0.039886	0.550669
1.545809	0.414859	-0.001512	1.645213	0.000024	0.324001
2.897265	0.593547	0.001435	2.703252	-0.007421	0.631486
1.138130	0.338186	0.003335	1.235968	0.001794	0.234234
2.139144	0.461284	0.009205	1.932567	0.005852	0.396886
2.537569	0.538212	0.024232	2.286178	-0.015736	0.528536
1.558389	0.395665	0.035372	1.800316	0.027569	0.321601
1.322805	0.358505	0.019425	1.318480	0.026863	0.285096
1.418546	0.395672	0.037042	1.483393	0.024627	0.333666
1.562199	0.398710	-0.031123	1.483382	0.002049	0.351644
1.435065	0.371962	-0.005901	1.448655	-0.004108	0.282705
1.846351	0.415833	0.006831	1.541675	0.000567	0.340333
2.858420	0.568107	0.006515	2.582997	0.002766	0.644928
1.379455	0.365906	0.005466	1.337700	0.003718	0.275647
2.023991	0.465322	-0.012627	2.150175	-0.017103	0.416551
2.861385	0.626651	-0.014968	3.052955	-0.011620	0.694766
1.578260	0.392148	-0.007232	1.793028	-0.002339	0.311492
1.457902	0.369154	0.001985	1.428084	0.005437	0.266749
2.217259	0.492460	-0.008804	2.016332	-0.003491	0.431146
3.352171	0.684556	-0.006258	3.375486	0.028548	0.782802
3.259006	0.627254	-0.003713	2.790372	-0.020568	0.707475
2.650741	0.556611	-0.007130	2.596647	-0.032654	0.542329
2.042412	0.474179	-0.000164	2.138237	-0.005507	0.402965
2.183349	0.445998	0.035871	2.207622	0.008276	0.423088
1.898831	0.459008	-0.007369	2.029028	-0.014885	0.386788
1.181781	0.348660	-0.000295	1.182242	0.000389	0.242679
2.719361	0.602227	0.037153	2.792307	0.029497	0.657316
2.364451	0.513306	0.015247	2.197966	-0.022195	0.488212
2.401480	0.577425	-0.006658	2.716591	0.022123	0.595496
1.282109	0.374274	-0.001146	1.471038	-0.019108	0.310386
2.423036	0.492788	-0.007064	2.211128	-0.000504	0.446347
1.822779	0.422162	-0.010523	1.920092	-0.004971	0.351097
1.756794	0.429046	-0.023674	1.765780	-0.024330	0.367616
1.333126	0.367558	0.001779	1.319209	-0.007612	0.284717
1.996345	0.432955	0.032914	2.069560	-0.009836	0.377146
2.314076	0.503257	-0.010965	2.380161	-0.008362	0.469439
1.725876	0.399296	-0.018706	1.641238	-0.024242	0.338979
2.332382	0.488842	0.001157	2.329487	-0.009335	0.441882
1.604186	0.400169	-0.006865	1.442620	-0.003313	0.309910
1.746018	0.430416	0.030635	1.624662	0.031398	0.365997
1.431585	0.404825	0.003728	1.579998	0.002384	0.308327
2.579502	0.594035	-0.007380	2.924490	-0.000956	0.620773
1.743293	0.447913	-0.015363	1.921743	-0.002759	0.387906
1.602628	0.431901	-0.004161	1.845758	-0.005141	0.354766
1.329444	0.369297	-0.014928	1.272007	-0.016072	0.283038
3.133221	0.669460	-0.001219	3.339276	-0.029530	0.759187
1.344079	0.347089	-0.000438	1.330848	-0.000304	0.245261
2.763626	0.557021	0.005130	2.543229	-0.004470	0.574962
3.033941	0.640067	-0.036120	3.159722	-0.012323	0.713810
1.556091	0.409995	-0.012630	1.599255	-0.027356	0.348903
1.708810	0.441470	0.003069	1.708454	-0.009586	0.367545
2.676678	0.600324	-0.021954	2.585624	-0.027662	0.625220
2.963603	0.633668	-0.028876	2.913994	-0.003096	0.675592
1.524700	0.399584	-0.020315	1.468219	-0.034894	0.345188
2.088679	0.434467	-0.001844	1.844027	-0.004609	0.388065
3.390722	0.699763	0.029767	3.566467	-0.012434	0.838409
2.787892	0.622608	0.029381	3.091087	-0.000201	0.698119
1.280539	0.353489	0.015646	1.446564	0.013618	0.260680
2.257500	0.522692	0.023113	2.260068	0.016350	0.500855
1.854217	0.470650	0.037928	1.924729	0.018101	0.434942
2.560099	0.597566	0.006042	3.104477	0.018719	0.645818
1.935395	0.408111	-0.002218	2.068647	-0.003638	0.338464
2.366169	0.520197	-0.038222	2.612643	0.004350	0.544690
3.104953	0.659147	0.023318	3.075435	0.032787	0.734671
2.216776	0.497907	0.002853	2.530739	0.012130	0.474473
1.647817	0.408728	0.002224	1.680060	0.002411	0.321289
1.631650	0.405592	0.004107	1.594195	0.007151	0.313318
2.876985	0.651124	-0.006304	3.142828	-0.004421	0.731919
3.119787	0.677661	-0.012020	3.288256	-0.015992	0.777945
2.621734	0.502459	-0.014617	2.277834	0.001124	0.458691
2.826533	0.599105	0.033432	2.806334	0.021039	0.623172
1.381723	0.351742	0.022242	1.278829	-0.015481	0.273676
1.703327	0.402254	0.007882	1.743354	0.014013	0.340050
1.769632	0.397561	0.003362	1.612808	-0.007299	0.327587
1.947831	0.478936	0.006661	2.166057	0.000638	0.428254
2.317723	0.475105	0.019681	1.859725	0.011925	0.420401
1.418843	0.374428	-0.015587	1.386631	-0.013381	0.299185
2.954136	0.630172	-0.030637	3.018303	-0.038686	0.750006
1.962476	0.498617	-0.027955	1.967532	-0.032422	0.402641
1.428025	0.367062	-0.021428	1.433150	-0.016946	0.299445
2.597998	0.598959	-0.013332	2.867063	0.024555	0.622954
2.601567	0.580896	-0.005943	2.577023	0.033573	0.582692
1.409215	0.372789	-0.001538	1.457865	0.000484	0.274289
1.098898	0.329669	-0.000000	1.098898	-0.000000	0.219780
2.440665	0.489610	-0.015286	2.345801	0.004645	0.445443
1.629315	0.402467	-0.006269	1.616462	0.005468	0.310822
1.533663	0.399897	-0.017101	1.591215	0.000313	0.313630
2.215252	0.517282	-0.014577	1.993694	-0.001839	0.482240
1.200071	0.342264	-0.000610	1.534929	-0.002738	0.239769
1.154707	0.342485	0.000316	1.176818	0.000343	0.237271
1.372640	0.380349	0.001265	1.701447	-0.007303	0.301845
1.930358	0.430653	-0.008939	1.660610	-0.008914	0.372790
1.233710	0.338354	-0.001161	1.138188	-0.000670	0.234203
1.682486	0.403949	0.022603	1.445223	0.005629	0.322451
1.316096	0.371338	-0.009268	1.349465	-0.009732	0.285834
1.166299	0.345739	0.000076	1.226495	0.000731	0.240223
1.685940	0.429650	0.005041	2.031257	0.005682	0.350427
3.010521	0.628870	0.001165	3.109986	0.027664	0.672201
1.499953	0.398559	-0.002711	1.460898	-0.003972	0.299727
2.658187	0.529252	0.002590	2.255536	-0.000130	0.566448
1.545307	0.397820	0.007892	1.580738	0.006431	0.326807
2.672823	0.564459	-0.000520	2.951946	0.012073	0.555740
2.424702	0.553585	0.020898	2.610909	-0.022730	0.537462
1.238407	0.362783	-0.000028	1.227773	-0.007142	0.259171
1.546287	0.397799	-0.005196	1.592863	-0.012101	0.319650
2.047444	0.465339	-0.004387	2.096417	-0.006799	0.440903
1.378160	0.350869	-0.001959	1.396425	0.003083	0.252006
2.609405	0.563569	0.014325	2.502431	0.014052	0.555058
2.758156	0.548581	0.002075	2.717141	0.034250	0.538669
2.782547	0.599887	-0.010174	3.010303	-0.000418	0.618768
1.495008	0.387647	0.002352	1.519936	-0.000132	0.300771
1.098898	0.329669	-0.000000	1.098898	-0.000000	0.219780
2.192603	0.488370	-0.025187	2.011591	-0.011779	0.439056
2.261044	0.507519	-0.015660	2.512129	-0.035440	0.477035
3.421190	0.744175	-0.013106	3.553932	-0.034953	0.886934
2.627321	0.541928	-0.011753	2.428506	-0.033370	0.550894
2.018752	0.465711	-0.008962	2.045878	-0.012882	0.428102
2.619466	0.534635	0.005224	2.260631	-0.004263	0.498674
1.149483	0.343334	0.000374	1.150964	-0.000448	0.234635
3.052950	0.650235	-0.028859	3.167846	-0.029399	0.743648
2.255288	0.541332	-0.036911	2.251356	-0.021372	0.497382
1.379575	0.353479	-0.001572	1.194370	0.000067	0.248673
1.921204	0.460875	0.001495	1.949442	0.004157	0.394704
2.073164	0.510693	0.020008	2.188339	0.019618	0.456302
1.832710	0.428417	-0.012350	1.606730	-0.010088	0.359257
2.234360	0.492041	0.013695	2.078335	-0.002011	0.441646
1.111233	0.333042	-0.000012	1.111001	-0.000028	0.222974
2.306968	0.479096	-0.013283	2.179220	-0.000351	0.484687
2.138057	0.453315	-0.012801	1.887699	-0.000675	0.386327
1.536417	0.417335	-0.000496	1.581237	0.000387	0.336876
1.457125	0.390002	-0.002511	1.595344	0.003014	0.305249
2.156475	0.507130	-0.035184	2.332346	-0.019468	0.488639
1.475642	0.385321	-0.013711	1.481353	-0.035716	0.305749
2.498101	0.554387	-0.020873	2.400880	-0.012528	0.557293
2.676853	0.511821	0.023215	2.244680	0.019677	0.470165
1.669764	0.370090	-0.003236	1.359239	-0.000567	0.281609
2.520021	0.575044	-0.010919	2.644343	0.009279	0.600337
3.016426	0.598490	-0.004845	3.019940	-0.039147	0.633833
1.787257	0.422369	0.002968	1.992229	0.007297	0.355063
1.924206	0.454402	0.002583	1.803107	0.005845	0.405650
2.288505	0.532919	0.013395	2.234204	0.011826	0.530725
1.870867	0.451678	0.004935	1.861825	-0.005683	0.381271
2.358699	0.498913	-0.018509	2.211850	-0.009950	0.454147
1.507295	0.372217	0.000368	1.356933	0.000622	0.275651
1.677661	0.423724	-0.010455	1.694712	-0.021526	0.348704
2.714259	0.586901	0.005036	2.939298	-0.030008	0.626242
2.200261	0.475577	0.026979	2.400458	0.028747	0.445363
2.253916	0.530507	0.013816	2.393125	0.015720	0.522770
1.452330	0.400721	0.000653	1.610909	0.002694	0.306902
1.895918	0.518075	0.016384	2.612208	0.009976	0.478677
1.514386	0.387791	0.000442	1.532197	0.003879	0.311445
1.995066	0.433027	-0.033008	1.864085	-0.006009	0.379230
1.365019	0.375128	-0.009225	1.614093	-0.000873	0.291006
1.182051	0.346943	-0.000380	1.225711	0.001753	0.240701
1.124166	0.336221	-0.000095	1.125167	-0.000335	0.226910
2.841036	0.582935	-0.022341	2.855652	-0.023106	0.594755
2.011679	0.467001	0.003177	2.119227	0.007854	0.410111
1.885076	0.429197	0.018806	1.560437	0.002685	0.375246
2.830160	0.592585	0.026163	2.541036	0.018805	0.659174
2.209805	0.519592	-0.000289	2.391263	-0.014668	0.530854
1.968763	0.462843	-0.007844	1.895952	0.014029	0.392767
1.135731	0.339314	-0.000160	1.141378	0.000066	0.230550
1.502069	0.372308	0.001094	1.331392	0.001415	0.267066
1.851436	0.448301	-0.027740	1.961939	0.002208	0.384528
1.416333	0.377537	-0.000312	1.562316	0.000574	0.276068
1.307450	0.347953	-0.000051	1.201806	0.000491	0.244845
1.617645	0.391314	0.027797	1.618029	0.011606	0.315315
1.691311	0.393116	0.012467	1.603541	0.027554	0.307135
2.110930	0.467431	0.005701	1.919163	0.014167	0.405632
1.234737	0.354653	0.004908	1.319508	-0.000417	0.256473
2.455462	0.556213	0.019850	2.374560	0.003034	0.541001
2.052023	0.431474	0.016931	1.688063	-0.000149	0.350067
1.316143	0.369597	-0.001959	1.449300	-0.002640	0.274853
2.486028	0.527290	0.003262	2.337549	-0.001604	0.485954
3.296364	0.721211	0.021982	3.715518	0.008265	0.868888
1.543606	0.399009	0.036938	1.413039	0.017276	0.323934
1.396751	0.382259	0.004677	1.321644	-0.010869	0.285667
3.484929	0.679793	-0.032386	3.115800	0.022303	0.770792
2.106929	0.453893	0.021248	2.035131	0.015003	0.411510
1.633408	0.416370	-0.000989	1.824399	-0.001949	0.334801
1.487415	0.371493	-0.000730	1.379595	-0.003099	0.284391
2.980407	0.611183	-0.011894	2.714703	-0.024602	0.653377
2.161269	0.456946	-0.014891	2.013202	-0.015264	0.396749
2.752542	0.600992	0.002615	2.755288	-0.029197	0.639375
2.197917	0.524723	0.002034	2.634028	0.011227	0.494579
3.069777	0.679559	-0.031074	3.449867	0.007399	0.773753
2.227995	0.523074	0.004321	2.364828	0.002233	0.497561
1.426318	0.387601	0.000353	1.698241	0.000212	0.294015
2.439964	0.557770	0.018612	2.742520	-0.002614	0.567087
1.917192	0.450709	0.009287	1.784596	0.034184	0.383900
2.689673	0.562872	-0.000982	2.593984	0.018014	0.592948
1.509107	0.370185	-0.010827	1.363924	-0.028803	0.315355
2.471759	0.559704	-0.015225	2.546001	-0.010880	0.547490
1.427040	0.401381	-0.003309	1.500437	0.003845	0.307443
2.063766	0.451078	0.000182	2.136908	-0.002451	0.390870
1.336197	0.342953	-0.000244	1.149777	-0.000174	0.236705
1.205343	0.338549	-0.000171	1.133391	0.000080	0.230805
1.292791	0.357504	-0.004033	1.236580	-0.008742	0.251710
1.270636	0.362809	-0.005466	1.287601	-0.018839	0.262687
1.482114	0.377393	0.000306	1.305292	0.000922	0.275937
1.239102	0.365696	0.000399	1.320262	0.002013	0.268492
3.658707	0.677740	0.013021	3.406005	-0.008294	0.785739
1.707350	0.396459	0.024432	1.602411	-0.001319	0.339404
1.166625	0.341325	0.012109	1.143080	0.004326	0.238389
1.348695	0.386033	-0.004574	1.687993	-0.022127	0.317415
1.428642	0.384113	-0.003226	1.512444	-0.002761	0.284633
2.068996	0.502803	-0.027818	2.276102	-0.024950	0.450549
1.382727	0.375035	0.001896	1.466899	0.004632	0.277870
1.573910	0.436658	-0.006482	1.721104	0.000679	0.355196
1.162360	0.338610	-0.000960	1.141047	0.000264	0.234400
3.681906	0.734214	-0.008961	3.656520	0.001714	0.914252
2.022328	0.470605	-0.016963	2.297598	0.004414	0.427750
1.815484	0.428065	0.018842	1.999351	0.007408	0.368258
1.769470	0.436494	0.015234	1.701253	0.008252	0.366252
3.267814	0.684035	-0.010337	3.247635	-0.011118	0.808539
1.473306	0.380349	-0.004219	1.400312	-0.001875	0.279989
1.999337	0.475155	-0.009553	2.076717	-0.028968	0.457246
1.273306	0.346098	-0.005877	1.383191	-0.030730	0.258094
1.306570	0.355443	-0.001259	1.532118	-0.001449	0.260055
1.296563	0.357870	-0.001191	1.342693	-0.019524	0.274121
1.378475	0.395645	0.015714	1.686243	0.034770	0.322347
1.576935	0.386720	-0.010696	1.596594	-0.001585	0.293161
1.855661	0.434976	-0.006268	1.679719	-0.001096	0.369568
1.138144	0.339685	0.000619	1.136253	-0.000066	0.230181
1.442264	0.368577	0.016008	1.583892	0.014794	0.287561
2.976959	0.611709	0.037676	2.906089	0.005726	0.669715
1.646656	0.404442	-0.008262	1.580281	-0.013854	0.332562
2.034080	0.518220	-0.037694	2.180409	0.000419	0.485654
2.987359	0.608593	-0.032062	2.763440	0.014691	0.641488
1.645037	0.389045	-0.019996	1.538710	-0.034379	0.318298
1.122828	0.336699	0.000221	1.123271	0.000597	0.226954
1.575190	0.400603	0.000438	1.483037	-0.008938	0.311360
3.260452	0.694231	0.012453	3.393745	-0.024873	0.807127
2.122443	0.521282	-0.033401	2.175318	-0.035367	0.506297
1.098898	0.329669	-0.000000	1.098898	-0.000000	0.219780
3.356032	0.673132	-0.015023	3.250558	-0.031900	0.760582
2.400545	0.540411	-0.030046	2.380916	-0.018070	0.557503
1.123080	0.336626	-0.000218	1.123328	-0.000193	0.226559
1.189474	0.350297	0.000017	1.183421	-0.003982	0.245401
1.826641	0.449949	0.016240	2.495561	-0.005367	0.391601
1.798788	0.428436	-0.000538	1.824424	0.004397	0.345045
1.759717	0.408909	-0.009427	1.803088	-0.001415	0.319743
2.886802	0.585612	-0.000792	2.473380	0.024735	0.629877
1.379975	0.362608	0.007842	1.305753	0.022930	0.271062
1.626488	0.392723	-0.015061	1.663911	-0.011577	0.324850
2.561876	0.568433	0.009746	2.515976	0.012297	0.553433
1.237617	0.366020	-0.003717	1.458377	-0.000719	0.261092
1.795724	0.436946	-0.002236	1.828880	-0.000177	0.397419
1.196872	0.351722	0.000686	1.278894	0.001442	0.248409
1.976821	0.461488	0.004511	1.995522	0.011857	0.390087
1.340729	0.358259	0.002663	1.366618	0.008586	0.258626
3.019949	0.613765	0.034004	3.034411	0.035190	0.672676
1.696129	0.420337	0.000922	1.619298	0.002641	0.341242
3.005659	0.655492	0.000206	2.930346	-0.016898	0.731081
1.098898	0.329669	-0.000000	1.098898	-0.000000	0.219780
1.947294	0.401109	0.022246	1.438023	-0.012242	0.330077
2.386991	0.531575	-0.009106	2.328782	-0.007678	0.493869
1.104776	0.331353	0.000035	1.251899	0.000161	0.222486
3.089148	0.627819	0.017924	2.913281	0.033613	0.703635
3.059087	0.622069	0.013247	2.638410	-0.006334	0.654285
2.237383	0.501791	-0.014041	2.207574	-0.032321	0.475375
2.548166	0.533934	-0.016281	2.394204	0.001429	0.530866
2.394797	0.489269	-0.015234	2.120201	0.023656	0.464831
1.727665	0.404322	-0.012152	1.599611	-0.011429	0.317469
1.919408	0.450762	0.006081	2.020759	0.013255	0.380247
1.647362	0.395197	0.010533	1.636995	0.012954	0.312905
1.727201	0.451552	0.011065	1.912501	0.028161	0.399934
2.778360	0.608749	-0.008465	2.675137	-0.004169	0.624720
2.125179	0.452751	0.000158	1.873391	0.000540	0.381649
1.830154	0.435925	0.013638	1.869147	0.015495	0.370758
3.004000	0.603930	0.023264	2.415913	-0.016000	0.622705
1.949799	0.451426	-0.019134	2.000445	-0.004145	0.394469
2.374079	0.492044	0.036017	2.178172	-0.002447	0.483921
1.900110	0.462493	-0.011517	2.024599	-0.013291	0.443548
1.929797	0.437513	-0.017239	1.858828	0.005099	0.372377
2.591604	0.551892	-0.039982	2.555271	-0.030193	0.568147
2.520704	0.570888	0.016056	2.947740	-0.008335	0.602777
1.606908	0.380926	0.031834	1.306666	0.013522	0.302537
1.644451	0.404938	0.007025	1.596800	-0.028812	0.333133
2.420109	0.540659	0.004210	2.572484	-0.008498	0.550054
2.492574	0.563574	0.020330	2.505965	0.011815	0.579104
1.098898	0.329669	-0.000000	1.098898	-0.000000	0.219780
1.588827	0.386946	-0.000210	1.518170	0.005943	0.286938
2.527368	0.534632	0.001760	2.133906	-0.001510	0.511268
1.374249	0.359789	0.001016	1.216179	0.004251	0.256562
1.181886	0.340124	0.001451	1.249719	0.002288	0.242611
2.255241	0.469083	-0.002546	2.017639	0.005988	0.421482
1.191514	0.354589	0.001401	1.232328	-0.001256	0.246582
1.354537	0.370860	-0.003053	1.314589	0.000001	0.270418
1.838942	0.440282	0.001190	2.242628	0.003992	0.369010
1.512251	0.383828	0.004703	1.369107	-0.000616	0.282689
1.098898	0.329669	-0.000000	1.098898	-0.000000	0.219780
2.441793	0.549188	-0.016433	2.166099	-0.017318	0.553362
2.544218	0.570842	-0.012167	2.746438	0.004793	0.578621
3.306052	0.686236	-0.007901	3.670830	0.016906	0.845169
1.772593	0.438606	-0.019424	1.749224	-0.009914	0.375997
1.837119	0.447226	0.013947	1.791314	0.002833	0.387939
1.906457	0.432534	-0.001058	1.892976	0.005326	0.359921
3.225497	0.701169	-0.000519	3.448280	0.003845	0.815828
1.115528	0.334182	0.000019	1.201729	-0.000104	0.225045
1.518657	0.392503	-0.004894	1.503232	-0.014362	0.318358
1.110990	0.333080	0.000016	1.110964	0.000011	0.223003
2.555161	0.563963	0.020328	2.701616	0.011794	0.569716
2.573602	0.593223	0.010184	2.698972	0.038884	0.602430
1.391851	0.385090	0.000039	1.501832	0.000099	0.288372
1.294707	0.352486	0.002991	1.355490	0.000995	0.256369
2.954654	0.622115	-0.001933	2.923541	-0.016324	0.679872
2.054216	0.488364	0.013724	1.909737	0.002148	0.435864
1.931810	0.458379	-0.026532	1.993393	-0.024604	0.426253
1.369930	0.367144	0.001894	1.476821	-0.000433	0.274169
2.876670	0.582641	-0.011571	2.899382	-0.018358	0.613243
1.834959	0.425843	-0.000926	1.963321	0.003590	0.354238
1.192577	0.334664	0.000070	1.123958	0.000426	0.230376
1.352201	0.366742	-0.004709	1.464726	-0.006076	0.276516
1.124282	0.335950	-0.000136	1.126119	-0.000401	0.226551
3.117020	0.624972	0.034973	2.904735	0.027776	0.705891
2.955900	0.646370	0.017487	3.027198	0.013888	0.730249
1.098898	0.329669	-0.000000	1.098898	-0.000000	0.219780
1.098898	0.329669	-0.000000	1.098898	-0.000000	0.219780
2.546825	0.573480	0.007720	2.802752	0.007889	0.601525
1.213079	0.358516	0.015440	1.320888	0.017440	0.264988
2.069857	0.497970	-0.018978	2.242459	0.019664	0.479626
1.098898	0.329669	-0.000000	1.098898	-0.000000	0.219780
1.392710	0.365618	0.000652	1.319625	-0.000596	0.264014
2.260780	0.492673	-0.022156	2.346710	-0.022109	0.477032
2.461957	0.552715	0.023817	2.254746	0.022577	0.522518
2.132812	0.504481	0.002848	2.050169	-0.002069	0.461284
2.517645	0.504605	-0.029534	2.237471	-0.003782	0.481826
1.352764	0.352745	0.002885	1.198471	0.001500	0.251183
1.589594	0.404502	-0.030867	1.627518	-0.017637	0.347806
2.083711	0.444515	-0.019865	2.211980	-0.025968	0.412573
1.194336	0.334999	0.003075	1.123412	0.000619	0.232217
3.481678	0.687191	0.038467	3.341222	0.029161	0.773760
3.121345	0.651041	0.028877	3.169065	0.003800	0.743958
2.887382	0.602491	0.007091	2.819222	-0.012620	0.609839
3.322575	0.636930	-0.036765	3.263599	-0.001796	0.703491
2.101773	0.460795	-0.003177	2.220538	0.009028	0.393392
1.307467	0.382875	0.002577	1.495382	0.003579	0.294144
2.778698	0.585302	-0.005018	2.871470	-0.023629	0.644916
1.622216	0.387084	0.012720	1.705896	-0.013577	0.328863
1.098898	0.329669	-0.000000	1.098898	-0.000000	0.219780
1.933156	0.432118	0.006387	1.745771	0.005332	0.364734
3.011154	0.591224	0.039757	2.904176	0.004327	0.625650
1.737251	0.440935	-0.022533	1.961098	0.001284	0.380490
3.107524	0.670775	-0.022027	3.220706	-0.020290	0.762589
1.502578	0.383547	0.019110	1.352520	0.030138	0.306419
2.263677	0.478900	-0.020280	1.957406	0.002044	0.457136
2.743023	0.602760	-0.038175	2.753597	-0.003077	0.642922
1.799621	0.433308	0.003202	1.801690	-0.005952	0.364694
1.979664	0.451315	0.003098	1.864700	-0.003861	0.407951
2.235194	0.503038	-0.007086	2.388633	-0.008035	0.478557
1.463204	0.394958	-0.004419	1.827645	0.007616	0.311259
2.807753	0.581527	0.014600	2.840841	-0.021207	0.597164
2.418850	0.487621	0.006286	2.256916	-0.009744	0.458408
1.203404	0.352362	-0.001251	1.280021	0.000649	0.245682
1.847917	0.419080	0.034371	1.596800	0.036279	0.371553
1.458209	0.375288	0.004095	1.359312	0.006911	0.279705
2.399852	0.533908	-0.011466	2.642917	0.027422	0.532052
1.727342	0.425026	-0.008967	1.544296	-0.002904	0.343713
2.853412	0.584805	0.010397	2.817516	-0.013422	0.609806
2.628257	0.540972	-0.037471	2.430596	-0.021488	0.536013
2.640167	0.521336	-0.031194	2.308850	-0.012689	0.506118
1.375268	0.355890	-0.026269	1.347959	-0.003891	0.268769
1.258833	0.361802	-0.034444	1.389629	-0.035527	0.293707
1.098898	0.329669	-0.000000	1.098898	-0.000000	0.219780
2.238570	0.485082	-0.014105	2.145536	-0.011882	0.433819
1.456032	0.377280	0.004017	1.647766	0.001363	0.284572
1.882718	0.469992	-0.011516	2.108033	0.000830	0.435677
1.224925	0.363050	-0.004004	1.334880	0.000296	0.257768
2.882976	0.563073	-0.009540	3.094879	0.000449	0.602526
2.257067	0.515931	0.016120	2.259489	0.000983	0.502710
1.790658	0.411158	0.003673	1.700504	0.028101	0.332938
1.307696	0.376771	-0.000867	1.505294	0.002664	0.280005
1.974258	0.457224	0.001482	2.258620	0.032804	0.423485
2.346810	0.496936	0.007190	2.359489	-0.007740	0.474963
1.718836	0.434594	0.021611	1.686115	0.014445	0.371482
1.357659	0.368297	-0.004664	1.351468	0.000074	0.267469
2.782745	0.619725	-0.025632	3.101968	-0.007288	0.674016
1.456077	0.378336	-0.005994	1.438522	-0.010560	0.289683
1.098898	0.329669	-0.000000	1.098898	-0.000000	0.219780
1.350536	0.387019	-0.005769	1.371730	-0.001960	0.289865
2.690462	0.585416	-0.013098	3.059969	-0.021535	0.609806
3.365130	0.691015	-0.008944	3.710092	-0.014787	0.808117
1.500166	0.380126	-0.005365	1.484790	-0.002710	0.283620
1.586204	0.425199	0.017280	1.644164	0.009210	0.354922
3.072090	0.614960	-0.005307	2.990716	-0.004630	0.652127
1.937674	0.434962	0.006690	1.854205	0.001879	0.387185
1.697311	0.424487	-0.010229	1.708410	-0.011157	0.340859
1.126142	0.335385	0.000296	1.188824	-0.000227	0.230223
1.975279	0.462071	0.000604	2.177278	0.011870	0.401890
1.926436	0.435166	-0.000180	1.842192	0.009772	0.373469
1.987701	0.447360	0.013721	2.070802	-0.000543	0.387952
2.812402	0.614665	0.009269	2.948952	0.031507	0.666663
1.358246	0.381114	-0.001751	1.544823	0.001869	0.279821
3.011995	0.577386	-0.031508	2.910874	-0.000233	0.601961
1.307530	0.376966	0.004861	1.467156	-0.000876	0.283313
3.302613	0.666065	-0.009088	3.349461	0.006971	0.771475
2.196251	0.494454	-0.011287	2.486039	0.008563	0.455280
3.576190	0.678303	-0.021187	3.471325	0.006637	0.819779
2.797205	0.612225	-0.022073	3.314741	0.003220	0.633138
1.271627	0.350097	0.001683	1.253700	-0.000069	0.243873
2.753420	0.609460	0.007567	3.200430	-0.018333	0.672103
3.140864	0.651468	0.016114	3.077913	0.003527	0.742433
2.441698	0.519037	0.018324	2.273589	0.025830	0.481448
3.298821	0.691321	-0.005105	3.202380	0.026331	0.774516
1.584666	0.386084	-0.000023	1.559780	0.001612	0.300477
1.644669	0.386919	-0.007566	1.531807	-0.004454	0.304969
3.147904	0.682476	-0.022785	3.065353	-0.004991	0.771007
1.451460	0.392641	-0.007840	1.540730	-0.016095	0.309842
2.509694	0.518010	0.033116	2.242362	-0.010535	0.491840
2.179080	0.451391	-0.014629	2.136146	-0.004383	0.404961
1.526012	0.390177	-0.001996	1.535975	-0.003949	0.303783
2.560176	0.536849	0.009525	2.777513	0.015157	0.539065
2.450303	0.577317	0.013637	2.731651	0.006995	0.587820
2.562742	0.524052	-0.006958	2.263221	-0.001168	0.512094
1.647471	0.449659	0.028868	1.935164	0.012114	0.396881
2.912369	0.640854	-0.024592	3.129205	0.000330	0.711748
2.787791	0.596036	-0.025913	2.750591	-0.002181	0.583812
1.642280	0.397664	-0.026295	1.663403	-0.004970	0.323906
2.797663	0.612850	-0.011434	2.805182	-0.027847	0.641997
2.616815	0.553357	0.027876	2.611204	-0.014927	0.547268
2.059062	0.468956	-0.010187	2.055710	-0.006522	0.409233
2.028659	0.443901	-0.006313	1.880245	0.015187	0.390684
1.662483	0.428103	-0.023604	1.695319	-0.030735	0.368259
1.648624	0.407928	0.011506	1.660259	0.002110	0.326392
2.338926	0.580335	-0.030179	2.572325	0.009163	0.607700
1.379870	0.387798	0.012148	1.536856	0.002594	0.316641
2.900721	0.560361	0.005617	2.497227	-0.003975	0.578080
1.656401	0.417288	-0.016133	1.816082	0.002562	0.328104
1.279015	0.361919	0.000480	1.315106	0.000535	0.257474
2.712365	0.598844	0.017403	2.520045	0.024849	0.626443
1.534325	0.404878	-0.002408	1.391643	-0.003854	0.309035
2.870811	0.591276	0.040105	2.888326	-0.001065	0.620248
1.333491	0.354467	-0.000885	1.197349	0.001725	0.251951
1.204923	0.332675	-0.000271	1.212546	0.000582	0.227115
3.499943	0.682111	0.005140	3.119379	-0.038438	0.729849
2.587079	0.505499	0.013084	2.451966	0.004251	0.485104
2.284384	0.515373	0.020217	2.447515	0.007144	0.537129
2.880391	0.569744	0.024302	2.840085	0.016795	0.605470
3.112389	0.646931	0.011898	2.913495	0.002171	0.699664
2.513499	0.525534	0.015028	2.336495	-0.017606	0.519804
2.203230	0.507701	0.007542	2.199629	0.034701	0.525954
1.130513	0.338099	0.000057	1.226644	-0.000470	0.229909
1.531149	0.397220	0.027015	1.574471	0.032009	0.338163
1.111055	0.333073	0.000003	1.111103	-0.000005	0.223178
1.491159	0.388796	0.005650	1.644661	0.001128	0.300978
1.812663	0.450747	-0.004789	1.926787	0.005366	0.380293
2.643257	0.559481	-0.008671	2.913151	-0.025636	0.576270
1.164745	0.347491	-0.000428	1.162765	-0.000175	0.240584
1.362333	0.370282	0.003082	1.347032	-0.000775	0.277633
1.932075	0.447648	-0.002026	1.858759	-0.000408	0.404559
3.330931	0.630544	0.019950	3.135143	0.000274	0.704515
1.388152	0.347934	0.001464	1.175028	0.000641	0.246400
1.176495	0.350955	-0.001122	1.174725	-0.000375	0.241543
2.755651	0.593383	-0.000691	2.617749	-0.000238	0.652140
1.136371	0.339940	-0.000261	1.135827	0.000238	0.229595
2.705912	0.586338	-0.014977	2.719516	0.021594	0.581656
2.126138	0.468167	-0.029692	2.206769	-0.020962	0.435309
1.856067	0.424055	0.001058	1.769249	-0.001567	0.345468
2.602663	0.515947	-0.011130	2.451940	-0.001253	0.487131
1.693178	0.426020	-0.014514	1.660401	-0.026217	0.376143
1.773118	0.417676	-0.001910	1.865136	-0.008496	0.333686
1.167209	0.347653	-0.003878	1.163090	-0.001866	0.241500
2.784034	0.578023	-0.001297	2.846143	0.027161	0.600924
2.687353	0.570320	-0.003571	2.877170	0.004841	0.559121
2.106836	0.472987	0.019856	1.995584	-0.001614	0.440166
1.350327	0.372995	-0.001818	1.465588	-0.000896	0.274538
2.983324	0.643672	0.006626	3.134149	0.014705	0.707774
1.603710	0.413352	0.015070	1.576308	0.029683	0.354630
1.123032	0.335186	-0.000192	1.289585	-0.000346	0.230041
2.739822	0.609392	0.000367	2.910315	-0.029471	0.661376
2.241672	0.485642	0.001799	2.006343	-0.016626	0.460346
1.979754	0.471911	0.003675	2.019170	-0.020700	0.450478
3.086796	0.671001	0.004609	3.486586	-0.024774	0.743685
1.955213	0.433947	-0.007038	1.854924	-0.006720	0.380786
2.297586	0.502173	-0.023920	2.516073	-0.015675	0.470436
2.303740	0.513079	0.002278	2.205558	-0.002907	0.465496
1.614551	0.402688	0.002184	1.544846	-0.003466	0.308187
2.469219	0.530134	0.010185	2.389055	-0.009502	0.525845
2.879229	0.571132	-0.026579	2.486256	-0.032300	0.570418
1.736924	0.407369	-0.011435	1.713189	-0.035962	0.356960
1.341086	0.368279	-0.006115	1.345426	-0.002545	0.270913
2.247473	0.489975	-0.017102	2.127445	-0.033998	0.471226
2.947328	0.593946	0.006519	2.803689	0.004735	0.602843
2.030355	0.490036	0.025809	2.145396	-0.008386	0.462816
1.110968	0.333057	0.000043	1.111217	0.000022	0.222953
1.098898	0.329669	-0.000000	1.098898	-0.000000	0.219780
2.516665	0.543524	-0.001299	2.480041	0.013920	0.521096
1.465415	0.386947	0.003625	1.530150	0.001227	0.288360
3.095881	0.625677	-0.035864	2.862218	-0.006259	0.678439
1.211026	0.351373	0.000140	1.270478	-0.000279	0.246735
1.716938	0.440771	0.007597	1.772659	0.000234	0.365932
2.763760	0.655546	-0.014896	3.216102	-0.037210	0.696270
1.171894	0.347597	-0.000097	1.296627	-0.000093	0.240509
1.582411	0.383099	-0.003677	1.621974	-0.006974	0.297632
1.855662	0.424148	-0.029210	1.623605	-0.003517	0.380139
1.137368	0.340674	0.000004	1.176687	-0.000059	0.230378
1.278755	0.371772	-0.000315	1.537821	-0.002423	0.273093
2.198970	0.514750	-0.009150	2.395825	-0.029331	0.485308
3.461195	0.640406	-0.005977	3.158425	0.019060	0.751106
1.140232	0.339305	-0.000322	1.326282	-0.000929	0.233449
1.866936	0.418982	0.005190	1.570031	0.010593	0.355765
3.331959	0.660895	0.029634	3.207608	-0.008977	0.749267
2.862335	0.601512	0.000353	2.808201	-0.028547	0.641538
1.386205	0.406368	-0.005294	1.566321	-0.004644	0.313242
2.723151	0.579174	-0.004235	3.146178	-0.024345	0.617502
1.443389	0.363192	-0.001905	1.436353	-0.005798	0.267421
1.254192	0.366814	0.002335	1.466450	-0.004290	0.264134
1.546464	0.409002	-0.010409	1.636071	-0.022851	0.331270
1.695170	0.408384	0.000286	1.704129	-0.018289	0.370033
1.813043	0.445869	-0.026417	1.748983	-0.007641	0.379056
2.391454	0.551342	-0.003814	2.456356	0.015777	0.589066
1.656229	0.439242	0.007717	1.970396	0.012862	0.375755
1.949311	0.460264	0.020787	1.827396	0.024727	0.388726
2.004639	0.443212	-0.005974	1.872430	-0.019034	0.414591
1.494895	0.410364	0.002412	1.560669	0.002454	0.324690
3.046341	0.597499	0.033092	3.208825	-0.005241	0.647560
1.872333	0.429221	-0.012116	1.805972	-0.004542	0.354160
1.413052	0.364133	-0.000204	1.241048	-0.004619	0.261399
2.751069	0.584756	0.006722	2.690784	0.016683	0.591170
2.769445	0.655146	0.011938	2.971873	0.037986	0.729235
3.127580	0.609242	0.013998	3.192603	0.012324	0.676368
2.163335	0.461819	-0.017696	1.970038	-0.000940	0.415555
2.269447	0.501075	0.017329	2.259508	0.014559	0.448927
2.781922	0.597526	0.039486	2.886940	0.001984	0.638647
2.160157	0.465993	0.002570	1.915298	-0.010592	0.427504
1.931477	0.427540	-0.003541	1.782909	-0.010077	0.352083
1.151412	0.343041	-0.000584	1.152343	-0.000639	0.234793
2.278321	0.482566	0.012641	2.308456	-0.003313	0.432317
2.812630	0.579657	-0.029933	2.986549	0.002837	0.617639
1.666165	0.399370	0.002479	1.534644	-0.001900	0.313396
2.162015	0.430076	0.027290	1.812068	0.009964	0.387886
2.191555	0.534563	0.014938	2.390753	0.021828	0.529465
1.513732	0.389854	-0.010181	1.360104	-0.010856	0.310064
2.575229	0.564513	-0.026285	2.760605	-0.005740	0.576950
3.121034	0.638873	-0.025930	3.357607	-0.002213	0.691494
1.165882	0.334001	-0.000010	1.112869	-0.000032	0.223873
1.208331	0.347051	-0.000534	1.165017	0.000700	0.238024
2.903776	0.633395	-0.028437	2.552564	-0.008156	0.690963
1.248701	0.340590	0.000398	1.245400	-0.000957	0.241990
1.921097	0.470276	0.007051	2.009292	0.006638	0.409434
2.261398	0.462344	-0.015531	2.003792	-0.031525	0.416563
2.315915	0.529995	-0.011302	2.480539	0.020443	0.536021
1.727214	0.415589	-0.007072	1.656589	-0.008268	0.328451
1.913948	0.463837	-0.015025	1.857980	0.009071	0.408797
1.539054	0.407740	0.000865	1.509202	-0.003468	0.313074
1.098898	0.329669	-0.000000	1.098898	-0.000000	0.219780
2.688183	0.607469	-0.001821	3.002028	-0.040035	0.647294
1.592865	0.391468	-0.027058	1.472981	-0.039141	0.329300
1.150586	0.344518	-0.001583	1.190974	-0.001354	0.235134
1.111186	0.333029	-0.000012	1.111097	-0.000036	0.223028
1.268609	0.336591	0.001009	1.133539	-0.000514	0.232063
1.841945	0.468447	-0.020730	2.094546	-0.018666	0.422444
2.865382	0.605231	0.031435	2.963617	-0.002452	0.668671
1.213727	0.336572	0.000281	1.200332	0.000036	0.227513
1.955961	0.474803	0.027440	2.038808	0.012363	0.418246
1.620162	0.372449	-0.007133	1.480787	-0.000106	0.280618
2.899366	0.557542	-0.003492	2.483989	-0.018585	0.559390
1.334822	0.374352	0.004283	1.473346	0.005926	0.283857
2.759473	0.527141	0.021350	2.443933	-0.018536	0.527001
1.715827	0.440400	0.034282	1.760353	0.021244	0.409600
3.248919	0.688224	-0.026388	3.392966	0.011971	0.778210
2.583604	0.519125	0.015113	2.230738	0.002699	0.485439
2.120571	0.467955	-0.028442	2.408192	0.029446	0.457962
1.918395	0.459139	0.004706	1.894848	0.001959	0.391375
2.063188	0.442564	0.015965	2.009558	-0.009423	0.389225
1.953557	0.470387	-0.025805	1.938810	-0.006866	0.420660
2.049016	0.479422	-0.011339	2.040500	-0.024820	0.439226
2.473098	0.552944	0.003128	2.637896	-0.012075	0.531290
2.250678	0.497486	-0.023125	2.239249	-0.011920	0.465749
1.135188	0.340053	-0.000270	1.136714	-0.001980	0.230407
2.972659	0.644736	-0.035570	3.230780	-0.037751	0.728450
1.178242	0.350344	0.000089	1.177028	0.001123	0.242257
2.733992	0.596761	-0.020608	2.790240	0.020735	0.621450
2.652145	0.562562	-0.011356	2.786349	0.019278	0.582635
1.737159	0.408664	-0.001958	1.662469	0.004613	0.330634
2.238389	0.512141	-0.035916	2.348426	-0.020018	0.505325
1.453974	0.384449	-0.001472	1.457837	0.004419	0.283852
2.291937	0.519883	0.017723	2.244846	0.040195	0.516610
3.036506	0.616114	-0.015898	3.154014	-0.039856	0.685197
1.262033	0.365162	0.002182	1.354886	-0.000181	0.275457
1.111057	0.333061	-0.000023	1.111057	-0.000022	0.223054
1.458403	0.367379	-0.016659	1.558636	-0.003487	0.279417
2.324256	0.495762	-0.011929	2.397871	-0.001515	0.476889
2.275842	0.489362	-0.002708	2.466920	-0.002110	0.449563
2.799099	0.618152	0.008954	3.130195	-0.020832	0.662381
2.897335	0.647677	-0.004072	3.299385	-0.019002	0.749327
2.319980	0.539736	-0.017098	2.659474	-0.014972	0.549515
2.131845	0.479696	-0.014728	1.951780	-0.011210	0.448743
2.711670	0.573841	0.005279	2.763685	-0.010160	0.610346
2.690524	0.555239	0.023347	2.697247	-0.008771	0.599743
1.902609	0.450820	-0.013333	2.025659	0.009732	0.442863
1.640302	0.383051	-0.002963	1.492263	-0.005422	0.318637
2.291677	0.566808	0.017410	2.520297	0.037110	0.544362
2.139350	0.483880	0.039676	1.973963	0.008460	0.435193
1.763521	0.412901	0.020117	1.609341	0.036027	0.382607
1.312671	0.357941	0.000558	1.212693	0.001478	0.251527
2.506895	0.521856	0.010905	2.718694	-0.006486	0.520093
2.026555	0.478235	-0.006297	2.332943	0.008055	0.442668
2.923713	0.593155	-0.019778	2.668891	0.002692	0.651412
1.384278	0.384903	0.002004	1.425186	-0.003159	0.284265
3.045035	0.589052	-0.000354	2.833744	-0.009805	0.644365
2.175144	0.500106	-0.004732	2.135243	-0.013667	0.476786
2.071457	0.473012	-0.007090	2.066947	-0.005563	0.428521
3.353185	0.709615	-0.004362	3.418675	0.001190	0.821230
1.541223	0.369778	-0.000712	1.523838	0.004718	0.283095
1.391050	0.350633	0.000668	1.337126	-0.001944	0.248397
1.978637	0.431681	-0.016544	2.075878	-0.013543	0.360216
3.084996	0.640470	0.007565	2.960093	-0.022149	0.683058
1.644535	0.411874	-0.009884	1.532150	0.002011	0.324417
2.513589	0.567118	-0.033212	2.715199	-0.010433	0.583636
3.153237	0.655524	-0.022512	3.365813	0.008176	0.758324
1.490981	0.380769	-0.016213	1.417266	-0.006156	0.292072
3.103629	0.638522	0.005387	2.983159	-0.000083	0.708030
3.004135	0.607863	0.022490	2.985647	0.005990	0.652223
2.431422	0.531466	-0.012637	2.438584	-0.020985	0.507926
1.671247	0.426297	-0.004006	1.699406	0.012486	0.377749
1.730092	0.425357	0.012023	1.626426	0.022957	0.363313
2.345640	0.569011	0.020654	2.966710	-0.015363	0.577763
2.261323	0.457214	0.001184	2.003030	-0.003023	0.402433
1.688438	0.406590	0.029167	1.587656	0.026287	0.353917
3.206814	0.673880	0.016276	3.369616	-0.034126	0.803446
2.095878	0.504988	0.003829	2.143541	-0.003940	0.454216
1.228963	0.342128	-0.016210	1.161584	-0.016554	0.250922
3.373111	0.675647	0.030333	3.160176	0.001652	0.759217
2.025049	0.514666	-0.016226	2.341884	0.012842	0.471269
1.688920	0.386390	0.007216	2.014330	0.030113	0.327312
1.675430	0.437198	0.005089	1.634511	0.005873	0.375742
2.234155	0.500837	0.002961	2.298567	-0.023092	0.470317
2.438514	0.522523	0.004978	2.287938	-0.029326	0.503669
2.972525	0.599810	0.006996	2.704815	0.026077	0.634455
3.396776	0.690685	-0.019848	3.403630	-0.038407	0.768049
2.177972	0.527609	-0.031917	2.311470	-0.015835	0.512658
3.190458	0.635807	0.002678	3.063230	0.006737	0.678573
1.483982	0.388732	0.000159	1.519506	-0.006520	0.290699
1.307583	0.367825	-0.002768	1.459476	0.005484	0.277261
1.766789	0.427139	-0.004478	1.818451	0.003499	0.350431
2.211452	0.461954	-0.037798	1.998802	-0.007753	0.436791
1.621532	0.407868	-0.039879	1.502496	-0.017454	0.353507
1.193780	0.342381	0.000054	1.240219	0.000318	0.233502
1.256947	0.369927	-0.002207	1.501647	0.001142	0.266732
1.185127	0.351700	-0.001092	1.386824	-0.000561	0.250079
2.706947	0.564507	0.019245	2.935501	-0.027891	0.572780
2.919427	0.620018	-0.025985	3.320183	0.036498	0.733604
1.715739	0.427367	-0.006204	1.984498	-0.028288	0.366349
3.255442	0.646423	-0.002372	2.996520	0.002518	0.724478
1.189456	0.353599	-0.001038	1.196778	0.000616	0.246833
2.168532	0.486405	-0.009881	2.201707	-0.015404	0.448896
1.123026	0.336533	-0.000124	1.123266	-0.000188	0.226547
2.162099	0.481141	-0.003282	2.043566	0.025071	0.474199
2.375514	0.509373	-0.006441	2.191261	-0.011731	0.500789
2.961734	0.589855	-0.002721	2.765382	-0.018680	0.626083
1.725291	0.381959	0.005315	1.553410	-0.000989	0.322161
2.246013	0.478274	0.019127	2.164659	0.006699	0.428082
2.539838	0.520872	0.004308	2.392568	0.004192	0.505307
1.224354	0.337984	-0.000460	1.131442	0.000177	0.229613
1.378253	0.392388	0.004702	1.586254	-0.002667	0.299096
1.261423	0.356332	-0.000704	1.196330	-0.002562	0.250410
3.171223	0.681216	0.031228	3.385046	-0.000814	0.784251
2.114542	0.442392	0.007003	1.668013	-0.010581	0.389395
1.545155	0.398249	-0.005635	1.583432	-0.007403	0.306391
1.554860	0.382370	0.001203	1.570254	0.000320	0.296273
1.793666	0.433607	-0.031243	1.854835	-0.036534	0.380440
3.373054	0.678619	-0.009800	3.216292	-0.005440	0.763061
2.350131	0.553331	0.027575	2.398809	-0.000015	0.563790
2.607549	0.564563	0.013740	2.535688	0.005005	0.571245
2.040517	0.495958	0.012297	2.174351	0.025395	0.447976
2.608256	0.568946	0.027794	2.604186	-0.022254	0.598852
2.101078	0.491276	0.002146	2.303877	-0.001930	0.452927
1.432552	0.371641	0.002215	1.361050	0.005199	0.277613
1.302369	0.338940	0.000113	1.186449	0.000105	0.238447
2.728150	0.574260	0.018208	2.557330	0.007650	0.605905
1.831264	0.441020	0.007801	1.817850	0.001503	0.374415
2.521361	0.528197	0.023060	2.410140	0.004883	0.518968
1.819866	0.460301	-0.007712	2.089933	-0.017371	0.416229
1.957340	0.504908	0.022335	2.370790	0.035183	0.474417
1.526708	0.400187	0.005156	1.647969	0.002920	0.309720
1.501187	0.396148	-0.007865	1.557894	-0.001275	0.301235
1.234173	0.347583	0.001202	1.290211	0.001707	0.247489
1.209828	0.355874	-0.001577	1.421281	0.000258	0.255275
1.198979	0.349920	0.002578	1.282166	0.004222	0.252736
1.594935	0.375498	-0.005205	1.372387	0.002798	0.282159
3.161663	0.622519	-0.011558	3.197978	-0.033012	0.693560
2.122082	0.459564	0.020856	1.910459	0.020362	0.410935
1.818886	0.410969	0.014154	1.683065	0.014497	0.338816
2.038007	0.512722	-0.016172	2.274108	0.009890	0.498603
2.346596	0.506817	-0.030244	2.160157	0.005517	0.475729
2.715131	0.542908	-0.024429	2.484584	-0.001207	0.519277
2.183011	0.489928	-0.016710	2.235008	-0.018097	0.465725
1.685471	0.391018	-0.013373	1.810468	-0.008444	0.310262
2.420348	0.546697	0.036379	2.428375	-0.006256	0.526921
1.637522	0.403978	-0.008666	1.720434	-0.004546	0.312099
1.179795	0.348781	0.000822	1.184724	-0.001169	0.243892
1.381588	0.345914	-0.002890	1.253438	-0.001320	0.243946
1.359705	0.386684	-0.003808	1.575299	0.004668	0.286577
2.951919	0.628409	-0.036906	3.020750	-0.031406	0.709275
1.262147	0.368182	-0.001275	1.600085	-0.000223	0.268140
2.075796	0.460626	-0.013130	2.123116	0.005429	0.427579
1.723774	0.431405	-0.009747	1.853234	0.006372	0.366345
2.270326	0.465850	0.001987	1.966601	-0.009713	0.416223
1.527114	0.398536	0.008248	1.517449	-0.008543	0.316569
1.537337	0.379575	-0.002607	1.365749	-0.002637	0.282047
1.300404	0.377274	-0.000176	1.380731	0.003129	0.279976
2.327292	0.514125	-0.005179	2.447993	-0.028666	0.491235
3.308824	0.653676	-0.028843	3.443518	0.015261	0.761404
2.331498	0.526386	0.002621	2.839777	0.031934	0.523691
2.547780	0.566630	0.002801	2.544833	0.038715	0.606265
1.433287	0.409509	0.002852	1.757579	0.002657	0.316078
1.414402	0.399222	-0.004357	1.580709	-0.005228	0.307494
2.080624	0.475078	-0.014573	2.036487	-0.016515	0.431199
3.196082	0.600790	-0.000299	2.860113	-0.021667	0.641258
1.342397	0.358431	0.005096	1.197713	0.001179	0.252378
1.286572	0.358755	0.002415	1.288400	0.006259	0.258677
2.881732	0.631289	-0.023567	3.027719	-0.006406	0.700366
1.676254	0.389573	-0.002325	1.371598	-0.001890	0.290942
2.360732	0.540348	-0.003345	2.483951	-0.015041	0.552104
2.007127	0.488915	-0.004366	2.179249	-0.015911	0.425891
3.482493	0.636998	0.014959	3.115858	0.027189	0.712949
1.184821	0.350007	0.000361	1.176969	-0.000531	0.243892
2.370168	0.489266	0.002021	2.080974	-0.016944	0.458733
2.615941	0.536251	-0.010577	2.319730	0.013944	0.530815
1.942300	0.484562	-0.023175	2.007143	-0.027235	0.458962
1.112254	0.332719	-0.000080	1.115209	0.000065	0.224695
3.079515	0.661103	-0.008369	3.346065	-0.000121	0.760409
2.775061	0.605795	-0.023630	2.835730	-0.000878	0.635582
2.739820	0.577721	-0.039986	2.590058	-0.002870	0.613014
1.546028	0.420223	-0.001989	1.933024	-0.017821	0.354698
2.045235	0.468156	0.016237	2.039875	0.004436	0.414171
2.171928	0.491533	-0.005790	2.069514	0.031511	0.479686
3.146704	0.639670	0.000694	2.881337	0.033889	0.681566
1.310836	0.353683	0.011094	1.302862	0.013488	0.262872
2.031957	0.478875	0.025299	2.126013	0.012443	0.440709
2.186963	0.469280	0.005390	2.030722	0.003891	0.404680
1.183574	0.347527	-0.000066	1.257277	0.000156	0.244197
2.730526	0.587961	-0.020873	2.953791	-0.009900	0.618978
1.712339	0.443007	-0.037694	1.660149	-0.017447	0.377420
1.832372	0.399695	0.006378	1.569073	0.004248	0.322844
1.423414	0.374371	-0.002092	1.467937	-0.001896	0.292657
1.747169	0.406387	-0.016913	1.732553	-0.011596	0.330816
1.098898	0.329669	-0.000000	1.098898	-0.000000	0.219780
2.586629	0.590995	0.004007	2.807749	0.011790	0.630902
1.220539	0.356070	0.000689	1.292145	0.002235	0.248527
2.710883	0.567604	0.017853	2.460082	-0.013529	0.583245
2.411287	0.493370	0.013618	2.231379	0.013541	0.452637
1.165754	0.347056	-0.000388	1.424976	-0.000114	0.240574
2.060999	0.487747	-0.024459	2.108100	-0.007649	0.429379
1.248547	0.359961	-0.001983	1.336558	0.000404	0.254395
2.898695	0.593673	-0.000385	3.059831	-0.000528	0.646565
1.217573	0.357515	0.000103	1.219032	-0.001461	0.256269
1.149176	0.333982	0.000002	1.112162	-0.000022	0.223572
2.706563	0.567656	0.003471	2.707608	0.038388	0.586833
2.231055	0.487556	-0.004089	2.049391	0.005251	0.459893
1.723468	0.435550	-0.006000	1.787415	-0.023852	0.358367
1.659584	0.442158	-0.016194	1.943513	0.005515	0.376380
2.579705	0.560279	-0.026461	2.220554	-0.035385	0.561185
2.132788	0.457986	-0.036781	2.004376	-0.027264	0.407807
2.267807	0.482907	-0.017907	2.062569	0.012923	0.433754
1.620880	0.398811	0.002333	1.656432	0.000987	0.316056
3.114698	0.648358	0.020290	3.527062	-0.004962	0.720013
1.945453	0.418716	-0.011430	1.751705	-0.007584	0.347528
1.423421	0.383833	0.002349	1.437495	0.002139	0.292653
2.928356	0.572958	0.001175	2.566502	-0.035587	0.608560
1.098898	0.329669	-0.000000	1.098898	-0.000000	0.219780
1.916745	0.445798	0.023647	1.856718	0.025436	0.396943
2.175621	0.478534	-0.019869	2.023088	-0.022760	0.405934
1.120329	0.335007	-0.000096	1.215660	-0.000058	0.227693
1.202245	0.356077	0.002582	1.405970	0.002357	0.253125
1.408106	0.362963	0.006504	1.323799	0.001967	0.266102
2.312775	0.516992	0.011095	2.306547	0.013656	0.484980
1.911593	0.437544	0.021051	1.803755	0.024574	0.370018
1.681758	0.415625	0.008169	1.634957	0.003297	0.337592
3.100266	0.617671	-0.031716	3.108356	-0.014940	0.652103
2.375239	0.473136	0.024606	2.200069	0.019073	0.414034
2.621039	0.528572	0.012660	2.211882	0.022526	0.508534
1.767322	0.429148	0.000715	2.106241	0.003186	0.347175
3.655791	0.741117	0.001739	3.563436	-0.004767	0.875843
1.429666	0.368574	0.002762	1.353800	0.002008	0.268362
1.123562	0.336567	0.000037	1.123286	0.000017	0.226660
2.544459	0.526723	0.001259	2.272522	-0.018295	0.530997
1.864099	0.451283	-0.001616	1.975413	0.005602	0.392040
2.784168	0.585628	-0.001442	3.007956	0.020424	0.640110
2.317088	0.501024	-0.007301	2.319796	0.005686	0.484202
1.754977	0.404931	0.001155	1.460927	-0.004181	0.319073
3.303699	0.637198	-0.004933	2.851339	0.014477	0.698262
2.246872	0.545548	0.007519	2.455727	-0.026265	0.543746
1.649167	0.412778	-0.014132	1.832550	0.008794	0.331666
3.731704	0.720522	-0.014010	3.385328	0.012994	0.854587
1.893088	0.455510	-0.013587	2.029586	0.002146	0.389837
1.799419	0.414265	0.004624	1.748531	-0.005347	0.354461
2.263905	0.486593	0.007150	2.124546	0.022288	0.437061
2.707853	0.609213	0.004822	3.126648	0.019153	0.653907
3.190319	0.638195	0.000500	3.236879	0.013005	0.729049
1.607756	0.400668	-0.001828	1.558503	0.005092	0.310990
3.057009	0.598680	0.001450	2.927655	-0.019918	0.655532
1.770560	0.420388	0.015525	1.791968	-0.002829	0.358638
1.544559	0.392650	0.011027	1.488758	0.005133	0.304813
1.098898	0.329669	-0.000000	1.098898	-0.000000	0.219780
2.236029	0.511174	0.036250	2.494600	0.013766	0.503536
2.351696	0.508674	-0.016380	2.330181	0.007938	0.486004
1.944973	0.415411	-0.000540	1.786248	0.001433	0.327645
1.655780	0.445765	-0.005803	1.897442	-0.037092	0.395914
1.285693	0.373950	-0.003102	1.319782	-0.002730	0.272064
2.956109	0.648449	0.011248	2.968339	0.014081	0.690206
3.425348	0.659997	-0.020480	3.202194	0.021447	0.726354
1.334810	0.386833	-0.008485	1.465024	0.004652	0.294988
2.056300	0.459578	0.002800	2.336909	0.004176	0.407694
1.701074	0.429025	0.036116	1.680694	0.022123	0.378506
2.921605	0.616277	-0.031070	3.001992	0.011398	0.664848
1.419982	0.368108	-0.002287	1.249358	-0.000596	0.270330
2.217034	0.488368	-0.038570	2.111116	-0.002161	0.471482
1.737614	0.403370	0.016218	1.735405	-0.001253	0.328435
1.354299	0.353338	-0.000441	1.294995	0.001160	0.252489
3.064566	0.664935	-0.008515	3.259829	0.036432	0.753503
2.576817	0.506173	-0.020948	2.413127	0.036096	0.503868
2.997309	0.592531	0.003003	2.709561	0.034944	0.634586
1.163210	0.345352	-0.000159	1.278738	-0.000750	0.241194
2.419753	0.525540	0.017979	2.381807	-0.001798	0.506534
1.177979	0.349612	0.003068	1.263016	0.002314	0.244488
1.978676	0.451712	-0.035359	1.952477	-0.011672	0.415299
1.884970	0.452134	0.000240	1.945858	0.000905	0.381313
2.591642	0.554245	0.002062	2.410500	0.013318	0.548435
2.468203	0.542518	-0.009350	2.471387	0.011367	0.529717
2.267652	0.493506	-0.000979	1.998950	0.007876	0.453052
1.325466	0.346898	-0.024336	1.229194	-0.005536	0.252811
1.281536	0.377436	0.003711	1.359586	-0.001182	0.275732
1.111169	0.333036	0.000025	1.111205	0.000041	0.223174
2.666730	0.549711	0.002191	2.539719	0.019627	0.562123
3.133752	0.647540	-0.007922	3.165692	0.038838	0.719356
2.250039	0.520721	-0.026703	2.321342	0.037735	0.513335
2.641270	0.625526	-0.036816	2.847918	0.034458	0.662133
1.425412	0.387118	-0.019770	1.337765	0.029051	0.321858
1.704718	0.387929	0.003316	1.487024	0.007588	0.300671
2.128729	0.456161	0.014976	1.927647	-0.033431	0.443952
2.678262	0.541050	0.020596	2.523320	0.005482	0.530813
2.382055	0.511375	0.008860	2.484085	-0.031045	0.508592
1.145850	0.339562	-0.002876	1.144033	-0.001387	0.235635
2.609816	0.571793	0.028121	3.000237	0.006146	0.594569
3.300627	0.635964	0.021273	2.942958	-0.000444	0.679068
1.817145	0.434846	-0.002211	1.656903	-0.001515	0.359173
1.175911	0.350039	0.000945	1.177605	-0.000496	0.240296
2.432513	0.495693	0.025049	2.090971	0.016536	0.467278
3.129406	0.625035	0.016273	2.655674	0.008268	0.656083
1.098898	0.329669	-0.000000	1.098898	-0.000000	0.219780
2.369962	0.523228	-0.017798	2.023035	0.013217	0.515519
1.445392	0.393870	0.000868	1.628596	-0.006209	0.308394
1.286894	0.352341	-0.000603	1.359169	-0.007651	0.256120
1.871123	0.452623	-0.013206	1.768413	-0.005767	0.379253
3.062915	0.636193	0.012089	3.265266	0.005180	0.700186
1.191855	0.354077	-0.000852	1.190243	-0.000465	0.244835
3.192240	0.638509	0.000568	2.939647	-0.000023	0.761782
1.517579	0.372357	0.003903	1.445575	0.000418	0.279603
2.437622	0.471944	0.014709	1.882822	-0.034021	0.455872
1.539892	0.389198	0.023600	1.478077	0.007775	0.311576
2.553582	0.547673	0.001205	2.663335	-0.002798	0.525722
1.384147	0.358383	0.001761	1.225526	-0.000048	0.264229
1.490108	0.374811	0.000500	1.501945	0.005452	0.288595
2.048684	0.475162	0.010902	2.156964	-0.000174	0.413898
1.758568	0.420951	-0.010648	1.507027	0.004311	0.328252
1.822606	0.422170	-0.009008	1.880367	-0.018758	0.358028
1.724510	0.393194	0.012936	1.612019	0.003898	0.333295
2.672155	0.537730	-0.024533	2.473834	-0.011153	0.572253
1.385694	0.369847	0.003667	1.766919	0.018299	0.280231
1.484945	0.384117	0.003292	1.538439	-0.001240	0.296554
1.376636	0.365113	-0.002402	1.245212	-0.001375	0.261243
2.141147	0.497968	0.024719	2.422557	-0.014785	0.552253
1.329760	0.375997	-0.004412	1.454698	-0.000932	0.274698
2.078785	0.480511	0.009497	2.197781	0.014485	0.438142
3.458865	0.669107	0.000274	3.246937	0.006465	0.803165
2.358472	0.534086	-0.008950	2.586753	-0.001555	0.510168
1.115870	0.332205	-0.000261	1.125902	-0.000486	0.226799
2.623729	0.528949	-0.008330	2.323402	0.007831	0.507391
2.511471	0.533162	-0.035930	2.537791	-0.017021	0.490730
1.289985	0.359409	0.003925	1.302213	0.001386	0.259827
1.778105	0.427098	-0.012836	1.911172	-0.038167	0.363006
2.294534	0.487693	-0.022382	2.197554	-0.013896	0.445468
1.621606	0.388503	0.006536	1.419851	0.001284	0.294230
1.881497	0.405945	0.006116	1.563379	0.011249	0.312867
2.050701	0.475151	-0.001922	2.122140	-0.023479	0.414297
1.147865	0.341675	-0.000477	1.305422	0.000144	0.235750
1.513180	0.383159	0.006382	1.436194	0.008586	0.299026
1.917255	0.454310	-0.020767	2.030861	-0.032592	0.398077
3.125859	0.623380	0.004883	3.070142	-0.027566	0.690116
1.510457	0.412829	0.005201	1.711772	-0.003513	0.329983
1.098898	0.329669	-0.000000	1.098898	-0.000000	0.219780
1.884188	0.435081	0.008457	2.093303	0.007670	0.369144
2.116384	0.446226	-0.018767	2.027759	-0.007867	0.392376
2.389753	0.551583	-0.033084	2.498720	-0.032340	0.563329
1.234781	0.339559	-0.000187	1.243022	-0.000541	0.236563
2.550085	0.527078	-0.016874	2.299088	0.017582	0.529373
3.130061	0.580305	-0.033561	2.572831	-0.036585	0.621318
2.132311	0.476984	-0.025095	2.039545	-0.038047	0.460072
2.772525	0.562507	-0.016629	2.424416	-0.038471	0.593618
2.230812	0.467761	-0.020277	2.326797	-0.010142	0.415354
2.348733	0.529886	0.030598	2.168580	0.011733	0.534649
2.193258	0.489033	0.006842	2.223891	0.022865	0.468150
2.516216	0.501164	-0.025146	2.011686	-0.030156	0.492851
1.617020	0.440629	0.008690	1.794878	0.011039	0.399209
3.366586	0.718003	-0.017546	3.435582	-0.026290	0.840719
1.302560	0.345612	-0.000476	1.209731	-0.001286	0.247483
2.314221	0.503908	0.033982	2.668725	0.000349	0.527137
1.358624	0.379376	-0.001623	1.328566	0.000845	0.276538
1.352806	0.368559	-0.003551	1.405585	-0.001538	0.270134
2.901285	0.585245	0.001561	2.835882	0.004685	0.611549
3.483506	0.658767	-0.021626	3.223608	0.010907	0.775455
1.375283	0.370271	0.022023	1.271033	0.008272	0.279381
2.310338	0.495243	0.022274	2.440829	0.018119	0.462768
1.733420	0.430889	0.003501	1.741027	0.008381	0.370854
1.125571	0.336789	-0.000117	1.195534	0.000079	0.227886
1.647510	0.408562	0.022262	1.676954	0.000539	0.352814
1.523790	0.374579	0.003257	1.365469	0.002070	0.277438
2.250065	0.501680	0.013116	2.256940	0.029219	0.508610
1.608019	0.399870	0.004968	1.444888	0.000838	0.310201
2.285452	0.480170	0.001411	2.258414	-0.001232	0.467238
1.251762	0.349789	-0.000095	1.338754	-0.001915	0.251559
1.926896	0.476886	0.010554	2.114130	-0.001999	0.427160
2.574115	0.533557	-0.024042	2.571581	-0.009757	0.517890
2.127662	0.494079	-0.008932	2.106941	-0.013090	0.449743
1.760774	0.435281	0.005881	1.870808	0.029009	0.382207
1.602581	0.407478	0.014064	1.654182	0.000546	0.332509
1.801932	0.447762	-0.002720	1.839312	0.005561	0.379909
1.133163	0.338621	-0.000246	1.279324	-0.000961	0.231737
2.919889	0.578653	0.005732	2.717338	-0.025460	0.599401
2.808076	0.579926	0.029503	2.811324	0.004418	0.615180
1.720623	0.399040	-0.003396	1.520026	-0.007153	0.340084
1.098898	0.329669	-0.000000	1.098898	-0.000000	0.219780
3.743654	0.674721	-0.015818	3.623693	0.003884	0.772151
2.464721	0.532951	-0.026825	2.269746	0.016390	0.536083
2.302922	0.492692	0.033490	2.088316	0.018759	0.454092
1.801237	0.404860	-0.014277	1.634401	-0.012804	0.333976
1.409296	0.378151	-0.016812	1.553696	-0.024523	0.295535
2.220578	0.513869	-0.036143	2.215602	-0.002269	0.485789
1.299317	0.362496	0.032039	1.285222	0.026596	0.285281
1.852194	0.410915	-0.020182	1.621129	-0.002100	0.342470
1.154167	0.344079	0.000312	1.236776	-0.000508	0.235228
1.319775	0.350409	-0.002799	1.273517	0.000590	0.245917
2.485640	0.502943	-0.000070	2.409258	0.016978	0.498587
1.870648	0.426981	0.007353	1.776495	0.001785	0.363291
3.210475	0.661685	0.036646	2.859625	-0.021972	0.771419
2.786561	0.566072	0.027324	2.858514	-0.003713	0.559343
1.465349	0.379966	0.003789	1.559840	0.003212	0.290026
2.648215	0.602896	0.024627	3.078615	0.032972	0.679937
1.203853	0.346191	0.001596	1.243111	0.000921	0.238910
3.436690	0.693359	0.001096	3.485995	-0.024622	0.805725
1.187380	0.352321	0.000877	1.438943	-0.001426	0.249775
1.376319	0.349635	0.000697	1.180999	-0.001555	0.248109
2.393619	0.465466	0.007156	2.128899	-0.003087	0.440786
2.789875	0.623877	0.012583	2.764159	-0.007492	0.656838
2.374847	0.486181	0.019769	1.948301	-0.010849	0.451932
1.789428	0.396576	0.038019	1.555521	0.007865	0.347123
1.284165	0.371857	0.002577	1.392074	0.006216	0.268149
3.469768	0.634508	0.014286	2.970534	-0.038754	0.683394
1.393469	0.391289	0.004167	1.638964	-0.002978	0.299681
3.633256	0.709096	0.000173	3.418642	-0.001992	0.835789
1.337939	0.367970	-0.003577	1.383793	-0.001108	0.266625
2.648650	0.574436	-0.011485	2.743103	0.006837	0.568522
2.018791	0.451034	0.023067	2.026974	-0.003352	0.385710
1.655970	0.420265	-0.023278	1.600290	-0.002697	0.362819
1.751198	0.426370	0.001443	1.829731	-0.002043	0.351844
1.703124	0.456416	-0.002963	1.880108	-0.006297	0.378450
1.224455	0.359250	-0.032338	1.188239	-0.023820	0.269502
1.368398	0.372191	-0.002513	1.287282	-0.000930	0.268047
1.194305	0.353908	0.000070	1.234515	0.000326	0.246385
1.897695	0.422209	-0.000144	1.719913	-0.017696	0.362721
1.224480	0.338904	-0.000359	1.219010	-0.000779	0.230961
2.492366	0.553476	0.000384	2.433724	0.022787	0.543226
3.179407	0.677301	0.036570	3.576186	0.015744	0.777030
1.353824	0.385102	0.004315	1.451899	0.006638	0.294411
2.338541	0.556133	-0.039458	2.694674	0.004271	0.530873
1.179423	0.351005	0.002740	1.298027	0.001096	0.247448
2.302374	0.528704	0.000121	2.630481	-0.039332	0.524238
3.413358	0.687080	-0.019970	3.736081	-0.007179	0.775954
2.279242	0.488518	0.021263	2.156249	0.016101	0.437944
1.195846	0.362835	-0.034033	1.203994	-0.036671	0.274575
2.953590	0.613887	-0.019877	2.961342	-0.027061	0.648484
2.645029	0.532671	-0.020830	2.362948	-0.011581	0.516572
1.315976	0.377079	0.006688	1.378459	-0.000417	0.271736
3.142663	0.594709	-0.009006	2.791003	0.022708	0.617051
1.485817	0.402892	-0.007269	1.596399	-0.007129	0.313892
1.673290	0.424189	-0.011961	1.831428	-0.007910	0.348861
1.886589	0.440383	0.000864	1.801964	-0.001587	0.371261
3.186305	0.586603	0.017526	2.855882	-0.005759	0.619608
1.387927	0.372231	-0.000700	1.387109	0.001723	0.280803
1.582887	0.372744	0.005422	1.516131	0.000313	0.280356
3.094589	0.634260	-0.013950	3.042064	-0.021743	0.729230
2.689237	0.516332	0.029169	2.278177	0.021664	0.499571
1.117443	0.333125	0.000004	1.279271	0.000541	0.228551
1.620065	0.399385	0.018266	1.778985	0.005844	0.336685
2.761581	0.590875	0.013737	2.893846	0.015693	0.626462
1.889220	0.482701	0.005834	2.250740	0.020996	0.419617
1.366028	0.349592	-0.001409	1.182423	-0.002465	0.244995
1.695372	0.408071	0.003207	1.663570	-0.012102	0.322938
1.272902	0.355333	-0.000598	1.215870	-0.000652	0.251152
2.497562	0.560310	-0.020727	2.583920	-0.032044	0.541893
1.112125	0.332722	-0.000132	1.114021	-0.000017	0.224767
2.863353	0.609696	-0.005641	2.840356	-0.009398	0.632654
2.859304	0.610329	-0.003613	2.823958	0.010680	0.672570
1.345335	0.366882	0.001263	1.256686	0.030759	0.297268
2.235147	0.493180	0.007173	2.192472	0.005883	0.451625
1.461713	0.388230	0.015033	1.379862	0.002832	0.289686
1.245037	0.351860	0.006121	1.352467	0.012874	0.266601
1.567063	0.400113	-0.014696	1.564764	-0.016416	0.316889
2.785707	0.589295	0.003678	2.792372	0.006841	0.612549
1.374932	0.353083	0.000243	1.201615	-0.000083	0.248596
1.289519	0.353982	-0.006797	1.237334	-0.011074	0.257774
1.736120	0.431282	-0.012841	2.063690	-0.024094	0.362511
1.766198	0.438966	-0.003576	1.605466	0.005381	0.364515
2.738810	0.598299	0.009789	3.039547	0.012159	0.624921
1.295121	0.372272	-0.036381	1.281086	-0.030592	0.297158
1.503048	0.388965	0.006603	1.615604	-0.011799	0.304466
1.636370	0.434013	-0.000568	1.592841	-0.000582	0.364384
1.564219	0.415282	0.033778	1.593608	0.034248	0.359360
1.644022	0.409109	0.012166	1.627146	-0.001540	0.340410
1.260876	0.349416	0.003318	1.285593	0.004819	0.249883
1.340006	0.368737	0.000601	1.245193	-0.002055	0.263870
2.447015	0.574255	0.024044	2.551377	0.002032	0.579233
2.206575	0.500376	-0.010209	2.180847	-0.014303	0.466110
1.631305	0.398199	0.003371	1.759587	-0.001596	0.312431
1.663942	0.445972	0.022890	1.720559	0.006760	0.389183
1.398291	0.376885	0.006662	1.450808	0.022131	0.290661
2.543960	0.572322	0.026625	2.477895	0.018651	0.578248
1.807071	0.445725	0.005121	1.988799	-0.000322	0.403295
2.602724	0.573370	0.007511	2.583949	-0.016590	0.594602
2.870077	0.597811	-0.006401	2.794148	0.000731	0.631574
1.333632	0.374779	-0.015447	1.595439	-0.036479	0.297485
1.419696	0.365208	-0.003566	1.386237	-0.003691	0.267076
1.474670	0.372069	0.002443	1.343673	0.001212	0.284331
2.522928	0.541217	0.017590	2.496404	0.019917	0.528768
1.737916	0.445224	0.004620	1.995838	0.005797	0.369926
1.255649	0.349414	0.003344	1.178132	0.004567	0.249597
1.736263	0.398551	-0.001869	1.589763	0.006463	0.313528
3.788855	0.676204	0.015084	2.957264	0.013650	0.750695
2.445543	0.532844	-0.013002	2.629937	-0.005191	0.524679
1.304123	0.358229	-0.004222	1.209615	-0.000818	0.252903
2.526947	0.535370	0.010968	2.242245	0.000111	0.544167
1.725303	0.413497	0.000558	1.728823	0.009626	0.345409
1.473510	0.390553	-0.037154	1.584764	-0.039017	0.342130
1.747636	0.424750	-0.005253	1.691908	-0.011496	0.352828
1.572140	0.387883	-0.002675	1.781603	-0.000164	0.305910
2.479334	0.565725	-0.019834	2.541240	0.015135	0.567938
2.740183	0.535836	-0.012256	2.702174	-0.017728	0.515945
1.706126	0.421489	-0.004678	1.700384	0.008439	0.332654
2.239518	0.484866	-0.006554	2.282245	-0.003472	0.440839
1.811120	0.446792	-0.005327	1.680270	-0.015186	0.413324
2.636050	0.532052	-0.004101	2.379770	-0.002552	0.506636
1.483281	0.367555	-0.019267	1.340517	-0.003034	0.272380
2.811173	0.643252	0.030453	2.973135	-0.014866	0.688065
2.259076	0.513422	-0.004634	2.216799	-0.008783	0.457833
2.914355	0.612043	0.019901	3.107520	0.009497	0.643164
2.184352	0.507703	0.021521	2.287841	0.030557	0.472522
3.165027	0.654880	0.014051	3.118475	0.012342	0.726548
1.510697	0.396954	0.004062	1.553404	-0.002688	0.308883
1.136053	0.339901	0.000297	1.137769	0.000053	0.230817
2.690107	0.581166	-0.019638	3.253428	0.008369	0.569933
2.770147	0.569317	0.011266	2.860294	0.029560	0.593591
2.393113	0.540682	0.007605	2.357690	0.014377	0.519348
2.430030	0.507481	0.003045	2.109115	0.021765	0.519206
1.115294	0.334788	-0.000001	1.235937	-0.000276	0.224854
1.355193	0.381393	-0.000420	1.603192	-0.007868	0.286613
1.307263	0.366727	-0.001480	1.430926	-0.000518	0.261701
1.649639	0.404709	0.001757	1.530185	-0.000363	0.326269
2.604523	0.560277	-0.001118	2.815729	0.002664	0.553418
3.325821	0.610200	-0.008660	2.974019	0.003065	0.655661
1.115701	0.334588	-0.000024	1.209600	-0.000028	0.225454
2.377317	0.542868	0.014014	2.541480	0.040078	0.555881
1.792411	0.437307	-0.013364	1.912899	-0.007339	0.361620
2.243387	0.453898	0.002911	1.926791	0.007588	0.388312
1.389340	0.345775	0.010927	1.175670	0.002951	0.256072
1.792708	0.421644	0.003166	1.624854	0.003432	0.348195
1.553555	0.388154	-0.023933	1.342841	-0.026196	0.307239
3.567907	0.682462	-0.009024	3.113947	-0.033503	0.777565
1.214246	0.353702	0.007165	1.192694	0.008674	0.250283
2.604826	0.536095	0.008699	2.365873	0.009970	0.539755
1.312195	0.347506	0.000837	1.176006	-0.000191	0.244958
2.103414	0.502118	-0.012244	2.162270	-0.014921	0.470888
1.323424	0.358079	0.014806	1.296124	0.012462	0.276735
1.177778	0.351306	0.000997	1.222042	-0.001728	0.241733
2.983745	0.602650	0.029446	3.017693	0.028498	0.643641
1.534004	0.402685	0.014636	1.562277	0.033894	0.316914
3.167208	0.626932	-0.022517	2.904026	-0.027636	0.696665
2.235709	0.497738	-0.005966	2.272853	-0.006398	0.459680
2.072445	0.497020	-0.006422	2.356280	0.007084	0.484934
1.714652	0.432353	0.025849	1.958908	-0.007094	0.387439
1.699630	0.410002	-0.021279	1.634960	0.010437	0.338267
1.471048	0.367076	0.003237	1.332815	0.001154	0.265810
3.033245	0.643888	-0.010834	3.002280	0.022956	0.710361
2.823063	0.580765	0.000761	2.993698	0.001986	0.603738
3.104475	0.578255	-0.032830	2.719626	-0.001235	0.610851
1.887323	0.459322	0.013527	1.991310	0.009179	0.388717
1.438342	0.381133	-0.015462	1.427315	-0.016990	0.295041
2.390740	0.516873	-0.000062	2.346936	0.002414	0.496160
1.188076	0.345815	0.004296	1.238244	0.022179	0.246658
1.773295	0.410327	-0.004733	1.634885	0.007516	0.338729
2.871208	0.624359	-0.036783	2.953058	-0.012318	0.672497
1.543497	0.408569	-0.023493	1.666632	0.004808	0.335096
1.655872	0.410806	0.012118	1.600393	0.020450	0.345816
1.298049	0.356887	-0.001638	1.315271	-0.002604	0.250307
2.128130	0.487475	0.012085	2.031806	-0.017387	0.435130
2.734003	0.582135	-0.010596	2.239227	0.024525	0.567478
2.077238	0.464733	-0.030314	2.158044	-0.003719	0.419479
1.434528	0.393732	0.000541	1.472285	0.001943	0.295258
2.299985	0.484429	-0.006419	2.418510	-0.022968	0.456211
1.725435	0.446732	-0.036345	1.823404	-0.018165	0.390306
2.772740	0.573619	-0.034504	2.567657	0.010086	0.593699
1.655235	0.416058	-0.010556	1.889396	-0.021889	0.351713
1.707388	0.439817	0.028157	2.042406	0.027619	0.386389
2.843100	0.569719	-0.019106	2.722340	0.008346	0.615227
2.064947	0.480856	-0.001104	1.937567	-0.010926	0.456771
1.777556	0.431879	0.008184	1.690372	-0.000325	0.349461
1.515957	0.389987	0.000996	1.518573	0.023394	0.303550
2.306433	0.519983	0.026049	2.325826	0.010039	0.509486
3.231070	0.594265	0.013790	2.891867	-0.017061	0.658170
1.215040	0.341304	-0.001329	1.289127	-0.000334	0.240204
3.123901	0.646869	-0.025242	3.471040	-0.037886	0.719012
1.172707	0.347734	0.000366	1.209716	0.000450	0.238843
2.561162	0.535328	-0.009878	2.375879	-0.005931	0.527691
1.964920	0.485944	-0.003790	2.058242	-0.012311	0.432927
1.142479	0.339034	0.000929	1.150590	-0.000035	0.233187
1.111293	0.333028	0.000014	1.111003	0.000018	0.222975
1.377653	0.360646	0.000338	1.327425	0.000317	0.259083
1.792039	0.460126	0.008602	1.854781	0.010525	0.399897
2.467726	0.557464	0.002850	2.459718	-0.009833	0.554526
3.171737	0.674361	-0.026458	3.481929	-0.016737	0.766490
1.903237	0.469125	0.014463	1.931148	-0.010226	0.398765
1.811816	0.438427	-0.038120	1.801522	-0.037061	0.394957
1.962340	0.428013	-0.034407	1.713212	0.014461	0.405702
1.488336	0.383557	-0.000280	1.511441	0.002689	0.287795
2.889020	0.564797	-0.020790	2.860738	-0.019471	0.591078
2.040802	0.470905	-0.005050	2.354160	0.013469	0.407561
2.465708	0.552302	0.012397	2.960412	0.000307	0.574195
3.178246	0.632987	0.029167	3.057535	0.020097	0.723349
2.307557	0.479659	0.036667	2.056272	0.039888	0.435889
2.785246	0.604703	0.032742	2.915010	0.020429	0.656591
2.274100	0.489377	0.000890	2.115783	-0.002527	0.452293
2.368552	0.496722	-0.002627	2.264230	-0.007079	0.473270
1.962521	0.426479	-0.020488	1.838334	-0.016944	0.373844
1.920108	0.461553	-0.018621	2.124453	-0.035098	0.411141
2.482924	0.508411	0.036175	2.714384	-0.002135	0.525059
1.246036	0.357533	-0.002831	1.334080	-0.003366	0.250548
2.313385	0.523244	-0.021324	2.336184	-0.017412	0.542981
3.582009	0.687429	0.023477	3.165994	0.020289	0.777218
2.768142	0.583704	-0.032050	2.701684	-0.023433	0.606255
3.210160	0.686518	-0.017646	3.157822	-0.014251	0.811665
1.401012	0.357582	0.002108	1.234619	0.001839	0.257032
2.837855	0.606418	0.010346	2.996476	-0.003616	0.646514
3.728163	0.737005	-0.001055	3.646102	-0.011936	0.917919
2.674425	0.561137	-0.012456	2.557910	-0.017262	0.556249
2.884461	0.602655	0.037218	2.744150	-0.008314	0.643744
1.261110	0.348091	0.000118	1.391556	-0.000371	0.244788
2.222125	0.544915	-0.008506	2.466004	-0.022349	0.547945
1.110870	0.333061	0.000005	1.110972	-0.000010	0.222995
1.828232	0.425509	-0.014811	1.759929	-0.034482	0.367750
1.137735	0.339652	0.000137	1.135664	-0.000411	0.229367
2.124150	0.524557	-0.027271	2.339421	-0.009870	0.484814
2.602781	0.538662	-0.037020	2.624689	-0.027437	0.530697
2.981320	0.622623	-0.011092	3.009548	-0.036896	0.671479
2.088366	0.494682	0.014836	2.495188	0.010716	0.460545
1.321265	0.351600	0.000984	1.408120	-0.003881	0.256663
2.231277	0.472066	-0.004863	2.160618	-0.004926	0.430454
2.700410	0.552546	-0.006749	2.876279	0.000283	0.554853
2.277863	0.468099	-0.028259	2.019498	-0.006525	0.440452
3.264649	0.681594	0.022782	3.420738	0.004415	0.810912
2.272172	0.504339	0.016586	2.550992	0.018043	0.474108
3.114092	0.577386	-0.008728	2.580108	0.021752	0.608554
1.141992	0.340044	0.000181	1.225780	-0.000190	0.232211
2.002222	0.510029	0.003457	2.110091	-0.039055	0.495930
3.381348	0.670452	0.004778	3.433470	0.002607	0.768133
1.332165	0.372292	-0.005638	1.304159	-0.008933	0.271534
1.828362	0.452455	-0.005369	1.739783	0.018984	0.380612
2.354776	0.497736	-0.034988	2.383931	-0.037538	0.471571
2.782938	0.554934	-0.013000	2.452102	0.012728	0.585300
3.201326	0.690548	0.008988	3.134470	0.007649	0.749331
1.692825	0.412576	-0.005484	1.551444	-0.011747	0.336620
1.261845	0.368920	-0.018103	1.385515	-0.029154	0.286493
1.967573	0.465414	-0.007789	2.100998	-0.013770	0.401033
1.622757	0.384557	0.000962	1.541148	-0.001631	0.298679
1.104817	0.331057	0.000032	1.197576	-0.000316	0.222525
3.145451	0.638434	-0.004893	3.192707	0.022855	0.691087
2.557655	0.567619	0.018683	2.638892	-0.006589	0.553840
2.107452	0.486418	-0.019441	2.184519	-0.013980	0.439082
1.627165	0.425388	0.004028	1.757629	-0.011379	0.343086
2.210579	0.518264	0.013354	2.302181	-0.000064	0.492074
2.682916	0.564558	-0.021495	2.531457	-0.027818	0.591583
1.849243	0.461100	-0.019910	2.116201	0.004558	0.400039
1.284155	0.369848	-0.001452	1.329478	0.003731	0.274844
1.209083	0.337210	-0.000907	1.130969	0.000437	0.228772
1.434838	0.363025	0.005877	1.317391	0.001871	0.276036
2.119285	0.467468	-0.013411	2.004759	-0.001428	0.421558
2.934266	0.603214	-0.012385	3.085196	0.030150	0.633103
2.283088	0.503818	-0.009635	2.511776	0.013978	0.481379
1.437633	0.353126	0.000540	1.202696	-0.001954	0.253250
2.827529	0.567199	-0.024419	2.675775	-0.011946	0.575204
1.921047	0.465830	0.001246	1.986049	0.008300	0.390246
3.062371	0.638890	-0.035643	2.901981	-0.003236	0.677949
1.511604	0.395616	-0.010227	1.629287	-0.004152	0.313565
1.508222	0.380157	-0.002674	1.304193	0.001064	0.286619
2.583493	0.587898	-0.010777	2.956864	0.004826	0.620867
1.275417	0.355721	0.000882	1.268666	0.000368	0.255017
2.974112	0.626068	-0.020702	3.108515	-0.038221	0.705663
1.323311	0.384461	0.003122	1.532898	-0.000453	0.288123
3.377257	0.661846	0.026012	3.155549	0.011206	0.793131
3.146013	0.628753	0.038570	3.295903	0.015696	0.701335
1.501855	0.396390	0.003612	1.488726	0.002217	0.311772
2.628513	0.572944	-0.021122	2.831689	-0.028284	0.592764
1.613171	0.390213	-0.001938	1.421988	-0.022567	0.353021
2.465696	0.495652	0.017246	2.653395	-0.009479	0.492789
2.319378	0.533425	0.013838	2.294936	0.017530	0.519942
1.940564	0.486080	0.033817	2.122580	0.010619	0.462788
1.798666	0.392968	0.007891	1.556202	0.003708	0.302669
1.811399	0.415557	0.031914	1.598901	0.031292	0.360917
2.557489	0.567770	0.031743	2.817538	0.016394	0.570657
2.763073	0.594876	-0.014762	2.734561	-0.029311	0.623940
1.888842	0.447043	0.001415	1.749646	0.032400	0.396097
2.806488	0.593699	0.017591	2.943549	-0.012749	0.620623
1.537812	0.415532	-0.002153	1.758581	-0.023786	0.337475
2.170453	0.496122	-0.015071	2.071566	-0.021844	0.460886
1.219468	0.359030	0.002262	1.458087	0.005125	0.266537
1.434703	0.368175	0.003066	1.422672	0.005765	0.275155
1.535592	0.381732	-0.006806	1.465275	-0.005769	0.290790
2.192022	0.507429	-0.024798	2.295522	-0.017915	0.499558
2.460585	0.598604	-0.036960	3.031163	-0.024792	0.668738
2.349865	0.563847	-0.000045	2.623601	0.002001	0.553871
2.668525	0.548970	0.010287	2.337163	0.027380	0.552449
1.792724	0.416414	0.035729	1.645784	0.016440	0.367843
3.013248	0.643227	-0.030913	2.902197	-0.040255	0.688754
2.420250	0.548928	-0.014544	2.555916	-0.021468	0.536666
2.517140	0.549798	0.001825	2.628114	0.009990	0.570870
2.570894	0.547413	0.000842	2.394038	0.008226	0.567605
1.463209	0.365298	-0.001840	1.446098	0.005455	0.269937
1.887271	0.442109	-0.012584	2.087375	0.003607	0.375101
3.781708	0.721804	-0.005319	3.475007	0.035810	0.921174
1.213606	0.350686	0.001947	1.175262	0.000674	0.241402
1.998033	0.427947	-0.010210	1.809009	-0.007360	0.362784
2.654149	0.566131	-0.008688	2.386835	-0.019091	0.566045
2.501194	0.559662	-0.005332	2.663385	0.024288	0.575355
1.390378	0.369585	0.000820	1.285836	-0.000256	0.273786
2.052647	0.496210	-0.012944	2.334795	0.013919	0.448295
2.295327	0.484718	-0.000034	2.551052	0.008733	0.427360
2.080791	0.464085	0.018978	2.043909	0.004203	0.397192
1.116135	0.334539	-0.000018	1.204879	0.000067	0.225570
2.832475	0.582888	-0.002195	2.443553	-0.006417	0.628033
1.404871	0.389740	-0.002894	1.381454	-0.010604	0.295336
1.690301	0.422142	0.007542	1.498375	0.003575	0.337251
2.483930	0.549728	0.002087	2.301308	-0.030529	0.536295
1.161738	0.347006	0.000009	1.163085	-0.000029	0.237583
1.938089	0.469532	0.017251	1.991068	0.012793	0.415120
3.159169	0.612972	0.039630	2.725835	0.021222	0.670993
2.492895	0.550600	0.033758	2.506379	0.027736	0.533345
1.600925	0.380351	0.009791	1.504120	0.008131	0.300909
1.333323	0.367544	-0.000390	1.331351	0.000505	0.268665
2.574818	0.515385	0.026369	2.345804	0.026449	0.507169
2.139415	0.475439	-0.003555	1.846691	-0.010860	0.408683
2.417421	0.526976	-0.031944	2.618720	-0.024238	0.522185
1.721031	0.436101	-0.015559	1.883363	-0.023677	0.396833
1.711261	0.441285	-0.008975	1.818037	-0.021754	0.410431
1.380801	0.378829	-0.001528	1.358915	-0.018107	0.282526
2.600176	0.550490	0.026370	2.401692	0.030006	0.573308
1.785759	0.455019	-0.035985	1.763560	-0.033461	0.379347
1.381088	0.354139	0.001063	1.365328	0.002251	0.260468
1.901338	0.468753	-0.001220	2.002541	0.000492	0.401193
2.246496	0.473345	0.007306	1.811939	-0.005574	0.423983
3.349484	0.622882	0.007139	3.080080	0.014883	0.715661
1.898868	0.443834	0.003610	1.842191	-0.014814	0.405156
1.150181	0.343274	0.000226	1.149937	-0.000195	0.233989
2.973335	0.686350	0.001399	3.239114	-0.036707	0.763716
1.384189	0.392325	0.020902	1.556820	0.002888	0.300240
2.519666	0.547921	-0.011108	2.672511	0.021854	0.557097
3.094357	0.619606	0.017394	2.688391	0.002974	0.671342
2.222581	0.515144	0.002095	2.668770	0.001516	0.484431
2.493569	0.531019	-0.025163	2.393916	0.000500	0.524405
1.891633	0.424076	0.007189	1.770153	-0.023839	0.368724
1.720903	0.447215	0.017659	1.791735	0.000789	0.367471
1.431745	0.364623	0.000853	1.452821	0.002750	0.272635
1.735473	0.416639	0.005618	1.670538	0.001351	0.341167
2.297916	0.552072	-0.034355	2.934612	0.008373	0.598173
3.334429	0.671996	-0.010166	3.291072	0.021412	0.783166
1.893813	0.446446	0.014024	1.884516	0.028434	0.392752
1.707669	0.422606	0.002947	1.748589	0.007681	0.343645
1.995100	0.416780	-0.003031	1.723941	-0.017337	0.346806
2.714524	0.515673	0.004237	2.310995	-0.005428	0.557690
2.208064	0.508841	0.011505	2.222611	0.006482	0.475556
2.750663	0.569041	0.006768	2.705041	-0.001583	0.568602
1.194153	0.350231	0.003419	1.180188	0.001302	0.245183
2.523078	0.536682	-0.005292	2.500145	0.023075	0.534049
1.989165	0.449813	-0.013253	2.117760	-0.001670	0.392530
1.278872	0.369200	-0.015285	1.309150	-0.034759	0.284862
1.567383	0.390807	0.006798	1.512797	0.014236	0.314768
1.893137	0.409035	-0.013728	1.638574	-0.012443	0.342076
1.235904	0.342466	-0.000325	1.256590	-0.000357	0.237623
2.741159	0.621793	0.008944	3.116791	0.006574	0.657960
3.125149	0.636715	0.005284	3.245372	0.034246	0.734425
2.539094	0.552815	-0.006272	2.560430	-0.005448	0.542601
2.347103	0.508940	-0.012380	2.380605	0.004162	0.487920
2.209695	0.501149	-0.010234	2.540237	-0.009164	0.479301
2.929178	0.644540	-0.006257	3.054109	-0.012112	0.662250
2.292459	0.502688	0.031859	2.294970	0.008310	0.485602
1.164473	0.345943	0.000259	1.169606	0.000586	0.239985
2.920153	0.653864	-0.002203	3.056715	-0.003256	0.717591
2.470353	0.542928	-0.002962	2.530330	-0.004948	0.548983
2.164449	0.453196	0.006322	1.912452	0.015104	0.409143
1.152836	0.339940	-0.000140	1.139634	0.000597	0.231672
1.923791	0.461577	-0.003722	1.943153	-0.029213	0.401247
1.713121	0.426313	-0.004513	1.717222	-0.009048	0.360832
1.421632	0.401977	-0.006230	1.581137	-0.031281	0.333081
2.993470	0.598525	-0.015249	2.925386	-0.034561	0.655047
3.448122	0.692464	-0.022940	3.497187	-0.002844	0.793386
3.419038	0.648354	0.038559	2.867884	0.028873	0.705356
1.679586	0.393734	-0.031778	1.513852	-0.019287	0.336130
2.759531	0.575239	-0.007707	2.757816	-0.020554	0.578848
1.708500	0.427664	0.016363	2.118369	-0.012987	0.377884
1.863558	0.461939	-0.007892	2.241019	-0.000087	0.435845
2.346304	0.536044	0.016308	2.624109	0.010953	0.518083
1.111082	0.332997	-0.000045	1.111358	-0.000029	0.223218
1.599016	0.398164	-0.002425	1.479865	-0.006887	0.307378
2.921696	0.592467	0.002776	2.745984	-0.018714	0.638377
2.281508	0.508600	0.007976	2.376947	0.008014	0.488150
1.805421	0.452535	-0.006512	2.168812	-0.009818	0.390401
1.573552	0.391131	0.011769	1.670742	-0.007965	0.304353
1.793514	0.457525	0.028885	2.077153	0.034247	0.398063
1.136365	0.339728	-0.000037	1.137084	-0.000041	0.230098
2.836318	0.609275	-0.000236	2.997161	-0.000050	0.684781
1.153896	0.342768	-0.000292	1.150620	-0.000052	0.235625
1.430736	0.370532	0.002613	1.388476	0.005992	0.270978
2.010569	0.435099	-0.013368	2.010504	-0.015854	0.418410
1.263280	0.358502	0.032162	1.314599	0.016523	0.277188
1.151834	0.342800	0.000170	1.150377	0.000098	0.233321
2.481223	0.550411	-0.030268	2.260761	-0.016383	0.550565
1.969173	0.463013	0.002799	2.096180	-0.001635	0.405004
1.719694	0.433131	-0.014250	1.904190	-0.004538	0.376760
3.590925	0.682301	-0.002724	3.358075	-0.009931	0.808883
2.431843	0.526337	0.008801	2.575216	-0.012834	0.504063
1.636626	0.393590	0.003795	1.642117	-0.004575	0.303504
1.481985	0.405301	0.010970	1.395331	-0.004523	0.308407
1.518328	0.416417	0.001844	1.740537	0.003573	0.322743
2.562456	0.499341	0.012630	2.323273	0.011986	0.481704
1.820732	0.431774	-0.016707	1.814788	0.003392	0.408079
2.348701	0.496995	0.012545	2.405893	0.016732	0.478881
3.135792	0.679109	0.004472	3.318502	0.013203	0.756723
2.066383	0.472914	0.026174	1.977070	0.006510	0.413727
3.094755	0.595580	-0.010767	3.115948	-0.001305	0.633194
3.416036	0.665456	0.003917	3.184564	0.014314	0.766484
1.434522	0.386560	0.018601	1.405867	0.029933	0.316766
2.478392	0.531910	-0.030220	2.620720	-0.008792	0.540467
1.805008	0.450474	0.002411	2.008243	-0.006888	0.386726
2.771741	0.592440	0.022704	2.627341	0.010821	0.657971
3.121569	0.648574	0.032304	3.059333	0.026957	0.672979
2.223837	0.483040	-0.005147	2.401665	-0.007254	0.442153
2.307906	0.546449	-0.005073	2.537033	-0.019703	0.559796
2.617148	0.553846	-0.004815	2.465561	-0.027741	0.585040
1.470680	0.390538	0.008551	1.595470	0.007165	0.298191
1.625852	0.386028	0.005465	1.501296	-0.001494	0.304554
1.598422	0.393553	0.013616	1.643997	0.012870	0.322466
2.316592	0.491748	0.006474	2.091528	-0.001439	0.475289
2.579407	0.571660	0.019939	2.625746	-0.002528	0.610743
3.257578	0.637879	0.020358	3.011076	-0.015220	0.672107
2.095260	0.484652	-0.039778	1.907356	-0.026428	0.448894
1.787150	0.433607	-0.001158	1.697699	0.007871	0.364799
1.210147	0.337342	-0.000057	1.127436	0.000008	0.228296
2.792499	0.566318	0.002141	2.717085	-0.001600	0.574754
1.805687	0.430181	0.012924	1.607651	0.004959	0.356312
1.747919	0.387015	-0.007108	1.521313	-0.001044	0.304008
2.801887	0.617777	-0.022540	3.219954	-0.010591	0.646224
2.743347	0.582113	-0.007180	2.822995	-0.016782	0.575214
1.547822	0.392420	-0.007069	1.389058	0.000729	0.297177
1.098898	0.329669	-0.000000	1.098898	-0.000000	0.219780
1.778110	0.400283	0.005517	1.487551	0.005256	0.314519
1.437197	0.368988	0.001252	1.350563	-0.000530	0.268997
2.569114	0.562689	-0.013671	2.432123	-0.032481	0.548360
2.328803	0.556362	-0.016103	2.141110	-0.026607	0.515555
1.343232	0.341075	0.006537	1.147331	0.000786	0.243108
1.415938	0.357902	0.001178	1.221112	0.006470	0.263344
3.573731	0.720879	0.004915	3.128500	-0.013421	0.802132
2.173597	0.448630	0.008651	2.356481	-0.033313	0.403436
1.563309	0.413903	-0.006755	1.868659	0.022225	0.362224
1.784517	0.443674	0.001514	1.690389	0.008944	0.361088
2.382149	0.517942	-0.007328	2.391795	0.007282	0.497234
2.390366	0.495736	-0.038927	2.274867	-0.001647	0.483962
1.670577	0.418304	-0.004282	1.738575	0.000841	0.336675
2.317594	0.541832	0.023579	2.495630	0.015324	0.561888
2.984972	0.607295	0.037955	2.838098	0.011090	0.641774
1.357117	0.352094	0.003677	1.196241	-0.000105	0.254088
2.392761	0.513354	-0.026945	2.393778	-0.039186	0.510748
1.202236	0.345984	-0.000471	1.253466	-0.000136	0.239432
1.139519	0.339710	-0.001742	1.138598	-0.000635	0.233024
2.847713	0.614445	0.016194	2.906929	-0.002429	0.659147
1.993584	0.419456	0.039735	1.648010	0.021842	0.378026
1.215175	0.350708	-0.003215	1.287298	-0.005079	0.251161
2.703335	0.557852	-0.020677	2.555246	-0.021439	0.557179
1.487372	0.380369	-0.005099	1.601192	-0.006245	0.303403
1.224527	0.340186	0.000472	1.144424	-0.000882	0.232282
1.201830	0.355788	0.002690	1.290339	0.000637	0.250018
2.530214	0.547133	-0.020527	2.726356	-0.008699	0.537117
1.374345	0.377372	-0.001243	1.506239	-0.003136	0.278565
1.337738	0.367793	-0.001763	1.419286	-0.001468	0.269899
1.283034	0.346419	-0.000221	1.391977	-0.001154	0.247803
1.237707	0.360924	-0.001932	1.301394	0.001120	0.254814
2.854013	0.568252	0.024615	3.042876	-0.002999	0.591719
1.704398	0.398334	-0.004521	1.596377	-0.003791	0.312098
2.046636	0.478717	0.018014	2.176527	0.007818	0.423448
1.961018	0.426151	0.019140	1.735804	0.001212	0.364238
1.162960	0.347098	0.000333	1.161692	-0.000274	0.237279
1.583242	0.369080	-0.005229	1.284709	-0.004580	0.281655
1.495547	0.397988	-0.039123	1.561588	-0.031732	0.335897
1.539327	0.380358	-0.000033	1.542294	-0.001284	0.285047
1.373266	0.353048	-0.003040	1.261634	0.000478	0.251521
1.291671	0.357031	0.002101	1.257281	0.000201	0.258314
3.430802	0.645297	0.017959	2.853676	-0.014813	0.717241
1.318487	0.354707	0.000427	1.388224	0.000933	0.254805
2.216963	0.515197	0.028374	2.176648	0.031312	0.489998
1.786318	0.436166	0.002053	1.970371	-0.010900	0.378342
1.840058	0.461287	-0.002162	2.187108	-0.016638	0.404625
2.380693	0.520077	0.022728	2.110053	-0.001196	0.500102
2.226907	0.505906	-0.017833	2.116551	-0.031726	0.457322
2.264803	0.487094	-0.004662	2.150276	-0.002978	0.424636
3.312177	0.694108	0.037243	3.178624	-0.001257	0.805741
1.224771	0.342708	0.000040	1.249509	-0.000738	0.237358
1.648885	0.409882	-0.026618	1.502656	-0.030034	0.346421
1.435936	0.360777	-0.000985	1.317423	0.001742	0.261778
2.534040	0.542039	0.019110	2.402132	0.001151	0.527961
1.177042	0.339518	0.000224	1.261336	-0.000806	0.234849
2.466802	0.546688	-0.012054	2.366629	-0.032993	0.521924
1.710975	0.416904	-0.019490	1.602430	-0.015660	0.346842
1.662876	0.401577	0.004029	1.830650	-0.000456	0.311777
2.432613	0.516439	-0.036480	2.334495	-0.030006	0.512894
2.024569	0.477898	-0.023924	2.159189	-0.005563	0.462556
2.245535	0.487236	-0.000607	2.319058	0.018880	0.475126
2.737844	0.575030	0.011949	2.681432	-0.002213	0.607816
1.303343	0.356567	0.000371	1.377259	0.002376	0.251352
1.266266	0.354522	-0.001855	1.373760	-0.001952	0.248071
2.658108	0.591704	-0.005355	2.793896	0.001156	0.617271
2.233685	0.473569	-0.007617	2.016687	0.004265	0.411107
2.901616	0.591433	0.036902	2.867244	0.002853	0.650071
2.335815	0.499328	-0.017664	2.308025	-0.000986	0.455694
2.119191	0.470692	-0.023116	1.965613	-0.016129	0.442287
1.235324	0.365208	0.000761	1.406814	-0.000160	0.263520
1.269247	0.355826	-0.019567	1.294988	-0.004706	0.257815
2.048046	0.441505	0.014298	1.622397	0.014741	0.368734
1.164332	0.335251	-0.000672	1.127472	-0.000189	0.231337
2.089085	0.490476	0.015453	2.201372	-0.008802	0.459516
1.376931	0.342415	-0.000893	1.175525	-0.003763	0.242516
2.083622	0.451562	-0.011954	1.802581	0.004027	0.399193
3.392683	0.696275	-0.027168	3.192389	0.012824	0.798559
3.183890	0.644802	0.029395	3.066869	0.017924	0.745985
1.383657	0.379911	-0.026619	1.379323	-0.005956	0.295785
1.390177	0.362935	-0.000586	1.297598	-0.003168	0.257011
1.276044	0.351821	0.005366	1.209522	0.013606	0.253940
1.562765	0.421830	0.031624	1.621864	0.038022	0.366556
1.139965	0.339041	-0.000931	1.143162	-0.000640	0.232948
1.240524	0.366794	-0.003183	1.354573	-0.019262	0.274051
2.015393	0.478674	-0.023736	2.258433	-0.019273	0.444706
1.203761	0.347139	-0.005570	1.179455	-0.005676	0.246868
1.284830	0.373945	0.012012	1.587205	0.029790	0.298225
2.731766	0.580874	-0.002659	2.874817	0.014581	0.610122
1.802576	0.431818	-0.024369	1.841443	-0.013665	0.395174
1.736837	0.441158	-0.036291	2.010475	-0.028874	0.395370
2.173834	0.460038	0.003028	2.302742	0.006371	0.424315
1.940034	0.441946	0.009361	1.724582	0.005577	0.380626
1.505445	0.375996	-0.011798	1.419070	0.001339	0.313519
2.697233	0.573424	0.000767	2.729583	-0.005257	0.620774
2.553819	0.530871	0.013332	2.366282	-0.008684	0.508234
1.247785	0.337427	-0.000726	1.134062	0.000110	0.233690
1.344112	0.353008	-0.003519	1.218836	-0.004923	0.251628
2.414628	0.503717	0.026361	2.124824	0.017234	0.453240
2.695972	0.615988	-0.001003	2.687400	0.030567	0.641514
2.014724	0.447094	0.032846	1.840105	-0.003257	0.388448
1.329015	0.340230	0.000062	1.142915	0.001237	0.235718
1.864476	0.473686	0.015117	2.233066	0.022066	0.420925
2.363606	0.507088	0.029231	2.235865	-0.006692	0.489085
3.251411	0.642294	0.031501	3.006500	0.035438	0.706056
1.825858	0.436556	0.015173	1.877300	0.002145	0.359461
1.780735	0.422486	0.008722	1.652670	0.000649	0.341448
1.154440	0.342696	-0.000189	1.149080	0.000102	0.234291
2.155137	0.501706	-0.000129	2.367448	-0.014657	0.463161
2.765109	0.557399	-0.023370	2.693230	-0.021832	0.576647
1.343667	0.350209	0.000237	1.239535	0.002061	0.243061
2.061573	0.477943	-0.023291	2.014003	0.021515	0.469398
2.847387	0.599749	-0.016983	3.244509	-0.038237	0.622514
2.288353	0.512485	-0.010639	2.376236	-0.009877	0.496517
2.386137	0.570687	0.003876	2.993142	0.032006	0.568380
1.635014	0.394163	-0.034174	1.412594	-0.036914	0.334470
3.124717	0.666934	-0.025518	3.006232	-0.030375	0.744470
1.792540	0.409970	-0.009304	1.627403	-0.017184	0.361483
1.975435	0.472599	-0.000167	1.892132	0.001272	0.411452
1.335094	0.349124	0.000265	1.171385	-0.000764	0.241579
3.142654	0.618590	0.016087	3.078884	0.028804	0.664043
1.708290	0.438488	-0.007957	1.744829	-0.000366	0.365626
1.369082	0.350799	-0.002531	1.188760	-0.001340	0.248343
2.096213	0.471410	0.002294	2.279207	0.038665	0.466866
1.124516	0.336139	0.000352	1.125857	0.000140	0.227742
1.322812	0.361903	0.000632	1.363876	-0.001817	0.262357
2.279017	0.518382	-0.006384	2.377184	-0.040148	0.482787
3.136299	0.636081	-0.032928	2.995232	-0.038043	0.722450
1.666574	0.431772	0.010413	1.790181	0.012253	0.363207
1.424310	0.381128	0.004047	1.338977	0.003914	0.296567
2.350105	0.500270	-0.012335	2.204624	-0.009318	0.443234
1.753906	0.429843	-0.016805	1.760793	-0.012702	0.371702
2.556542	0.535762	-0.015115	2.830692	-0.016115	0.524050
1.357247	0.395616	0.000977	1.719814	0.007364	0.302182
2.071242	0.509773	0.007566	2.461611	0.010172	0.477350
1.947834	0.453157	-0.005594	1.850251	-0.003408	0.399294
1.214952	0.346197	0.001680	1.203927	0.000212	0.241645
3.414538	0.736292	0.007380	3.686999	-0.009272	0.922991
2.846662	0.592380	0.010296	2.820704	-0.018756	0.630691
2.702474	0.526652	0.005440	2.493258	0.006810	0.512284
1.665893	0.408587	0.006773	1.592734	-0.014646	0.342121
2.269886	0.515510	0.014769	2.391044	0.018722	0.474169
2.466644	0.520856	0.025825	2.420424	0.021217	0.515735
1.122655	0.335176	-0.000081	1.190331	-0.000013	0.228495
2.225040	0.482362	0.028640	1.902698	-0.002250	0.428400
2.500795	0.534556	0.021696	2.537152	0.020091	0.537130
1.209067	0.353949	-0.013801	1.204741	-0.013730	0.258943
2.381532	0.518486	-0.020228	2.569357	-0.028041	0.510643
2.098027	0.468158	0.005561	1.835675	0.011112	0.415351
1.412323	0.385403	0.001543	1.554519	0.003377	0.293380
2.786358	0.611595	-0.015568	2.809233	-0.032325	0.634450
1.471133	0.399234	0.017220	1.561949	0.016769	0.313421
1.492710	0.384389	0.008119	1.363155	0.013361	0.298381
1.558249	0.383237	-0.002245	1.463798	-0.014617	0.313920
2.064357	0.476902	-0.012244	2.071719	0.014315	0.464086
1.792423	0.439492	-0.020214	1.794556	-0.021792	0.369546
1.701786	0.397581	-0.034276	1.482912	-0.012537	0.339984
1.421153	0.364670	0.001980	1.408877	0.000529	0.262421
1.299863	0.366029	0.001957	1.624409	0.006607	0.276639
2.278762	0.509839	-0.007563	2.265285	-0.012520	0.476970
2.646945	0.578660	-0.000376	2.629031	-0.023819	0.602028
1.321025	0.367376	-0.001911	1.385567	-0.000000	0.266372
2.938972	0.614336	-0.003263	2.982257	-0.005102	0.648990
2.933307	0.661814	-0.004753	3.120455	0.025523	0.728678
2.410866	0.534799	-0.007509	2.435149	-0.006192	0.534189
2.293559	0.508375	-0.021263	2.272895	-0.015782	0.459329
1.567145	0.412746	-0.002515	2.011111	-0.008573	0.331142
3.249259	0.708387	0.039283	3.538921	0.005080	0.782873
2.574681	0.574284	0.007365	2.372031	0.025821	0.562726
1.529040	0.390102	-0.009583	1.500574	-0.007294	0.314508
3.264348	0.626318	0.011234	3.046052	0.003417	0.688641
2.933079	0.613672	-0.009521	2.813540	0.035797	0.637949
1.890139	0.430595	-0.030276	1.640927	-0.014026	0.375373
2.671930	0.543251	0.013864	2.558744	0.000080	0.532741
1.908830	0.483692	-0.010305	2.204647	0.022985	0.442491
1.619745	0.416099	0.006917	1.643035	0.037936	0.346564
1.123927	0.336179	0.000039	1.125451	0.000777	0.226579
2.186551	0.495662	-0.034052	2.027909	-0.020435	0.468017
3.409445	0.685405	0.024237	3.194912	0.029138	0.778998
1.845207	0.427736	-0.003538	1.655646	-0.014893	0.341778
1.486901	0.375675	-0.000019	1.400204	-0.001472	0.274381
1.323504	0.364525	0.001413	1.340768	-0.001098	0.270844
1.879595	0.406631	-0.007545	1.484040	-0.000509	0.329146
2.454591	0.560514	-0.018608	2.607503	-0.013969	0.599209
3.080123	0.631380	-0.008753	3.325682	-0.027429	0.721851
3.530353	0.666795	-0.002181	3.329282	0.029674	0.793259
1.726496	0.453966	0.001002	1.908407	-0.015686	0.392105
2.250418	0.466320	-0.010264	1.817838	0.016825	0.405150
2.384501	0.494716	-0.000368	2.454133	0.005647	0.468602
1.155470	0.345401	0.000200	1.313654	-0.001060	0.237457
2.653145	0.576482	-0.023474	2.783961	0.012056	0.573666
2.304608	0.536395	0.022521	2.451701	-0.008025	0.511517
1.169272	0.342642	0.001682	1.154487	0.000633	0.239549
1.612123	0.395529	0.009481	1.611334	-0.001118	0.300563
1.878549	0.427038	-0.021702	1.641886	-0.004428	0.351735
2.382400	0.508196	0.006776	2.280329	0.000299	0.490014
1.111248	0.333057	-0.000008	1.111045	-0.000016	0.223233
1.842359	0.462267	0.007185	2.023066	0.013603	0.387151
1.187505	0.350987	0.000766	1.259467	0.000687	0.245781
2.137475	0.501183	0.018070	2.242830	0.014918	0.468117
2.763099	0.548375	0.009147	2.435805	0.029149	0.542513
1.825757	0.470246	-0.004217	1.794146	0.008134	0.395144
1.632829	0.405198	-0.001158	1.516342	-0.007148	0.322864
2.609760	0.549557	0.024968	2.408926	0.027498	0.551680
3.054779	0.652257	-0.036746	3.281148	0.013778	0.724046
1.522472	0.364375	-0.002228	1.508116	-0.000188	0.281954
1.190157	0.353557	0.001193	1.189060	-0.000466	0.244973
2.185528	0.476381	0.007816	2.241610	0.024478	0.437313
2.177731	0.480439	0.007290	2.065557	0.008210	0.423552
1.728865	0.384662	0.010169	1.670867	0.006597	0.310055
1.264018	0.370305	0.001477	1.439879	0.004643	0.272926
1.397534	0.386420	0.014263	1.543603	0.014258	0.301768
2.273286	0.452541	0.036105	1.832164	0.010625	0.416161
1.098898	0.329669	-0.000000	1.098898	-0.000000	0.219780
1.732743	0.412314	-0.001026	1.775134	-0.005913	0.340739
1.151214	0.343425	-0.001357	1.149069	0.000356	0.234178
1.790690	0.460313	0.032148	2.027643	0.028389	0.427570
2.203344	0.459342	-0.013884	1.905181	-0.023861	0.409306
1.676487	0.410522	-0.009994	1.652091	-0.017445	0.327834
1.727282	0.440099	-0.008300	1.761154	-0.002364	0.379677
2.402124	0.494875	0.037620	2.539885	0.021777	0.480421
1.199143	0.343866	-0.001778	1.155598	0.001117	0.237467
2.679398	0.526588	-0.016009	2.767807	-0.035382	0.522022
2.944796	0.599548	-0.034360	2.996271	-0.018689	0.674833
1.838135	0.456360	0.006476	1.982395	-0.000450	0.396151
1.463228	0.361725	-0.000144	1.318692	0.001414	0.261999
2.434760	0.546333	-0.007126	2.509566	-0.031131	0.529040
3.013178	0.600955	-0.011082	2.806172	-0.025215	0.661113
1.123590	0.336441	-0.000003	1.123960	0.000020	0.226522
3.259284	0.685000	-0.002006	3.292031	0.000570	0.773111
1.323886	0.364572	0.003091	1.374386	0.001125	0.275666
1.926734	0.433410	0.017015	2.040638	0.039464	0.386455
1.336586	0.380636	-0.004863	1.434490	0.001049	0.286606
2.643481	0.589960	-0.008906	2.611104	0.016426	0.448648
3.046301	0.591188	-0.010302	2.944705	0.001910	0.603258
1.354165	0.370630	-0.000472	1.386878	-0.005929	0.268526
1.156427	0.342071	0.002649	1.245237	0.013742	0.246755
1.959978	0.470342	0.003802	2.124156	-0.014008	0.443975
1.234260	0.348136	0.001556	1.297907	0.003204	0.247079
2.155843	0.491013	-0.000364	2.126539	-0.000175	0.451018
3.486578	0.700346	0.003038	3.515716	-0.004622	0.779846
2.600332	0.551502	-0.012550	2.288163	-0.018096	0.550265
2.429623	0.536820	0.006055	2.508815	0.006925	0.527305
1.272464	0.353994	0.015919	1.290767	0.015213	0.265589
1.752576	0.406245	-0.018070	1.572301	-0.007190	0.346431
2.424352	0.516094	-0.021276	2.345362	-0.002025	0.526742
2.393955	0.500756	-0.010814	2.622580	-0.000660	0.491379
1.179348	0.334929	-0.000352	1.125053	-0.000153	0.230352
2.039156	0.447614	-0.005374	1.923971	-0.015116	0.392774
2.242198	0.485659	-0.001478	2.329558	-0.023887	0.453014
3.272609	0.671552	0.000757	3.295511	-0.014289	0.764302
2.965694	0.591877	0.002433	2.868487	0.003535	0.648509
1.973592	0.426873	0.003100	1.865641	0.013133	0.373730
2.213144	0.501497	0.003108	2.278237	-0.018353	0.452779
1.557914	0.403154	0.000864	1.664188	0.006522	0.308421
2.691316	0.608637	0.013019	3.082491	0.029959	0.666584
1.123588	0.333211	-0.003920	1.158666	-0.009932	0.237519
1.326024	0.350790	-0.000525	1.217618	-0.000030	0.243613
2.173672	0.513880	-0.017189	2.136222	-0.022533	0.484501
2.362036	0.537133	-0.008629	2.506559	0.040392	0.537499
1.200836	0.333571	-0.000069	1.115662	-0.000199	0.226191
1.699161	0.390998	-0.002055	1.488450	0.001933	0.297548
3.312880	0.667194	0.008502	3.615308	0.017438	0.771252
2.221244	0.491154	0.036075	2.046765	0.031225	0.448415
1.306237	0.378531	0.001123	1.485174	0.012636	0.291258
1.708660	0.394263	0.009042	1.485695	0.001699	0.308505
1.206146	0.344363	-0.007652	1.258548	-0.001739	0.250222
1.471815	0.384796	0.001258	1.535392	0.001827	0.279957
2.086269	0.464530	-0.009793	2.091249	-0.019700	0.437718
1.297435	0.383125	-0.020843	1.632954	-0.010214	0.310603
1.192046	0.343156	-0.000372	1.153636	0.000634	0.235621
1.504388	0.370718	0.001541	1.256706	0.002351	0.268981
2.374520	0.518330	0.001690	2.129728	0.017604	0.503595
1.583794	0.401571	-0.000406	1.611627	-0.003520	0.310765
1.140169	0.339361	0.000159	1.140673	0.000089	0.232517
1.098898	0.329669	-0.000000	1.098898	-0.000000	0.219780
1.763234	0.431943	0.022081	1.666380	0.017231	0.375767
1.158494	0.346550	0.001693	1.257978	0.002112	0.239720
2.713427	0.578893	-0.023515	2.523588	-0.030350	0.609220
1.111087	0.333066	-0.000018	1.111148	-0.000014	0.223070
3.030186	0.600997	-0.012908	2.613671	-0.022704	0.622976
2.854454	0.572047	-0.025798	2.554931	-0.011457	0.589757
2.048410	0.487756	0.030154	2.003427	-0.005962	0.435454
2.613600	0.563968	0.012692	2.621347	0.003712	0.573208
1.173041	0.347883	0.000067	1.265536	0.001337	0.243781
1.545130	0.429924	-0.020530	1.746191	-0.014238	0.387997
1.243592	0.342714	-0.000860	1.183881	0.000410	0.235345
2.515355	0.570570	0.027883	2.625176	0.036437	0.594973
3.087480	0.592589	0.013884	2.820722	0.020166	0.633860
1.155768	0.333582	-0.000114	1.112368	-0.000068	0.223735
1.198582	0.350166	0.000158	1.300082	-0.000215	0.245136
1.586821	0.405463	0.005111	1.586525	-0.005351	0.320129
1.108297	0.331561	-0.000006	1.203502	0.000039	0.224380
2.505733	0.586765	-0.021447	2.704400	-0.012611	0.613921
2.176430	0.470885	0.001636	2.162649	-0.016463	0.426410
2.655091	0.603665	0.012348	2.810784	0.005048	0.635391
2.219130	0.437745	0.005701	2.046660	0.007792	0.375633
2.596696	0.524443	0.007788	2.556835	0.012559	0.508530
1.169948	0.346598	-0.000098	1.251538	0.000672	0.240817
1.606449	0.387249	-0.032474	1.478415	-0.011460	0.311987
2.836458	0.587374	-0.004538	2.794662	-0.022044	0.666539
1.586232	0.367878	-0.001214	1.322918	-0.001740	0.264637
1.844887	0.460689	0.004462	2.139450	0.022803	0.389851
1.917524	0.460810	-0.005804	1.871555	-0.006839	0.409088
3.262040	0.656500	-0.028859	2.980083	0.006807	0.750063
1.650683	0.387255	-0.011641	1.491176	0.016933	0.324572
1.419649	0.375817	0.005577	1.750168	0.002821	0.286057
2.303137	0.484047	-0.007012	2.196694	0.004423	0.434825
2.326877	0.521867	-0.037171	2.388472	-0.033312	0.520249
2.272693	0.503698	0.028391	2.394865	0.015813	0.500828
3.299821	0.688749	-0.002388	3.434505	-0.002576	0.834776
1.599587	0.390344	0.028368	1.525714	0.014654	0.322337
2.334186	0.504004	0.003965	2.241987	-0.009157	0.473444
2.175323	0.482270	0.030924	1.961590	0.016191	0.448356
1.150661	0.344567	0.000138	1.208178	0.000352	0.235237
3.015146	0.605215	0.017846	3.228630	0.010884	0.689781
1.568434	0.388614	0.001027	1.779988	-0.000134	0.303943
1.681294	0.384135	0.001084	1.314448	0.001232	0.295383
2.583006	0.542862	-0.022425	2.548764	0.003489	0.550694
1.607509	0.388121	0.010714	1.492240	0.004970	0.311883
2.545096	0.562578	0.003256	2.290942	-0.021530	0.561244
2.111841	0.430649	-0.005072	2.071515	0.004842	0.361078
2.908456	0.632183	0.001634	3.194832	0.030818	0.718657
2.915998	0.646037	0.010483	3.030922	0.015542	0.685492
1.512776	0.410128	0.013635	1.713380	0.000266	0.331183
2.846455	0.546865	0.002437	2.498180	0.018268	0.543083
2.612956	0.515779	-0.029803	2.732933	-0.014444	0.515542
1.972315	0.438579	0.014568	1.880887	0.010317	0.375724
1.528918	0.403099	-0.027549	1.626932	-0.016128	0.327746
1.795979	0.429049	0.004033	1.670286	0.001072	0.350895
2.315806	0.484836	-0.006507	2.276358	0.034770	0.454164
1.879685	0.395714	-0.002055	1.652685	-0.003958	0.320594
1.218962	0.359648	0.000503	1.381679	0.001100	0.256066
1.414948	0.381530	-0.013374	1.397515	-0.008989	0.295009
1.451605	0.389408	-0.001452	1.445050	-0.003818	0.294379
1.771724	0.447255	0.023130	1.860775	0.004271	0.393270
1.546481	0.411970	0.030093	1.646172	0.009490	0.347918
1.534860	0.379174	0.002960	1.659186	-0.002041	0.304030
1.205870	0.354327	-0.002215	1.198569	-0.003472	0.249393
2.507114	0.542134	0.040042	2.674033	-0.000209	0.550788
1.654476	0.373834	-0.006237	1.356670	0.003054	0.276750
2.395149	0.536274	-0.009272	2.518822	-0.007262	0.516247
1.400374	0.381839	-0.000923	1.447706	-0.001730	0.287324
1.217625	0.354679	-0.000926	1.357014	0.004769	0.259882
2.895295	0.598969	0.002555	2.763356	-0.002515	0.634379
2.725742	0.605218	0.006037	2.812751	-0.016041	0.644852
2.655448	0.566620	-0.029382	2.622389	-0.023325	0.605455
1.772121	0.431121	-0.012547	1.659548	-0.005066	0.348305
3.179725	0.633100	0.019086	3.053339	0.000544	0.673533
1.218228	0.342607	-0.000243	1.156208	-0.000849	0.238573
1.346784	0.361892	0.000300	1.258120	0.008001	0.261125
2.845380	0.602512	-0.028869	2.796288	-0.027633	0.636542
1.974087	0.496470	0.021181	2.486680	0.026261	0.443351
2.581232	0.528590	0.006612	2.355617	0.028023	0.513794
1.719152	0.433543	-0.007957	1.935607	-0.008789	0.368806
1.625340	0.402663	0.012056	1.655041	0.008869	0.325146
1.408514	0.402746	-0.003749	1.579774	0.007427	0.315010
1.833833	0.464359	-0.015176	2.021063	-0.033816	0.408250
1.193691	0.351968	-0.015679	1.192177	-0.015529	0.256170
1.660757	0.406721	-0.001057	1.491860	0.000554	0.311983
2.542772	0.534757	0.005429	2.238249	0.002329	0.531466
1.291167	0.346562	0.002582	1.358445	0.007045	0.245324
1.162444	0.345420	0.000002	1.228560	-0.000657	0.239711
2.021151	0.478936	-0.017983	2.100956	-0.024379	0.437101
1.151608	0.343237	0.000668	1.148244	-0.000095	0.233821
1.272687	0.362710	0.002200	1.453812	0.002736	0.258431
1.221750	0.337848	0.000509	1.130384	-0.000065	0.230212
1.984347	0.450843	-0.025373	1.850241	-0.005540	0.382692
1.653296	0.432724	-0.016458	1.918694	0.020775	0.370246
1.306932	0.363002	-0.001432	1.327269	-0.000998	0.260470
3.045996	0.657738	0.010998	3.385436	-0.027579	0.714867
1.498194	0.380857	0.000663	1.417827	-0.000051	0.285297
1.207660	0.344886	-0.031606	1.163076	-0.016285	0.258343
2.188228	0.503076	-0.004932	2.114340	-0.006853	0.429356
1.565346	0.431141	0.005878	1.772795	-0.003570	0.351065
1.751055	0.415912	0.004926	1.686122	0.005745	0.343384
1.203622	0.357749	0.000681	1.246663	-0.002926	0.249192
2.006571	0.450468	0.005391	2.259076	0.022522	0.442436
1.103084	0.330614	0.000044	1.189604	-0.000079	0.221785
2.234061	0.482262	-0.021447	2.270962	-0.033629	0.452506
1.408341	0.375226	-0.001831	1.621788	0.005892	0.285407
1.532476	0.391035	-0.005294	1.460335	-0.007541	0.292294
1.457858	0.376564	-0.006111	1.391789	-0.010123	0.287489
1.967408	0.514914	-0.031686	2.246078	-0.030562	0.493439
1.118190	0.334575	0.000285	1.212828	0.001878	0.228247
1.889741	0.476871	0.011641	1.935884	0.015715	0.426965
2.654430	0.591215	0.016951	2.596633	0.030378	0.617961
2.274693	0.537583	0.019246	2.465798	0.037701	0.529152
2.625406	0.584653	-0.006714	2.788549	0.006354	0.595802
1.921447	0.434486	-0.025504	1.969852	-0.011876	0.382724
1.586402	0.403833	-0.011304	1.526732	-0.001556	0.319410
1.503291	0.396718	-0.004368	1.466689	-0.001392	0.313643
2.155503	0.427395	-0.007633	1.926508	-0.003392	0.361101
1.215258	0.334915	-0.000100	1.120516	-0.000040	0.227425
1.557434	0.408978	0.025018	1.474954	0.010860	0.333442
1.659506	0.420295	-0.004710	1.641249	0.003650	0.334309
3.275435	0.663176	-0.037911	3.291465	-0.035673	0.781640
1.251642	0.363853	0.000841	1.228770	-0.001563	0.256383
1.942150	0.414726	-0.003919	1.668549	-0.009015	0.338870
2.746822	0.595962	-0.024102	3.062564	0.010959	0.663668
2.739943	0.607665	0.015514	2.878010	0.030934	0.621997
1.212361	0.345928	0.000536	1.165413	0.000081	0.241933
2.304049	0.561030	-0.001882	2.470991	0.037386	0.536311
1.960578	0.458272	-0.004425	2.229362	0.028273	0.416123
2.207344	0.487043	-0.025738	2.068072	-0.037824	0.429574
2.625609	0.553503	0.007774	2.615331	0.023491	0.560130
2.269153	0.490686	-0.016269	2.203261	-0.010449	0.444997
1.831562	0.408344	-0.019653	1.576777	-0.005328	0.350277
1.855732	0.434962	0.009032	1.922026	0.005981	0.367808
2.373189	0.460199	-0.008941	2.049374	0.026793	0.435367
1.776683	0.449324	-0.026915	1.914569	-0.009796	0.374926
1.374498	0.359856	-0.004529	1.346199	-0.000780	0.266755
1.942160	0.462750	-0.005320	1.720388	0.010450	0.389318
1.786246	0.422135	0.001279	1.673541	-0.005512	0.351891
1.331066	0.358861	0.002916	1.343490	-0.021161	0.271619
3.143279	0.663530	-0.000584	3.238772	-0.020703	0.698894
2.594520	0.586179	-0.007084	2.556270	-0.019226	0.639349
2.760761	0.600089	-0.010584	3.071608	-0.016572	0.666396
1.276607	0.368798	0.002045	1.325124	0.002188	0.264847
2.686104	0.614333	0.000712	3.066728	0.005753	0.695482
1.388737	0.370772	-0.001259	1.353142	0.006990	0.280583
1.744746	0.439266	-0.002340	2.009283	0.006704	0.376430
1.245382	0.341812	0.000221	1.144279	0.000268	0.233862
2.958054	0.618491	0.010670	2.974690	0.029613	0.649722
2.381466	0.498219	-0.013244	2.384260	-0.001058	0.485217
3.008379	0.607389	-0.007599	3.230201	-0.033081	0.681282
2.523634	0.557170	0.010016	2.493567	0.018191	0.555193
1.285714	0.341737	-0.000216	1.331734	-0.000750	0.236392
2.609201	0.542842	0.025596	2.513212	-0.011744	0.575564
2.950803	0.600215	0.021067	2.923056	-0.014387	0.644723
1.759084	0.450493	-0.001699	2.061546	0.017550	0.380274
1.098898	0.329669	-0.000000	1.098898	-0.000000	0.219780
1.623773	0.384289	0.001751	1.447009	-0.002495	0.287664
2.269848	0.526180	0.018801	2.325965	0.021973	0.509517
1.129789	0.337614	0.000646	1.220650	-0.000011	0.229422
1.627856	0.414235	0.001717	1.994707	0.000690	0.330384
1.561332	0.419195	0.000936	1.755814	0.004762	0.344214
3.271304	0.647826	-0.000876	2.967687	-0.020502	0.717637
1.499458	0.393970	-0.002186	1.527628	0.003314	0.309650
2.553506	0.539311	0.006126	2.324803	-0.004875	0.554083
3.444284	0.667192	0.014438	3.549939	0.023534	0.780080
1.513881	0.383360	-0.008052	1.440778	-0.013539	0.306397
1.433599	0.378223	0.004412	1.445301	-0.001469	0.284147
1.149153	0.343815	-0.000996	1.148019	0.000400	0.234014
1.808956	0.433808	0.011404	1.886747	-0.021871	0.365705
3.091821	0.640374	-0.037010	3.270129	-0.008399	0.731690
1.263087	0.342505	0.000488	1.284602	0.005072	0.254752
2.231496	0.473410	-0.016825	2.079184	-0.017739	0.430519
2.350233	0.565316	-0.035637	2.728325	-0.017243	0.582423
2.686190	0.610115	-0.025805	2.710937	-0.015559	0.638023
3.091046	0.633387	0.031677	2.734567	0.027052	0.690175
3.112527	0.649383	0.020065	3.226906	0.026087	0.702112
2.888217	0.609563	0.004255	2.759548	0.022945	0.632207
1.505603	0.378570	-0.002154	1.552216	-0.018991	0.300710
1.538256	0.383644	-0.002698	1.352783	0.004771	0.286370
2.460749	0.531311	-0.007359	2.585702	-0.022758	0.548674
1.682293	0.425734	0.022175	1.699530	-0.015894	0.382062
1.253085	0.345015	0.000360	1.157184	-0.000042	0.237039
3.218357	0.672207	-0.005098	3.190235	0.033620	0.763123
2.323272	0.541067	0.036972	2.618498	0.018193	0.545441
2.963592	0.668907	0.028040	3.163761	0.029853	0.726945
1.929390	0.411064	0.008260	1.638860	0.007168	0.346833
1.967748	0.460405	-0.028454	1.760177	-0.027077	0.403716
2.007877	0.428447	-0.004024	1.660995	0.002353	0.371788
2.765878	0.578573	-0.002808	2.540013	-0.013286	0.586115
1.887031	0.439576	-0.002445	1.926487	-0.003920	0.366670
2.314813	0.535452	-0.014506	2.506861	0.009122	0.514478
1.353006	0.362331	0.001349	1.279493	0.000859	0.265254
1.287306	0.362817	0.001100	1.315270	-0.001550	0.261237
2.023236	0.492063	0.002998	2.075489	-0.004428	0.449514
1.318728	0.346148	-0.000724	1.289801	-0.008391	0.255806
1.432285	0.397629	0.003910	1.450811	-0.016072	0.302210
3.309056	0.668801	0.004809	3.483671	0.024893	0.787327
2.456182	0.533574	0.008839	2.446668	0.016973	0.499826
2.533569	0.580714	-0.033021	2.993213	0.010531	0.592773
2.775556	0.603896	0.023841	3.075803	0.005055	0.645599
1.670599	0.399834	0.008848	1.489826	0.002742	0.308992
2.298720	0.491264	0.020341	2.031258	0.011996	0.468395
2.283578	0.458464	-0.031632	1.797821	-0.021555	0.426234
1.421886	0.380199	-0.029633	1.447242	-0.012618	0.302828
1.717364	0.400104	-0.003896	1.503969	-0.005873	0.304727
2.382960	0.494179	0.015519	2.143829	-0.005738	0.468367
1.311101	0.347606	-0.000129	1.287323	-0.000586	0.245843
3.092215	0.678901	-0.015064	3.378622	0.016065	0.751393
2.734496	0.565700	-0.005370	2.593699	-0.005307	0.599209
3.170717	0.617619	0.004325	2.960324	-0.026679	0.679439
1.452784	0.373893	0.001444	1.371862	0.004449	0.279852
2.080694	0.499851	0.036907	2.162134	0.028190	0.477832
1.599514	0.426958	-0.010016	1.714866	0.006288	0.356066
2.482813	0.555837	-0.027389	2.454796	-0.035034	0.578327
2.042170	0.498603	-0.033055	2.308344	-0.027943	0.470674
1.757766	0.446503	0.024375	1.553826	-0.003756	0.375434
2.719032	0.539131	0.005199	2.645864	-0.002920	0.540403
3.111188	0.627901	-0.013977	2.907978	-0.002288	0.676053
1.111396	0.333000	-0.000004	1.111039	0.000035	0.223227
1.204168	0.338373	-0.020660	1.137053	-0.004495	0.239372
1.883393	0.381601	-0.027437	1.315368	-0.004553	0.295520
1.993626	0.444518	-0.004040	1.848756	-0.017612	0.372781
1.825480	0.419120	-0.018287	1.781852	-0.004892	0.349696
1.487034	0.391779	-0.005491	1.603087	-0.025656	0.307773
2.881742	0.615046	0.025850	2.887047	-0.035023	0.653162
1.655394	0.395995	-0.004888	1.603645	-0.000922	0.305631
2.206541	0.503519	-0.001075	2.184713	0.004035	0.433054
2.543273	0.529197	-0.013872	2.690105	-0.007129	0.532758
2.367401	0.508044	-0.026670	2.186076	-0.019471	0.479541
2.867335	0.604246	-0.014742	2.889021	-0.026576	0.639420
1.838622	0.451744	0.000377	1.966666	0.000985	0.395516
2.815604	0.538612	0.027100	2.308026	0.024044	0.546680
1.834223	0.417128	0.001525	1.879917	0.008989	0.358809
1.281924	0.352961	-0.000135	1.189114	-0.000414	0.246697
1.509398	0.397921	0.000179	1.577719	0.003349	0.308718
1.303814	0.360676	-0.004466	1.227490	-0.001249	0.255308
1.660501	0.403524	-0.015128	1.460584	-0.030476	0.325726
2.933892	0.648236	0.005833	2.980483	0.033625	0.726279
2.285155	0.515239	-0.001603	2.667511	-0.020984	0.520517
2.049371	0.490498	-0.009038	2.162432	-0.003658	0.442535
1.559033	0.377484	0.000760	1.287543	0.000282	0.288090
1.881177	0.443118	-0.000515	2.195650	-0.014610	0.408156
2.965854	0.635059	0.014730	2.822044	-0.038498	0.706799
1.923125	0.448331	0.018945	2.013201	0.000983	0.378732
2.932065	0.605732	0.001041	2.953379	0.011157	0.644857
1.839853	0.463168	-0.023268	2.040216	0.004909	0.401361
2.561769	0.534797	0.017081	2.384468	0.034033	0.513591
1.510520	0.379497	0.014751	1.490799	0.005007	0.296322
1.804294	0.436836	-0.008605	1.875083	0.006835	0.361206
2.502142	0.566450	0.036844	2.571712	0.038141	0.593982
1.444063	0.371120	-0.011143	1.404609	-0.005271	0.277743
2.624652	0.609829	-0.003021	2.956278	-0.013106	0.654050
1.441672	0.384664	-0.005388	1.526720	-0.012095	0.304670
1.307105	0.357059	0.000739	1.276599	0.000752	0.267020
2.053993	0.507110	0.009046	2.152225	-0.000909	0.448256
1.122558	0.335628	0.000228	1.341388	0.000441	0.229272
2.615455	0.542400	0.010506	2.498921	0.023439	0.528211
2.835183	0.585415	0.005076	2.890156	0.025934	0.652304
3.004966	0.609825	-0.000354	3.021174	0.025707	0.630164
2.604511	0.560195	0.026229	2.482388	-0.006747	0.539680
2.412989	0.480055	-0.021981	2.275685	-0.016575	0.456395
2.062669	0.450392	-0.004286	1.982206	-0.007098	0.394938
1.385701	0.364240	-0.036186	1.302954	0.005437	0.305501
2.415923	0.487586	0.010753	2.165284	0.013100	0.472098
2.823850	0.575836	-0.005976	2.617760	0.004170	0.599784
2.172872	0.493464	0.004505	2.274282	0.018977	0.485407
1.335189	0.349518	-0.000166	1.314496	-0.000084	0.251974
1.703671	0.373630	0.024548	1.469913	0.005116	0.297679
1.168953	0.345015	0.001326	1.229549	0.000205	0.241367
1.207299	0.350555	-0.000996	1.299110	-0.001228	0.245080
1.612808	0.402993	-0.020983	1.856879	-0.007035	0.327659
1.281784	0.367763	-0.005087	1.372646	-0.002719	0.267036
3.038062	0.631135	-0.006647	3.151386	0.017172	0.742106
3.137583	0.649257	-0.010837	3.226598	-0.024907	0.724039
1.268199	0.368248	-0.016927	1.300521	-0.030422	0.287211
1.626396	0.426547	-0.030952	1.749514	-0.022081	0.369906
1.859964	0.482972	-0.031489	2.178388	-0.005715	0.451398
2.401295	0.522806	-0.004890	2.422552	0.005587	0.495900
3.316785	0.672786	-0.010899	3.452025	0.004024	0.762339
2.920341	0.626547	-0.016908	3.114146	0.001121	0.720106
1.382917	0.384309	-0.006956	1.576927	-0.000442	0.292589
1.899323	0.453418	0.033720	1.859213	0.003184	0.388272
1.429138	0.395311	0.017560	1.586509	0.006502	0.307379
1.823886	0.433904	0.008109	1.804654	0.011206	0.399096
1.609165	0.402440	0.003727	1.887273	0.014147	0.326337
2.265069	0.497300	0.013936	2.232224	-0.020940	0.471627
3.337143	0.666607	0.024146	3.131581	-0.017415	0.769548
2.974678	0.517939	0.011603	2.625247	-0.012046	0.512280
2.157784	0.494464	0.034663	1.956806	-0.008801	0.480902
1.901700	0.474970	0.001038	1.930801	-0.010343	0.452488
2.565613	0.547108	-0.032643	2.647789	0.038688	0.579761
1.513635	0.388591	-0.019272	1.459962	0.001987	0.323021
3.208140	0.635602	-0.036006	2.908519	-0.034714	0.711569
1.306397	0.377597	-0.013274	1.435985	-0.017749	0.282270
1.450110	0.375653	-0.004436	1.673541	0.006624	0.286554
2.875579	0.580164	0.000060	2.946342	-0.035249	0.584977
1.370078	0.364643	0.002054	1.225136	0.002327	0.261179
1.865037	0.447438	0.000196	1.970033	0.003106	0.383789
2.702244	0.541548	0.006856	2.286637	-0.000803	0.552432
2.154158	0.501923	-0.020132	2.313472	0.002112	0.466567
1.949416	0.454714	0.000014	1.725368	0.005027	0.378023
1.138809	0.340437	-0.000299	1.293644	-0.000294	0.235231
1.114163	0.332711	-0.000001	1.112327	0.000027	0.224697
1.874511	0.444063	-0.007214	1.856415	0.008185	0.389445
1.317292	0.385595	-0.000034	1.389977	0.002709	0.285129
2.267942	0.482328	0.028426	2.146336	0.026323	0.459560
1.469878	0.380087	0.002040	1.351316	0.007617	0.274633
1.396495	0.369939	-0.000469	1.391340	-0.000349	0.280390
2.401267	0.545827	0.025499	2.666789	-0.000304	0.553591
1.136871	0.339791	0.000103	1.136554	-0.000148	0.230230
1.844070	0.405188	-0.002531	1.721192	0.005735	0.341810
1.391080	0.393105	0.000621	1.537048	0.001060	0.297069
1.986433	0.452345	-0.007057	2.118091	-0.005015	0.393468
1.907610	0.459401	0.001978	2.012901	-0.000782	0.381603
2.627242	0.569668	-0.029578	2.584744	-0.038506	0.592451
2.569126	0.511950	0.033352	2.290350	0.012583	0.486745
1.471399	0.379296	0.001262	1.446950	-0.007913	0.289502
2.044387	0.459508	-0.008701	1.996852	-0.000517	0.399567
1.423570	0.396707	0.001362	1.477750	0.001503	0.303227
3.477552	0.703875	-0.036509	3.672871	-0.008283	0.814057
2.372716	0.513739	0.004586	2.540180	-0.004235	0.483334
1.988059	0.484777	0.006379	2.362555	0.004608	0.443098
3.246346	0.600703	0.025484	2.974356	0.007152	0.666253
2.534793	0.559915	0.013177	2.802811	0.004471	0.564808
2.555708	0.556519	0.005821	2.439564	0.007262	0.578252
1.756508	0.435896	0.002386	1.931308	0.012678	0.379940
1.859178	0.436379	0.007416	1.751710	0.019439	0.362601
1.753363	0.440998	0.009775	1.552304	0.008582	0.381496
1.906361	0.481243	0.012931	2.187963	0.028155	0.452275
1.919345	0.436321	0.032518	1.864127	0.008267	0.388654
2.777711	0.600378	0.016316	2.849849	0.037926	0.669048
2.434172	0.523280	0.000114	2.589199	0.004292	0.501026
2.554262	0.559800	0.028914	2.679684	0.005765	0.535971
2.094355	0.502634	0.025701	2.260874	0.013359	0.473095
1.400150	0.360874	-0.001511	1.381621	-0.004986	0.268045
2.729517	0.590165	0.006616	2.885189	0.014067	0.632215
2.859448	0.610397	-0.004503	3.105908	0.033121	0.672790
1.111052	0.333067	-0.000013	1.111012	0.000012	0.223049
2.062414	0.494994	-0.009788	2.027111	-0.009510	0.478686
2.050796	0.503912	-0.019563	2.400002	-0.016295	0.466062
2.918672	0.627039	0.031035	2.626651	-0.020356	0.662696
2.468116	0.521371	0.004717	2.441239	-0.021707	0.529368
1.338665	0.361637	-0.003200	1.344151	-0.004428	0.257443
1.888985	0.434922	0.000482	1.821955	0.008887	0.362348
1.161920	0.343515	-0.000378	1.302161	-0.000730	0.240914
2.811591	0.598671	-0.036563	2.843638	-0.004679	0.640492
2.294684	0.496754	-0.007537	2.223724	-0.013618	0.446102
1.831771	0.415178	0.031458	1.752130	0.014377	0.353685
2.347356	0.480036	0.019887	2.260326	0.019683	0.457284
1.136265	0.339835	0.000002	1.136631	0.000077	0.229673
1.693067	0.418506	-0.001235	1.524679	0.000614	0.326306
2.023990	0.480997	-0.000788	2.122059	0.000559	0.449131
1.280154	0.353701	0.000289	1.255175	0.000366	0.246337
3.322161	0.669071	0.004736	3.081596	-0.013201	0.725235
2.303722	0.503728	0.011674	2.296743	-0.009184	0.509140
1.885035	0.446172	0.015281	1.745307	-0.002863	0.389042
1.272399	0.350037	-0.000370	1.270252	0.001376	0.244788
2.105239	0.492609	0.022961	2.593658	0.018247	0.440637
2.540001	0.577251	0.003991	2.919869	0.037096	0.589262
2.420972	0.519138	-0.015825	2.389633	-0.006197	0.496104
2.082354	0.477607	-0.014242	1.976016	-0.004035	0.426367
2.350480	0.492676	-0.010349	2.371722	-0.000020	0.487397
1.837640	0.423190	-0.000075	1.715428	0.002142	0.342766
1.214537	0.341860	0.001002	1.295915	0.001554	0.236634
1.253211	0.349173	0.002056	1.346020	0.001444	0.249156
2.563788	0.512364	0.008619	2.326003	0.028407	0.494035
1.509148	0.384615	0.025250	1.438671	-0.001780	0.314648
1.562651	0.378303	-0.007214	1.437349	0.000109	0.277862
1.123170	0.336429	-0.000063	1.123873	0.000071	0.226263
1.744555	0.401359	0.015862	1.569945	0.011629	0.327623
2.298066	0.511157	0.025359	2.394234	0.001407	0.511092
2.607596	0.542112	-0.014346	2.443762	-0.008814	0.540452
1.108576	0.331698	0.000002	1.204665	-0.000531	0.224403
1.992199	0.455966	0.005695	2.221032	0.000517	0.412362
2.248327	0.445183	0.023824	1.986411	0.002393	0.395211
2.453105	0.566260	-0.008736	2.422366	-0.003840	0.526258
1.317119	0.370424	-0.005442	1.455731	0.002971	0.273369
2.286785	0.522455	0.028521	2.253450	-0.020124	0.529712
2.016718	0.466380	0.016878	1.934852	0.014693	0.423453
2.517383	0.547819	-0.011426	2.618564	0.001901	0.552789
1.111305	0.332893	0.000077	1.112326	0.000049	0.223594
1.173199	0.353020	0.002329	1.410286	0.002534	0.245556
2.535621	0.515079	0.018728	2.570008	-0.008675	0.506125
1.124133	0.335190	-0.000075	1.189975	-0.000009	0.229731
3.000486	0.642419	0.012687	2.976452	-0.004176	0.693240
1.427139	0.401936	0.005149	1.692376	-0.002660	0.323541
1.266219	0.348018	-0.001111	1.240082	0.001217	0.244039
2.352995	0.555885	-0.007724	2.803888	-0.017951	0.578390
2.648529	0.574586	0.024014	2.623908	-0.012360	0.586468
1.896957	0.448029	0.009894	1.860153	0.009535	0.384660
3.198280	0.686773	-0.012368	3.485344	-0.015316	0.780717
1.437119	0.385612	-0.000911	1.403243	-0.003746	0.287236
2.449722	0.592320	0.019642	2.911024	-0.003007	0.637351
1.390848	0.371826	0.012610	1.577444	0.004229	0.283427
1.389040	0.362898	-0.000461	1.321292	-0.001357	0.260536
1.477948	0.383977	-0.004726	1.651512	-0.009082	0.293584
3.073156	0.693991	0.012359	3.428755	-0.021262	0.755153
1.424288	0.395285	-0.019831	1.387999	-0.011547	0.312610
3.450605	0.646265	-0.012900	3.397266	-0.003458	0.701207
1.210375	0.355994	-0.000038	1.212083	0.003095	0.248871
1.874267	0.473035	0.014062	2.009163	0.007571	0.435123
2.249694	0.526184	-0.023362	2.173242	0.007180	0.487850
2.490489	0.502797	-0.019496	2.174829	0.010361	0.481390
2.922985	0.645684	-0.011561	2.915229	-0.013793	0.714717
1.193030	0.338528	0.000119	1.142000	0.000473	0.236240
2.065892	0.520079	0.023417	2.305540	0.030004	0.498511
1.366250	0.380626	-0.001414	1.371637	0.003455	0.294495
2.225577	0.485505	-0.004073	2.280869	0.011260	0.427438
2.038490	0.479864	-0.009475	2.256824	0.011703	0.436497
2.088000	0.464044	-0.013243	1.908525	-0.022356	0.396639
2.426171	0.543583	-0.009571	2.538146	0.002303	0.541980
1.598823	0.395251	-0.019093	1.553790	-0.013150	0.312623
2.553598	0.570121	0.001900	2.463392	0.012982	0.612286
1.137199	0.339948	0.000107	1.137853	-0.000232	0.230961
1.098898	0.329669	-0.000000	1.098898	-0.000000	0.219780
1.949005	0.446256	0.004290	1.553635	0.006607	0.369474
3.011093	0.608195	0.002217	2.878233	0.005046	0.653315
1.149382	0.342202	-0.001016	1.214435	0.000461	0.236622
2.682508	0.571004	-0.003659	2.502910	-0.026391	0.610348
1.759967	0.439014	-0.005142	1.804666	-0.017994	0.374831
2.381287	0.506164	0.005831	1.982079	0.002212	0.461718
1.779622	0.422487	0.012280	1.901369	0.003746	0.339348
1.572314	0.399075	-0.004047	1.518823	-0.004181	0.314689
1.302483	0.365630	-0.002484	1.233752	-0.003999	0.265666
1.837263	0.426525	0.009599	1.941072	-0.004044	0.364530
3.181470	0.623698	-0.012123	3.086809	-0.004169	0.709190
1.211638	0.346635	-0.009501	1.174337	-0.004356	0.251478
1.858217	0.442718	0.000023	1.833796	-0.004844	0.381919
2.583920	0.532444	-0.013902	2.441360	-0.005282	0.539251
1.381696	0.368432	0.003626	1.349672	0.003868	0.283095
3.055461	0.651003	-0.031061	2.970653	-0.024267	0.722021
1.636053	0.390115	0.000289	1.444802	-0.001897	0.297024
1.136733	0.339715	0.000516	1.138101	0.000060	0.230657
2.747753	0.596487	0.010483	2.971104	-0.006002	0.658167
1.976112	0.453939	-0.003360	1.784366	0.018640	0.410421
2.076641	0.459389	-0.013246	1.881543	-0.022974	0.411237
1.153724	0.343802	0.002080	1.346399	-0.000079	0.237734
1.654533	0.364285	-0.036112	1.429092	-0.012591	0.288923
1.392554	0.399640	-0.004791	1.481188	-0.000428	0.306309
3.410799	0.679290	-0.009401	3.108686	-0.003188	0.784525
2.307751	0.511585	-0.014010	2.477201	0.008355	0.514300
2.521352	0.516569	-0.013070	2.231713	-0.038098	0.474558
2.760981	0.539926	-0.016059	2.765589	-0.020260	0.584618
1.326020	0.366381	-0.036607	1.404590	-0.026776	0.287729
2.776951	0.567746	-0.000194	2.496794	-0.016849	0.610127
1.503120	0.415680	0.001326	1.625410	0.004477	0.330072
1.707486	0.406786	0.001624	1.660198	-0.000912	0.313354
2.491648	0.554931	-0.012542	2.684290	0.017492	0.520930
1.341500	0.373555	0.002143	1.339973	0.000411	0.272909
1.265522	0.348650	0.002654	1.305466	-0.000596	0.247635
1.904074	0.469844	-0.001243	2.333254	-0.004161	0.462208
1.505050	0.398599	-0.005141	1.477675	-0.007001	0.315699
1.423260	0.386622	-0.002912	1.420925	-0.005592	0.289651
2.109881	0.458105	-0.014833	1.929270	-0.001903	0.411248
1.467554	0.380162	-0.004647	1.540186	0.000847	0.281313
2.814290	0.591474	-0.009649	2.658027	-0.018068	0.632862
3.071207	0.599012	-0.014651	2.894248	-0.003157	0.619890
3.294018	0.702938	-0.009773	3.356702	-0.004143	0.757322
1.512138	0.370234	0.002438	1.348749	0.006962	0.265793
2.985874	0.605102	0.036807	2.970783	0.009290	0.647811
1.890295	0.418400	-0.004940	1.800617	0.000048	0.353649
2.903245	0.634733	-0.017161	3.081028	0.020861	0.704685
1.098898	0.329669	-0.000000	1.098898	-0.000000	0.219780
2.146858	0.494580	-0.006782	2.123723	0.019585	0.434913
3.022364	0.627311	-0.005357	3.022432	0.024951	0.703443
1.270807	0.372040	-0.002545	1.527222	-0.003591	0.275897
3.060533	0.636409	0.001146	3.043091	0.005804	0.683678
2.148879	0.525847	-0.006697	2.207026	0.008652	0.504329
1.110970	0.333067	-0.000027	1.111140	-0.000004	0.222980
1.682633	0.403495	-0.018057	1.559788	-0.020593	0.347978
2.030250	0.484437	-0.001128	2.245305	-0.022678	0.447321
2.754416	0.603446	0.036630	2.763147	0.037609	0.645100
2.543146	0.596607	-0.001330	2.781317	0.030547	0.612060
3.345387	0.660745	0.022808	3.192309	0.011773	0.781825
2.142263	0.488903	0.003532	2.166858	-0.002273	0.448357
3.097920	0.648487	0.005096	3.011804	0.025246	0.689322
2.062045	0.479612	0.008145	2.176380	0.013294	0.444725
1.538836	0.381134	0.001464	1.393767	0.000272	0.290828
1.142303	0.341701	0.000447	1.235413	0.000072	0.233436
1.891258	0.453908	-0.006955	2.014705	-0.033116	0.423895
2.519125	0.491702	-0.012059	2.069696	-0.001958	0.440842
2.377209	0.506429	-0.000481	2.573227	0.029282	0.491208
2.414172	0.528305	0.002714	2.504550	0.025506	0.520998
2.068502	0.440690	0.011269	1.929652	0.018044	0.365051
1.303260	0.382101	0.012438	1.506632	0.008214	0.287448
1.235126	0.362069	-0.003263	1.315808	-0.002944	0.266570
1.407021	0.363806	0.000195	1.559744	0.009000	0.270902
1.728926	0.425552	-0.002498	1.699958	0.012364	0.350706
1.338539	0.385000	0.007577	1.508157	0.007064	0.290343
3.126221	0.653394	-0.039797	3.133604	-0.004459	0.734329
3.387229	0.707132	0.009554	3.448131	-0.012647	0.819626
1.425450	0.351956	-0.000619	1.266683	-0.000150	0.246351
1.526614	0.385969	-0.001140	1.505155	-0.022964	0.307919
1.360268	0.381094	0.002708	1.387663	0.000776	0.283881
2.124333	0.486071	0.021291	2.116608	0.008491	0.438169
2.780229	0.634068	-0.012293	3.222653	0.007799	0.712966
1.281668	0.353275	-0.000089	1.266211	0.005744	0.251130
2.166854	0.516849	-0.000677	2.590783	-0.007126	0.481283
1.828728	0.409036	-0.011687	1.664440	-0.027767	0.352100
1.443157	0.377767	0.004920	1.388628	0.001996	0.278323
2.228404	0.519310	0.001948	2.445899	0.016020	0.490484
1.391253	0.376322	0.004435	1.365170	0.002319	0.280796
2.271504	0.532229	0.001278	2.635183	-0.018754	0.529389
1.311348	0.357389	-0.001879	1.307024	-0.001616	0.258479
2.442053	0.512017	0.024561	2.274708	0.024410	0.481519
2.446185	0.555253	0.022122	2.809078	0.038451	0.547129
1.641659	0.418918	-0.031263	1.760261	-0.007313	0.357014
1.224349	0.359514	-0.000293	1.245437	-0.002379	0.255343
2.386291	0.487678	-0.001196	2.156366	-0.002621	0.474241
1.528397	0.385821	-0.003007	1.404641	-0.003393	0.296833
2.031709	0.499454	-0.005495	2.184777	-0.011737	0.467379
1.743380	0.424406	0.008490	1.732878	-0.007934	0.356751
1.966444	0.454792	0.016836	1.852464	0.001198	0.402358
1.443931	0.391587	0.016408	1.383685	0.028103	0.308543
3.348036	0.662130	-0.023178	3.419040	-0.031118	0.757105
2.492884	0.598547	0.026231	3.067708	-0.016664	0.610151
2.009634	0.466424	0.020934	2.123524	0.027009	0.435388
2.320246	0.510869	0.010412	2.263005	-0.005420	0.479410
1.893746	0.474926	-0.006788	1.919052	0.005867	0.409321
1.098898	0.329669	-0.000000	1.098898	-0.000000	0.219780
2.305368	0.514714	0.002605	2.299917	0.006783	0.482148
1.184436	0.334567	-0.000127	1.208371	-0.000077	0.229369
1.559061	0.381532	-0.007237	1.466101	-0.005275	0.309452
2.730316	0.597796	-0.008379	2.610110	0.010935	0.625190
1.152036	0.343113	-0.000312	1.149707	0.000189	0.234694
2.440852	0.533225	-0.001266	2.500091	-0.036986	0.525980
2.850036	0.591251	0.019763	3.059423	-0.018261	0.628710
1.162123	0.347199	0.000269	1.183266	0.000464	0.237251
2.597016	0.597167	-0.030673	3.041204	-0.004951	0.632573
1.584094	0.386448	0.012396	1.631246	-0.011308	0.321240
2.475448	0.516970	0.020146	2.530475	-0.012529	0.492987
1.112046	0.332867	0.000205	1.112787	0.000071	0.224111
2.385471	0.543755	-0.011074	2.196365	-0.012649	0.509927
2.898774	0.608367	0.015050	2.729240	0.004575	0.664780
2.491672	0.512943	0.008972	2.436665	0.021798	0.512572
2.457488	0.531961	0.001774	2.453736	-0.003181	0.509932
2.191206	0.466558	0.022494	1.935955	0.016251	0.424673
2.633461	0.580739	0.030247	2.810208	0.037766	0.599821
1.883956	0.415617	-0.002649	1.979341	0.010977	0.342594
2.126556	0.450297	-0.006456	1.890230	-0.005045	0.388825
1.805703	0.433158	0.004546	1.857384	0.002547	0.347675
1.562788	0.370149	-0.038991	1.297085	-0.037815	0.308035
1.726011	0.392207	-0.002785	1.543722	-0.004905	0.300053
2.423926	0.516003	-0.012738	2.334429	-0.021930	0.480741
1.511090	0.413026	-0.003584	1.653252	-0.005197	0.321524
1.570362	0.385388	-0.002037	1.635754	-0.012745	0.299603
2.467967	0.536629	-0.030144	2.307420	-0.013220	0.511473
2.772512	0.564191	0.010835	2.431896	0.006549	0.533231
3.245486	0.667556	-0.009091	3.378174	-0.010951	0.783241
2.797432	0.657226	-0.015356	2.937642	-0.030925	0.705224
2.157551	0.466108	-0.018920	2.081599	-0.034038	0.466905
3.673852	0.638787	-0.022045	3.153634	-0.000652	0.681698
2.612496	0.567207	-0.026993	2.756256	0.015261	0.602867
2.366627	0.501976	-0.036695	2.399396	0.004552	0.491716
2.023718	0.486678	-0.033818	2.183075	-0.006157	0.454352
2.582956	0.564714	0.036995	2.625303	0.006114	0.560665
2.018781	0.475714	0.005536	2.178104	-0.033648	0.432877
2.388326	0.548224	0.006415	2.370931	-0.011972	0.542880
1.757043	0.434299	0.007294	1.768243	0.009704	0.361157
2.112905	0.459072	-0.009812	1.962920	-0.002385	0.400445
2.488919	0.567773	0.011195	2.551302	0.030263	0.570357
1.522306	0.369547	0.000461	1.245034	0.001262	0.272914
1.415399	0.361257	0.001826	1.248296	0.008688	0.262635
2.597610	0.562138	-0.014100	2.632412	-0.032292	0.573050
2.168952	0.479901	-0.030025	2.247001	-0.027994	0.441459
3.484890	0.678539	-0.021944	3.827336	-0.014168	0.771813
1.293445	0.383594	-0.000449	1.473905	-0.003366	0.282128
3.141778	0.664676	0.008537	3.165582	-0.006275	0.740199
2.000753	0.432253	0.005674	1.952291	-0.009183	0.361653
1.841277	0.436504	-0.001654	1.858471	0.024576	0.409556
1.098898	0.329669	-0.000000	1.098898	-0.000000	0.219780
2.612272	0.542447	-0.029898	2.497573	-0.012722	0.517483
3.338879	0.663779	-0.017943	3.180728	0.019448	0.754473
1.959969	0.428761	-0.005987	1.788676	0.001185	0.355854
1.617615	0.401985	-0.038919	1.639352	-0.032634	0.352933
2.245691	0.479977	-0.003082	2.180279	0.009896	0.435056
2.222876	0.536227	-0.030937	2.422519	0.011282	0.504338
1.408549	0.376614	-0.003624	1.399325	0.011686	0.299943
2.911474	0.562427	0.036444	2.970755	0.005059	0.591963
1.408410	0.359612	-0.001744	1.279821	-0.001569	0.260105
1.858819	0.408415	-0.004099	1.484721	-0.000509	0.317533
1.344071	0.360730	-0.027319	1.297505	-0.003539	0.273606
1.310310	0.345828	-0.001218	1.307914	-0.000902	0.246031
2.692507	0.556162	0.004712	2.520579	0.014070	0.557293
2.071491	0.475293	0.013982	2.114945	0.004768	0.423235
2.069971	0.461510	0.000428	1.986944	-0.013834	0.403408
2.515245	0.513785	-0.002649	2.282117	-0.023354	0.487488
3.363621	0.664709	0.014525	3.233550	-0.015170	0.763287
2.154088	0.520512	0.031699	2.176906	0.000029	0.499517
1.354668	0.373200	-0.006663	1.482278	0.008213	0.278143
1.598912	0.398948	-0.000631	1.615494	-0.001007	0.321951
2.059905	0.450553	0.012472	1.853474	0.008596	0.409462
2.183459	0.496556	0.007547	2.343381	0.010804	0.461956
2.429631	0.534305	-0.014773	2.352270	-0.013834	0.535119
2.299565	0.512130	-0.007303	2.360740	-0.010538	0.481110
1.208175	0.334377	0.000213	1.116490	0.000130	0.225681
2.956543	0.574071	0.013046	2.824917	0.006498	0.579055
1.635061	0.448960	-0.000231	1.915995	-0.003132	0.379763
2.432127	0.514643	0.038651	2.188470	0.012061	0.487031
1.344403	0.372625	0.001694	1.302996	0.002478	0.269561
1.381991	0.397416	-0.010771	1.568120	-0.003727	0.303007
1.691578	0.405180	-0.009836	1.721714	-0.014849	0.353047
2.350649	0.517226	-0.007069	2.321696	-0.011221	0.493521
2.812041	0.569480	0.009801	2.632078	0.000794	0.601813
3.076565	0.597780	-0.017091	2.806825	-0.012287	0.642001
2.407967	0.537166	-0.011688	2.203898	-0.021898	0.515985
1.125076	0.336323	-0.000004	1.123650	-0.000061	0.227052
1.327043	0.370761	-0.010345	1.319796	-0.008821	0.273610
1.190887	0.354735	0.000661	1.246931	0.001741	0.245510
1.211390	0.357737	0.003740	1.222575	0.002046	0.253226
2.051575	0.443274	0.002341	1.861453	0.000348	0.418500
1.334372	0.372072	0.000942	1.472171	-0.001350	0.271459
1.853607	0.444002	0.005565	1.987489	0.011537	0.385517
2.899250	0.567333	0.024500	2.632108	0.026315	0.597111
1.981535	0.457450	0.021348	2.102533	-0.001340	0.406102
3.048606	0.665789	-0.004243	3.412904	0.001034	0.686810
1.405753	0.361034	-0.004447	1.239378	0.001147	0.267261
1.285246	0.340595	0.000525	1.147544	-0.000160	0.238096
1.639301	0.392177	0.002033	1.367033	0.001285	0.299918
1.329413	0.382950	-0.001606	1.632317	0.002054	0.282269
1.209036	0.357541	-0.001302	1.222937	-0.001209	0.250202
1.168366	0.346110	-0.000556	1.167855	0.000125	0.241753
2.859538	0.558022	-0.028622	2.475717	-0.001605	0.578540
3.552477	0.647519	-0.006587	3.490765	0.014565	0.755045
3.353228	0.709478	0.020583	3.382267	0.030735	0.806371
2.754747	0.564933	0.029638	2.767697	-0.035804	0.599519
2.808715	0.562899	0.033559	2.651380	-0.032486	0.595021
2.563328	0.553476	0.011856	2.665549	-0.024098	0.542817
2.179748	0.495423	-0.001495	2.290551	0.000386	0.460395
2.166627	0.519766	-0.000747	2.206291	0.037307	0.497790
1.098898	0.329669	-0.000000	1.098898	-0.000000	0.219780
1.098898	0.329669	-0.000000	1.098898	-0.000000	0.219780
2.959557	0.606143	-0.026467	2.807386	0.005315	0.634874
3.007772	0.595318	-0.002149	3.099674	0.014700	0.615166
1.506690	0.368012	-0.000000	1.285472	0.002164	0.272007
1.859640	0.424564	0.010142	1.732087	0.016076	0.355345
1.288870	0.355087	-0.000070	1.237454	-0.000715	0.257402
2.308835	0.471628	0.006829	2.463314	0.006622	0.425327
1.368642	0.363676	0.003251	1.226192	-0.001450	0.258639
1.210554	0.334445	-0.000359	1.117875	-0.000042	0.226052
1.799388	0.418710	-0.000851	1.746903	-0.004965	0.359953
1.354569	0.371613	0.001273	1.383511	-0.000795	0.289342
1.641967	0.442666	-0.016487	1.691810	0.002312	0.356092
1.248121	0.358000	0.000030	1.324408	0.000654	0.251949
1.341531	0.364802	0.001634	1.368890	-0.001192	0.267403
1.690086	0.437626	-0.010038	1.665261	-0.020648	0.377506
1.419526	0.365618	0.001741	1.242853	0.001912	0.261816
3.195938	0.682700	-0.000877	3.407852	-0.004747	0.771601
2.123063	0.492328	-0.029641	2.476107	-0.011406	0.477760
2.170679	0.449533	-0.022000	1.997998	0.021504	0.407911
1.996205	0.452880	-0.010584	1.908868	0.001523	0.392181
1.461396	0.377572	-0.004107	1.559912	-0.003414	0.295567
2.651036	0.497624	-0.031027	2.142770	-0.040103	0.492036
1.376346	0.377787	0.013172	1.552145	0.004958	0.294275
3.122093	0.649638	-0.036427	3.222552	0.034104	0.726804
3.117610	0.646253	-0.039584	3.337290	-0.011539	0.714018
2.148715	0.483772	-0.035739	2.196593	-0.012976	0.470379
1.606952	0.391426	-0.025020	1.459006	-0.013395	0.308011
3.317213	0.646991	0.022469	3.383049	0.032340	0.714031
1.524355	0.372106	-0.002219	1.485718	-0.006254	0.286053
1.593807	0.398823	-0.004226	1.628617	-0.002016	0.310051
2.715941	0.593079	-0.003202	2.559050	-0.032239	0.610578
1.421506	0.365909	-0.000420	1.233456	-0.000902	0.264695
2.910314	0.539021	0.010486	2.602454	0.014832	0.546148
2.238586	0.509016	0.008929	2.396683	0.004066	0.475962
2.426805	0.496254	0.035254	2.121519	0.001578	0.461407
1.181341	0.350863	0.000808	1.228415	0.001990	0.241944
1.293846	0.355573	-0.000505	1.374048	0.000308	0.257485
1.477466	0.397517	0.001705	1.614740	-0.005187	0.312510
2.135053	0.519792	-0.012453	2.398064	-0.001078	0.496236
1.689997	0.402877	0.001983	1.899458	0.003031	0.320667
2.484876	0.554450	-0.025637	2.866733	0.001187	0.566103
2.986541	0.663700	-0.012800	3.080061	-0.002803	0.777553
1.525905	0.378705	0.000036	1.480482	-0.006625	0.279601
3.170518	0.628193	-0.002799	3.091516	-0.009434	0.690509
2.269345	0.491534	0.015143	1.933226	0.017272	0.441231
1.187706	0.351900	0.001427	1.355039	0.002673	0.254980
2.445387	0.520723	0.019746	2.456128	0.000687	0.528919
1.111697	0.332774	-0.000071	1.113093	0.000035	0.223981
2.767562	0.576191	0.017163	2.872970	0.017613	0.602410
3.429747	0.683241	0.006780	3.556640	0.007229	0.809348
1.521878	0.395096	-0.003603	1.660851	-0.003154	0.304711
2.247573	0.479955	0.022353	2.157002	0.023627	0.479351
1.971093	0.447990	0.010811	1.945558	-0.007231	0.382329
1.972593	0.423284	0.003273	1.974732	0.040176	0.383447
1.360656	0.347428	0.001871	1.168800	-0.000741	0.242793
3.131435	0.591166	-0.002267	2.635761	-0.002716	0.628316
1.877789	0.403970	0.003173	1.703311	-0.002854	0.337022
1.890845	0.432601	-0.004198	1.828545	-0.001581	0.362114
1.501007	0.355803	-0.001866	1.270888	-0.002471	0.259004
2.020545	0.431003	0.002603	1.931067	-0.011014	0.376804
1.613939	0.383226	0.002919	1.426354	0.003167	0.289516
2.352182	0.519773	0.001003	2.176374	-0.029433	0.489746
2.115881	0.492526	-0.024136	2.421769	-0.010215	0.457658
1.381766	0.387549	0.013970	1.471102	0.030691	0.311727
1.632551	0.413735	-0.002993	1.821945	-0.005914	0.339843
3.000000	0.584529	-0.003464	2.837264	0.004021	0.656605
1.492040	0.375148	-0.005467	1.381480	-0.021962	0.291367
1.973550	0.456268	-0.008867	1.875775	-0.004074	0.392394
1.447857	0.350295	-0.000522	1.340358	-0.000937	0.245419
2.721331	0.603518	-0.022937	2.593599	0.006593	0.643069
2.318450	0.503193	-0.029317	2.343648	-0.002545	0.491613
1.871217	0.415378	-0.008486	1.857089	-0.011683	0.338164
2.640380	0.599441	-0.022719	2.877113	-0.000599	0.623491
2.846727	0.616003	-0.012359	2.812564	0.010484	0.631925
2.777360	0.555647	0.007968	2.404089	-0.018283	0.550381
1.285129	0.354440	0.000543	1.194826	0.001439	0.248088
1.356163	0.385204	-0.001535	1.431527	-0.036882	0.320648
1.605451	0.403772	-0.002804	1.462726	-0.003055	0.310774
1.223563	0.349728	-0.003931	1.263720	-0.002232	0.245845
3.068902	0.594968	-0.037865	2.900396	-0.033764	0.635333
2.266514	0.535965	0.006452	2.184808	-0.012133	0.503791
2.755188	0.610949	0.033085	2.567639	0.015735	0.647153
1.318907	0.373190	0.016519	1.358102	0.027931	0.292735
1.175053	0.350294	0.000219	1.190044	0.001285	0.243180
1.394836	0.385510	-0.006714	1.477189	-0.003384	0.290988
1.267028	0.357387	0.000370	1.223944	-0.000922	0.254866
1.098898	0.329669	-0.000000	1.098898	-0.000000	0.219780
1.098898	0.329669	-0.000000	1.098898	-0.000000	0.219780
1.659646	0.410683	0.002178	1.681355	0.004504	0.315810
2.961019	0.626773	0.008137	3.055700	0.003652	0.678301
2.275575	0.490642	0.006698	2.146452	0.006350	0.442193
1.492165	0.370095	-0.018123	1.350672	-0.011724	0.284957
1.194398	0.338971	-0.000006	1.137918	-0.000516	0.233578
1.527309	0.395527	0.006178	1.566899	0.001242	0.312382
1.262514	0.359306	-0.002539	1.213320	0.000634	0.252959
1.963179	0.490418	0.024739	2.254716	0.010456	0.448781
2.881860	0.616587	0.003492	3.091743	0.020278	0.669081
2.907984	0.624596	0.007833	2.678556	0.017644	0.659869
2.356732	0.579464	0.012174	2.670276	0.011288	0.588936
1.368935	0.374380	-0.005697	1.362211	-0.004364	0.280239
1.199932	0.337784	0.000061	1.156502	-0.000312	0.227745
3.181043	0.652101	-0.011347	3.100774	-0.011486	0.697781
1.915003	0.439882	-0.011781	2.040828	-0.016998	0.385376
1.514065	0.385549	-0.009161	1.349846	0.001356	0.292301
1.981122	0.447123	-0.007186	1.942063	-0.013475	0.395495
1.446707	0.390770	-0.001245	1.524908	-0.007359	0.301868
2.996040	0.621674	0.015479	3.038610	0.022397	0.679320
2.465059	0.495904	0.011162	2.100198	0.002478	0.452582
1.786459	0.423242	0.005716	1.634623	0.006642	0.343523
1.923568	0.440921	-0.002267	1.725777	-0.014044	0.364689
2.385063	0.501828	0.010576	2.632453	0.020533	0.493551
1.296168	0.358809	-0.001161	1.442958	0.000914	0.258948
1.226258	0.341183	0.000059	1.139904	0.000390	0.231574
2.596498	0.559985	0.028307	2.700317	0.028782	0.572372
2.825767	0.561557	0.033227	2.609800	0.020033	0.578478
1.563602	0.410120	-0.003357	1.782193	-0.006729	0.341320
2.461964	0.519200	-0.017210	2.630359	-0.028191	0.505325
2.760350	0.562298	-0.000608	2.620179	-0.005900	0.574859
3.093012	0.648445	-0.017743	3.036566	0.008744	0.704780
2.447210	0.540063	0.015495	2.337294	0.008784	0.524943
1.369613	0.349901	0.004907	1.222091	0.005569	0.251742
2.836893	0.568323	0.018064	2.345719	0.003098	0.557487
1.892463	0.425739	0.001905	1.609550	-0.000463	0.349397
1.158421	0.345424	0.000421	1.255363	0.000008	0.239399
2.580041	0.532317	0.014169	2.655541	0.007113	0.531306
1.825043	0.450195	0.019103	1.737463	-0.009571	0.410303
3.048034	0.633882	0.022331	2.954042	-0.029226	0.704928
2.842137	0.578610	0.023489	2.874802	0.022315	0.628328
1.098898	0.329669	-0.000000	1.098898	-0.000000	0.219780
1.559571	0.366319	-0.005182	1.495622	-0.026993	0.284788
1.123319	0.336695	0.000556	1.123304	0.000409	0.227108
2.032910	0.483531	-0.016402	2.072450	0.015234	0.428073
1.239461	0.366230	-0.000119	1.288059	0.000747	0.262365
1.607502	0.410281	-0.008701	1.655405	-0.001920	0.337077
1.462502	0.365194	-0.001373	1.416253	-0.003819	0.284869
1.354870	0.359506	-0.002673	1.301171	-0.004487	0.256622
3.039279	0.647181	-0.002008	3.042412	0.023826	0.744330
1.959270	0.498412	-0.000773	2.284531	-0.018802	0.451562
2.118042	0.480683	-0.000108	2.063733	0.002255	0.434438
2.349203	0.481882	-0.013445	2.058693	0.004435	0.433578
1.742854	0.427409	0.007760	1.799466	0.026859	0.374320
1.172533	0.336022	-0.001183	1.224600	0.000000	0.234818
1.235637	0.364859	-0.001026	1.237331	-0.000005	0.258199
1.614573	0.372730	0.035099	1.511162	0.011385	0.299643
1.572633	0.388886	0.000254	1.408895	-0.004170	0.290905
1.824539	0.446728	-0.005886	1.892534	-0.011706	0.399554
3.050093	0.566388	0.026017	2.710791	-0.005886	0.572429
2.059701	0.462815	0.023246	2.030624	0.004922	0.429426
1.607664	0.422516	0.020340	1.822912	0.010742	0.356489
1.926978	0.477063	-0.013120	1.920216	0.005346	0.411204
1.646154	0.391397	0.006220	1.610173	0.003000	0.305870
3.217656	0.699813	0.012202	3.228630	0.005425	0.845833
1.379828	0.369117	0.020566	1.248667	-0.000972	0.272933
2.332582	0.549419	0.010266	2.356608	-0.001208	0.538850
1.896312	0.424990	0.010457	1.722464	0.003434	0.337221
1.621876	0.423603	0.006326	1.818879	0.021871	0.347304
3.150694	0.704993	0.000130	3.458155	0.013435	0.798722
1.231453	0.362150	-0.003815	1.345295	-0.003946	0.258991
2.138771	0.480210	-0.003202	2.207943	-0.029825	0.453013
1.315133	0.365753	-0.002590	1.295919	0.000215	0.260418
1.615184	0.389625	-0.005618	1.577626	-0.010745	0.325622
3.512456	0.699107	-0.009144	3.628362	0.002494	0.805326
2.326236	0.524580	0.024126	2.493225	0.015732	0.491688
3.051844	0.634113	-0.015781	3.061245	-0.018366	0.707269
1.558741	0.396569	0.005869	1.652583	-0.020641	0.322924
1.165727	0.346822	-0.003173	1.185621	-0.000058	0.237771
2.472014	0.530376	0.012228	2.601944	-0.013051	0.525259
2.983260	0.624991	-0.015102	2.969217	-0.002786	0.670198
1.111721	0.332995	0.000006	1.110985	-0.000002	0.223246
2.523976	0.610169	-0.000049	2.759736	-0.000019	0.650735
1.157482	0.345428	-0.000244	1.338175	-0.000037	0.237758
3.256326	0.658991	-0.034832	3.529232	0.039585	0.751350
2.045084	0.458182	-0.014214	1.941224	-0.014517	0.408158
1.499341	0.368873	-0.002449	1.506838	0.000854	0.273278
3.164720	0.580749	-0.012065	2.657204	-0.003358	0.608214
1.454408	0.395754	0.000250	1.593116	-0.013861	0.298727
1.558317	0.390770	-0.014292	1.334720	-0.006927	0.290552
1.276555	0.356924	0.001216	1.214085	-0.002841	0.254009
2.381971	0.505714	-0.026556	2.448515	-0.019600	0.486671
2.255707	0.465042	0.021686	2.123018	0.012478	0.430479
1.400211	0.386065	0.006489	1.324938	0.009497	0.293809
2.432599	0.534008	0.027527	2.603640	0.031996	0.547737
1.147401	0.343382	-0.000628	1.149950	-0.000973	0.233515
2.152277	0.467990	0.016413	2.442796	0.028094	0.424427
3.169707	0.648409	-0.005650	3.118662	-0.008157	0.738721
2.761901	0.596326	-0.027713	2.531653	-0.003786	0.657937
1.227433	0.337283	-0.000228	1.202875	0.000586	0.234331
1.428112	0.402186	-0.002848	1.705492	-0.024626	0.316058
1.098898	0.329669	-0.000000	1.098898	-0.000000	0.219780
2.158789	0.482827	-0.027266	2.181717	-0.026326	0.498789
1.695012	0.432252	-0.018327	1.725601	-0.035124	0.363093
2.088189	0.484188	-0.034926	2.194018	-0.029157	0.458716
1.480316	0.374848	-0.027881	1.594673	-0.010946	0.298013
2.303802	0.524480	0.002317	2.377356	-0.017040	0.517162
1.362795	0.357173	0.001980	1.302532	-0.000318	0.272502
1.416704	0.391673	0.003821	1.559903	-0.003911	0.299289
1.964051	0.447252	-0.027123	1.908763	-0.019568	0.385290
2.055530	0.484219	-0.008873	2.054043	-0.005619	0.444853
2.187532	0.493797	0.037322	2.329842	0.034251	0.464152
1.267959	0.355129	-0.001501	1.272364	-0.001659	0.255072
2.787345	0.604735	-0.021531	3.062325	-0.001018	0.630277
1.583030	0.415965	-0.020364	1.612648	-0.000251	0.337917
1.404688	0.353574	0.002447	1.197428	-0.000085	0.249501
2.050551	0.484277	-0.018507	2.233576	-0.022439	0.440411
1.747256	0.402619	0.028847	1.787372	-0.033860	0.354827
1.582770	0.405198	-0.028463	1.574356	-0.038931	0.342673
2.695418	0.584370	-0.025695	2.789820	-0.000251	0.580534
1.509459	0.369382	-0.005216	1.293898	0.003314	0.269790
1.582553	0.371919	0.020950	1.431592	-0.000639	0.290601
1.149013	0.333332	0.000082	1.111604	-0.000007	0.223388
2.207802	0.481366	0.029991	2.153632	0.007311	0.422345
2.001247	0.442678	0.018490	1.966954	0.021059	0.397389
1.382183	0.360325	0.001804	1.372871	-0.000365	0.257469
1.866208	0.476793	-0.006755	1.961939	0.005192	0.411539
1.451136	0.393298	0.034227	1.542943	0.036714	0.330067
1.227194	0.356509	0.002828	1.312901	-0.000925	0.256369
1.098898	0.329669	-0.000000	1.098898	-0.000000	0.219780
2.009135	0.450102	0.001046	1.737139	-0.005349	0.378717
3.136277	0.657944	0.015285	3.259065	0.003382	0.766711
1.531527	0.405795	-0.000181	1.696122	0.012113	0.333032
2.578908	0.519324	-0.012924	2.343314	-0.013308	0.486612
2.899726	0.602653	-0.012282	2.924111	0.010166	0.649626
3.118421	0.675047	-0.010413	3.128392	-0.023950	0.770715
1.098898	0.329669	-0.000000	1.098898	-0.000000	0.219780
2.590410	0.554852	0.010466	2.297338	0.004090	0.556822
3.529781	0.686254	-0.016200	3.195143	0.006401	0.796132
2.743723	0.553558	-0.005671	2.663660	0.009604	0.569329
1.952466	0.453815	0.015816	1.999538	0.026492	0.402008
1.898457	0.464274	0.023142	2.142766	0.013045	0.446433
1.453740	0.393359	0.017178	1.758080	-0.011927	0.332387
3.382927	0.686133	0.018644	3.362876	-0.025374	0.810207
2.045903	0.492274	0.012760	2.163821	-0.012023	0.465392
1.183457	0.343475	0.000977	1.294816	0.001329	0.242405
1.334373	0.358051	-0.015145	1.393611	-0.003785	0.263119
1.455888	0.364867	-0.005795	1.313853	-0.002510	0.271848
1.480188	0.361637	0.002550	1.397307	0.006966	0.265465
2.527707	0.542130	-0.024612	2.617810	0.008578	0.548425
1.725427	0.422702	-0.015338	2.231885	0.027522	0.386389
1.379335	0.364120	-0.003794	1.380611	-0.001509	0.267079
1.129048	0.336149	-0.000664	1.163858	-0.000480	0.229883
1.427214	0.383132	0.003660	1.644893	0.003540	0.299327
2.408799	0.550538	0.022040	2.527547	0.005952	0.554953
1.459598	0.391325	0.002808	1.511971	-0.003145	0.299778
2.019363	0.487729	0.017902	2.226173	0.019574	0.448872
2.680527	0.604304	0.000148	3.306223	0.018609	0.666763
3.507836	0.720335	0.037711	3.087746	0.016959	0.850407
1.540850	0.397001	0.016635	1.458163	0.014138	0.315847
3.399481	0.713779	0.009499	3.615643	0.005802	0.850369
1.868719	0.424147	0.001678	1.887822	-0.005264	0.355516
1.505019	0.383539	-0.030362	1.445109	-0.013924	0.310527
2.175979	0.496472	0.010806	2.184315	0.014075	0.472380
1.555934	0.397499	0.005236	1.482300	0.013261	0.329134
1.928163	0.434740	-0.000334	1.775360	0.002788	0.364967
2.952604	0.645089	0.000559	3.207717	-0.029314	0.730899
1.510692	0.396855	0.001453	1.746160	-0.003527	0.307629
2.109465	0.473470	-0.001132	1.843619	0.014123	0.422880
1.303572	0.359830	-0.002429	1.519740	-0.004919	0.268778
1.917062	0.473177	0.030026	1.914071	0.012219	0.424356
1.197429	0.341401	0.002445	1.137317	0.001119	0.233095
3.132806	0.617329	-0.001505	2.924626	-0.034231	0.679968
1.494176	0.391534	-0.002812	1.519213	0.003691	0.308061
1.354574	0.343429	-0.000072	1.155367	-0.000433	0.239057
1.765348	0.422709	-0.002763	1.802999	0.002769	0.340828
2.095510	0.459027	0.018452	2.044351	-0.001700	0.407347
1.265500	0.353139	0.002377	1.310856	0.006287	0.255533
1.581474	0.423346	0.003794	1.918456	0.003280	0.339858
2.939252	0.628904	0.001512	3.053650	0.001244	0.705490
1.816542	0.416479	-0.000770	1.742913	0.000253	0.336596
3.235763	0.640438	0.033361	3.066023	0.008486	0.726663
1.354407	0.365290	-0.002817	1.319856	-0.000002	0.274796
1.956802	0.447767	-0.029601	1.912320	-0.010178	0.412380
3.438408	0.691177	0.020061	3.219041	0.004523	0.777558
2.777603	0.559613	0.011962	2.574906	0.010980	0.587243
2.220873	0.454856	-0.038833	2.138266	-0.009951	0.408592
2.584997	0.553867	-0.010421	2.673745	0.009848	0.529165
1.768483	0.467628	0.010602	1.998593	0.018442	0.407772
2.970534	0.617773	0.036843	2.670562	0.033450	0.662385
3.025319	0.662823	0.020553	3.093029	0.030358	0.737556
2.702179	0.556855	0.004792	2.718106	0.021845	0.553834
1.437034	0.380912	-0.010725	1.465194	-0.013642	0.293931
1.597992	0.383870	-0.006363	1.499005	-0.005024	0.323510
2.752479	0.528724	-0.002000	2.594176	0.006225	0.506560
2.989350	0.597485	-0.034983	2.745188	0.011266	0.647668
1.246412	0.342316	0.000749	1.311142	0.000416	0.239546
1.946651	0.440244	0.021013	1.773795	0.011510	0.387898
2.245416	0.488992	0.004914	2.174782	-0.004317	0.450178
1.500228	0.410493	-0.004072	1.614608	0.003269	0.319169
1.502209	0.375822	0.004675	1.383320	0.007103	0.281468
3.414783	0.635819	-0.016404	2.895118	0.013040	0.666510
2.781320	0.589519	-0.019594	2.860278	0.015832	0.615029
1.878162	0.450126	-0.009577	1.776653	-0.024246	0.414403
3.370324	0.654910	0.000439	3.188331	-0.000280	0.764740
2.423840	0.564727	-0.002972	2.650239	0.023685	0.543227
1.418889	0.378575	-0.002723	1.462519	-0.004064	0.280335
1.798105	0.457841	-0.004160	1.775730	0.002515	0.383568
2.230014	0.456768	0.014174	1.995445	0.004209	0.399548
2.143940	0.473766	0.001826	2.163864	0.001244	0.462854
1.637615	0.405692	-0.011800	1.522842	-0.006891	0.320094
2.939819	0.617788	-0.013356	3.068679	-0.040323	0.657455
1.736805	0.437708	-0.006629	1.766665	-0.020438	0.412409
1.252129	0.354059	0.000097	1.334326	-0.000400	0.261379
1.205643	0.356786	0.000045	1.379454	-0.000229	0.250874
1.570562	0.405127	0.004370	1.647637	0.003332	0.320995
2.823401	0.575348	0.003922	2.927467	-0.018790	0.614782
1.163720	0.348570	0.000432	1.259020	-0.001216	0.239584
2.001734	0.485708	-0.016820	2.357693	-0.034466	0.474466
2.791242	0.603349	-0.018052	2.802679	-0.007924	0.650552
1.786164	0.390056	0.005370	1.531647	0.003132	0.302115
1.869839	0.469565	-0.019194	1.935799	-0.009985	0.399291
2.444262	0.571055	-0.019777	2.660914	-0.010663	0.560585
2.118921	0.498510	-0.013335	2.403158	-0.016029	0.468522
2.500569	0.550462	-0.006893	2.574857	-0.031466	0.572893
2.000057	0.465083	-0.022859	2.160378	-0.000675	0.407003
1.659027	0.386444	-0.013282	1.358005	-0.039870	0.332626
1.294871	0.355747	-0.003704	1.331843	-0.003290	0.253566
2.015225	0.485192	-0.027104	2.238972	0.003842	0.466645
2.327657	0.534613	-0.012879	2.371065	0.001712	0.517826
1.259319	0.360190	0.001489	1.315527	-0.000418	0.264655
2.646463	0.593491	-0.009790	2.886471	0.007339	0.631176
1.357303	0.371723	-0.000468	1.398455	-0.000437	0.270749
1.153239	0.345046	-0.001026	1.292551	-0.000780	0.237164
2.312672	0.503044	-0.022039	2.172736	-0.028109	0.468475
1.761681	0.401317	-0.002498	1.778046	0.000684	0.320224
2.429719	0.523898	0.012679	2.442000	0.016761	0.518687
1.420429	0.370885	0.014943	1.382429	0.023522	0.306269
1.978932	0.481391	0.015697	2.200355	0.021456	0.465026
2.646281	0.542159	0.000206	2.414713	0.011460	0.518584
2.740486	0.605506	-0.012713	2.796747	-0.010943	0.648901
1.975320	0.448760	-0.000493	1.806070	-0.020326	0.393487
1.697753	0.434449	0.033229	1.651744	-0.005698	0.377897
2.161388	0.517789	0.009189	2.292615	0.008930	0.476453
1.515405	0.390133	0.010865	1.516381	-0.006859	0.320989
1.381963	0.345512	-0.002255	1.281302	-0.001633	0.239396
1.110999	0.332979	-0.000026	1.111664	-0.000016	0.223096
1.108934	0.331593	0.000005	1.185030	-0.000049	0.224517
2.499083	0.529670	0.027466	2.473134	0.004757	0.544922
2.006134	0.481640	-0.010822	2.084874	-0.009938	0.438510
2.197330	0.487930	-0.012863	2.209729	0.002782	0.474982
2.667108	0.532105	-0.014430	2.596287	-0.012242	0.533479
2.054960	0.505630	-0.019970	2.240451	-0.006489	0.469248
1.341405	0.348816	0.000425	1.354477	-0.000736	0.245009
2.135496	0.465641	0.000274	1.921533	-0.032554	0.448826
1.113655	0.332509	-0.000130	1.115529	-0.000066	0.225323
1.645018	0.425158	-0.001628	1.983576	-0.001948	0.341821
2.592273	0.563468	0.040033	2.556021	0.013065	0.580303
1.717628	0.458901	0.023868	1.968183	0.028079	0.401310
2.215952	0.467248	0.011483	1.762510	0.013376	0.402255
1.139449	0.339586	0.000169	1.136003	-0.000055	0.230421
2.829408	0.581966	0.014000	2.623125	0.029440	0.604038
1.513052	0.403900	0.004088	1.760551	-0.001355	0.315839
1.625375	0.433580	0.007039	1.893176	-0.002247	0.355068
2.148665	0.471679	-0.001567	2.240415	0.007095	0.419277
3.461322	0.674785	0.032002	3.276726	-0.015805	0.809165
2.192933	0.512260	-0.001522	2.333547	-0.024784	0.484956
2.159121	0.520475	-0.035047	2.521565	-0.006526	0.518170
2.966967	0.609782	-0.029478	2.973155	-0.001142	0.629428
3.098736	0.645116	-0.010019	2.894552	-0.011678	0.729736
1.444543	0.375931	0.005446	1.504312	0.008886	0.283996
2.355002	0.512180	-0.003456	2.491401	-0.017290	0.474791
2.341558	0.546742	0.012189	2.579569	-0.004755	0.515894
3.003972	0.626173	0.002959	2.915780	-0.032605	0.686254
2.538797	0.585310	-0.008568	2.914467	-0.032195	0.588018
1.445662	0.375179	-0.015484	1.300532	-0.003557	0.279273
2.437559	0.564339	0.010749	2.804607	0.027684	0.592763
2.084695	0.496470	0.033173	2.439111	0.010928	0.462378
2.657194	0.565832	0.017955	2.654904	0.005088	0.564198
1.148181	0.343036	0.000649	1.154462	0.001328	0.234464
3.377440	0.683552	0.037907	3.457787	0.021527	0.782703
1.770350	0.413462	-0.013737	1.705356	-0.001592	0.329802
1.844277	0.413330	-0.009871	1.688183	-0.009283	0.342685
1.997608	0.431916	-0.007493	1.582136	-0.012800	0.355212
3.154951	0.645065	0.028502	3.203706	0.006214	0.718560
2.173631	0.506761	0.015677	2.259435	0.023833	0.473323
2.293629	0.517381	-0.005141	2.782285	-0.018145	0.497328
1.628975	0.409489	0.031570	1.664126	0.005268	0.343003
3.324569	0.693120	-0.014282	3.244608	-0.039901	0.814804
1.952652	0.474072	-0.013360	2.011297	0.002278	0.404658
2.072658	0.475817	-0.003054	2.101033	0.004634	0.436072
3.420869	0.695127	-0.014191	3.402366	-0.027343	0.844017
1.985471	0.488509	-0.025329	2.135009	-0.001087	0.434356
2.807338	0.624362	-0.007786	2.998680	0.026855	0.643304
2.595018	0.564315	-0.000606	2.408398	-0.009485	0.583743
1.221190	0.360086	0.002377	1.446177	0.004503	0.265133
1.098898	0.329669	-0.000000	1.098898	-0.000000	0.219780
2.222912	0.498037	0.019099	2.299428	0.036328	0.461477
1.098898	0.329669	-0.000000	1.098898	-0.000000	0.219780
1.525833	0.367596	-0.000143	1.311808	-0.000689	0.266942
1.701771	0.420334	-0.004089	1.824498	-0.010787	0.339266
1.734803	0.456454	0.008398	1.985802	-0.020723	0.389037
2.610340	0.556246	-0.010507	2.458126	0.003691	0.538134
3.306582	0.647473	-0.004810	2.926778	0.003564	0.735377
1.460812	0.380348	0.000888	1.567668	0.003132	0.282502
2.300506	0.531942	-0.000316	2.370058	-0.008063	0.507060
1.178635	0.352381	-0.001519	1.287616	-0.001096	0.242678
1.943211	0.447859	-0.001129	1.807783	0.007051	0.376053
1.593536	0.383215	-0.003501	1.388499	-0.004819	0.292782
1.331378	0.356491	-0.000366	1.201033	-0.001310	0.247380
1.391476	0.357611	0.007984	1.285553	0.001550	0.258568
2.139151	0.488982	0.003664	2.079735	0.026988	0.434800
2.649361	0.588985	-0.008876	2.787049	0.019502	0.675897
2.714598	0.648568	0.010178	3.163432	0.002815	0.774113
1.283712	0.362302	0.007762	1.227545	0.003778	0.265541
3.076792	0.591505	0.010049	3.077298	0.000808	0.610700
2.939240	0.621221	0.040081	2.758777	0.020805	0.658888
1.146642	0.338338	0.001293	1.207657	0.000042	0.233755
1.423904	0.366315	-0.008765	1.278303	-0.001817	0.273809
2.384291	0.535925	0.008906	2.452137	0.000652	0.518942
1.137033	0.340208	0.000263	1.145200	0.001980	0.231538
1.760007	0.425691	-0.006581	1.828785	0.000167	0.359652
2.585325	0.566161	-0.029779	2.541786	0.002331	0.583355
2.584663	0.602316	-0.024480	2.975498	0.012375	0.630423
1.959561	0.418443	-0.001972	1.693714	-0.006910	0.336513
1.964388	0.428810	-0.005203	1.831972	0.008606	0.370919
1.145479	0.342257	0.000350	1.218542	-0.000176	0.234279
1.234465	0.357317	-0.005151	1.558808	-0.005763	0.269542
2.758695	0.598948	-0.001344	2.660254	0.021136	0.635237
2.571968	0.583084	0.031285	2.902840	0.000835	0.580970
3.002700	0.629785	-0.034613	3.107839	0.000011	0.678342
1.152590	0.340577	-0.000421	1.241268	-0.000232	0.236429
2.366341	0.534795	-0.009481	2.529515	0.003272	0.498123
1.952466	0.457154	0.005543	2.046922	0.010887	0.396431
1.502771	0.412559	0.027292	1.567130	0.030260	0.346338
2.490586	0.501284	0.004562	2.256529	0.007142	0.470394
2.018265	0.424126	0.007018	1.921374	-0.003994	0.363426
1.177734	0.340950	-0.001017	1.136770	-0.001309	0.232050
1.948748	0.494241	-0.002212	2.184863	0.001123	0.453930
2.084026	0.487312	-0.033598	2.393057	-0.014068	0.470817
2.338289	0.524061	-0.005964	2.392353	-0.016306	0.504046
1.392185	0.366203	0.002893	1.416683	-0.003055	0.276160
1.697440	0.428412	0.029167	1.913634	0.001774	0.370975
2.030389	0.482223	-0.006055	1.812002	-0.005048	0.444262
1.171911	0.346550	0.014875	1.272581	-0.003598	0.267075
1.736865	0.403347	-0.025079	1.610517	-0.001971	0.342827
1.361939	0.356299	-0.003634	1.343549	-0.001751	0.258785
1.414108	0.372329	0.003823	1.480616	0.001166	0.283563
2.854783	0.585197	-0.024644	2.691865	-0.030103	0.583211
2.656576	0.543093	-0.038979	2.416611	-0.034323	0.553967
2.234586	0.542973	-0.003520	2.549431	-0.035708	0.527573
2.594363	0.556054	0.004856	2.628166	0.007307	0.555808
2.360563	0.490275	-0.000700	2.138990	-0.032327	0.491248
1.700727	0.435682	-0.006256	2.044085	-0.018609	0.380440
1.821094	0.447460	-0.003219	1.898569	-0.000867	0.379683
2.054419	0.496162	0.001830	2.160038	-0.035859	0.488816
1.857321	0.450447	-0.015996	1.863930	0.001076	0.377929
2.646823	0.610894	-0.022775	3.210574	0.011511	0.646742
1.173843	0.349253	0.001160	1.267316	0.000541	0.242310
1.957502	0.455861	-0.009244	2.101939	-0.007164	0.392266
1.437586	0.350930	0.003444	1.181501	0.000888	0.245296
1.766648	0.449226	-0.007509	2.034395	0.008153	0.387128
2.521745	0.520851	-0.002880	2.449379	0.014996	0.491049
1.511483	0.410937	-0.035694	1.691962	0.008315	0.356949
1.461835	0.383937	0.001985	1.493327	0.001633	0.303782
1.605586	0.424788	-0.001196	1.725327	0.010829	0.347827
3.307109	0.672940	-0.009321	3.048706	-0.002212	0.788145
1.098898	0.329669	-0.000000	1.098898	-0.000000	0.219780
1.946006	0.452395	0.010437	1.994734	-0.015837	0.412384
2.962823	0.615675	-0.019613	2.613925	0.006273	0.655772
1.545389	0.392578	0.007625	1.599253	0.001881	0.304034
2.540313	0.570742	0.035946	2.674573	0.032408	0.571104
1.517391	0.406374	-0.001265	1.859236	0.001653	0.320046
3.188879	0.668800	-0.000009	3.094052	0.000450	0.738104
1.494156	0.391200	0.013114	1.563405	-0.000443	0.306341
2.051433	0.487963	-0.002949	1.872026	-0.003444	0.432657
1.400051	0.373856	0.002945	1.345912	-0.002360	0.273914
1.500864	0.371209	-0.001054	1.616226	-0.004843	0.282850
2.243287	0.488911	-0.021037	2.271190	-0.019488	0.479182
2.385577	0.509559	-0.009566	2.356642	-0.008669	0.464050
3.002702	0.612420	0.003453	3.107108	0.006725	0.675697
2.347087	0.482804	0.009337	2.061744	0.015216	0.443034
1.439931	0.356522	0.007537	1.302098	-0.002066	0.272975
1.650555	0.411750	0.000509	1.698486	-0.003190	0.322039
2.717457	0.590814	0.003252	2.767219	-0.006718	0.623706
1.651365	0.411188	-0.002999	1.770396	0.007371	0.328083
3.018475	0.609796	0.026929	3.189653	-0.019378	0.649637
2.424912	0.552002	-0.008406	2.545522	-0.027007	0.575457
1.407272	0.400206	-0.015864	1.553321	-0.015397	0.331756
1.413129	0.353566	-0.026015	1.281854	-0.003787	0.260247
1.555621	0.382562	-0.007855	1.540426	-0.005726	0.306712
2.052895	0.460126	0.014800	1.783730	-0.032302	0.422119
1.670063	0.424718	-0.015121	1.901011	-0.008020	0.340670
2.267124	0.523646	-0.010492	2.224117	-0.026348	0.532634
3.454125	0.649811	-0.001894	3.312494	-0.022915	0.740779
1.456200	0.374135	0.002735	1.347794	0.000292	0.271043
1.123368	0.336263	-0.000037	1.125306	0.000043	0.226624
2.017707	0.466543	-0.020646	1.919889	-0.011770	0.418794
1.440609	0.352670	-0.000322	1.285700	-0.001472	0.247926
2.755249	0.611185	0.010462	3.222042	-0.031968	0.663081
1.714381	0.405857	0.000199	1.741782	-0.003556	0.329658
2.974002	0.609592	-0.010430	3.239110	-0.037844	0.638137
1.463739	0.362851	0.001086	1.323215	0.000209	0.264825
2.305924	0.543015	-0.028962	2.496093	-0.020830	0.521338
2.362694	0.559523	0.019334	2.690874	0.026559	0.541801
1.553640	0.417330	0.007056	1.853921	-0.001304	0.337278
1.296042	0.335342	-0.000980	1.160357	-0.001789	0.237158
1.743201	0.437692	-0.009930	2.051931	-0.034501	0.378789
1.973906	0.467698	0.001257	2.171082	-0.000470	0.425516
1.453265	0.410234	0.023204	1.716634	0.012422	0.364224
1.784021	0.450357	0.025715	2.010012	0.017663	0.401562
1.106231	0.331190	-0.000027	1.212704	-0.000552	0.223205
1.461764	0.372502	0.001568	1.274632	0.000075	0.277627
1.124835	0.336133	-0.000106	1.124313	0.000010	0.226983
2.789472	0.607752	0.002373	2.877707	-0.014544	0.626193
2.894368	0.618179	0.005878	3.126992	0.005529	0.652584
2.120868	0.492676	0.006704	2.105730	-0.026108	0.440958
1.239829	0.366490	-0.003130	1.238815	-0.002988	0.256316
1.232701	0.340846	-0.000832	1.141667	0.000151	0.234363
1.404530	0.373396	0.002156	1.358085	0.001740	0.271427
2.282661	0.533576	0.001631	2.667033	0.027642	0.516235
1.202606	0.340837	0.000631	1.252627	0.000002	0.239542
1.375011	0.362469	-0.000548	1.588861	-0.001564	0.261932
1.454002	0.383049	0.033913	1.594893	0.029704	0.332550
3.185280	0.689612	0.034161	3.590737	0.004708	0.823511
2.059357	0.496830	-0.007367	2.355304	-0.020288	0.467354
1.301298	0.344285	0.000259	1.188757	-0.000234	0.238990
1.098898	0.329669	-0.000000	1.098898	-0.000000	0.219780
2.473422	0.493500	0.001838	2.123231	-0.010685	0.452418
1.696440	0.404294	-0.002003	1.707480	0.000873	0.328950
3.024664	0.604481	-0.016802	2.860995	-0.014687	0.646566
2.053452	0.439229	-0.003063	1.896434	-0.000759	0.371174
3.257402	0.668183	-0.019326	3.176338	-0.038293	0.751952
2.652708	0.560521	-0.035589	2.505522	-0.016841	0.587687
1.567621	0.403057	-0.017685	1.400357	-0.011570	0.336672
1.251809	0.353747	0.000919	1.286054	0.001780	0.253917
1.268230	0.339682	0.001724	1.145384	0.001831	0.237137
1.098898	0.329669	-0.000000	1.098898	-0.000000	0.219780
2.842012	0.578271	-0.020111	2.709119	-0.008890	0.606635
1.819120	0.477003	-0.025023	1.885385	-0.016382	0.420724
2.652243	0.560566	-0.014003	2.457486	0.009987	0.561491
3.380240	0.676049	0.016281	3.550264	-0.009784	0.766370
2.522467	0.499138	0.033993	2.034439	0.010773	0.470171
3.248338	0.653263	-0.009162	3.134517	-0.032522	0.709357
2.427709	0.541548	0.014275	2.659203	0.019632	0.539677
1.182130	0.344046	0.005506	1.238779	0.001617	0.245774
1.907030	0.460382	-0.030940	2.164296	0.000842	0.439170
1.231933	0.340990	0.000100	1.141725	0.000044	0.231861
3.070202	0.693425	-0.019037	3.097200	-0.038734	0.759245
2.607508	0.544289	-0.037254	2.357290	0.013733	0.549678
1.860130	0.410424	-0.002079	1.507339	-0.000103	0.329196
1.611154	0.382856	0.003041	1.498283	-0.001880	0.296777
2.495662	0.490037	0.030827	2.129757	0.001301	0.455816
3.124308	0.589741	0.013659	2.753729	0.026513	0.594471
2.764200	0.564365	-0.035889	2.715820	0.015377	0.586884
1.749535	0.440481	-0.028627	1.830585	-0.005305	0.391554
3.150594	0.651938	-0.015196	3.004233	-0.016441	0.722001
3.659101	0.711854	0.002590	3.113687	0.011227	0.851207
2.152937	0.479687	0.022696	2.112479	0.036199	0.449923
3.454884	0.649195	0.032257	3.199277	-0.036557	0.758959
2.997341	0.596592	-0.025889	2.893926	0.022174	0.636091
2.347264	0.499010	-0.035131	2.208329	0.011652	0.470328
2.241740	0.521024	-0.020739	2.420531	0.028199	0.484446
1.238377	0.341881	-0.000247	1.145316	-0.002087	0.234856
2.333629	0.493524	0.009587	2.007212	-0.006931	0.439178
1.236501	0.341993	-0.000905	1.307283	-0.000405	0.235675
3.252152	0.664951	-0.011968	3.198834	-0.017812	0.735283
2.444874	0.523501	0.010258	2.220343	-0.007702	0.475519
2.509996	0.580336	0.012464	2.748103	-0.006719	0.608091
1.286520	0.371703	-0.000956	1.491179	-0.005888	0.274160
1.621182	0.400653	-0.005797	1.694392	-0.002490	0.321396
2.620622	0.515386	0.001728	2.469925	-0.007257	0.505159
2.216356	0.468914	0.009254	2.136830	-0.023085	0.450757
1.660936	0.437650	0.006807	1.705303	-0.035534	0.381272
2.004514	0.470528	0.001457	2.137156	-0.019520	0.420843
1.836408	0.410177	-0.008078	1.564490	-0.004625	0.321015
2.024672	0.465878	-0.007350	1.807060	0.028297	0.414663
2.079795	0.473114	-0.005454	2.337022	0.003588	0.424544
1.344395	0.352958	0.000764	1.232055	-0.001574	0.246331
1.416484	0.375124	0.008177	1.364011	0.002719	0.275602
3.114304	0.624188	-0.005542	2.824372	-0.024542	0.670832
2.314201	0.537618	-0.013291	2.453356	0.013934	0.542251
2.025444	0.473101	0.012582	2.075128	0.021546	0.413477
2.310501	0.546569	-0.032732	2.441589	-0.009614	0.525418
2.718067	0.528818	0.010405	2.327694	0.000046	0.510916
2.968874	0.601114	-0.012135	2.715957	-0.019625	0.631969
2.004580	0.489801	-0.001545	2.161182	-0.002549	0.466221
1.762855	0.417541	-0.011364	1.583999	-0.011270	0.337996
2.816396	0.598234	-0.004991	2.580042	0.003369	0.658263
1.782997	0.431594	0.035601	1.558892	0.018009	0.371969
2.478157	0.509563	-0.035318	2.199804	-0.012972	0.503636
1.265559	0.350090	0.000291	1.267089	-0.000448	0.244378
2.585061	0.564335	0.039488	2.592498	0.017510	0.623977
2.023357	0.471888	0.029102	2.305549	-0.004349	0.443419
2.323816	0.514080	-0.013868	2.077418	-0.026208	0.454629
2.117685	0.458898	0.006383	2.217687	0.001504	0.409263
3.058522	0.673824	-0.007474	3.229981	-0.021114	0.782227
1.190260	0.348967	-0.002224	1.195435	-0.003980	0.248905
2.342163	0.521094	0.016966	2.537244	0.000197	0.495017
2.737280	0.538342	0.015955	2.466048	-0.005912	0.557521
3.126150	0.637866	0.013560	3.078857	-0.012022	0.681794
1.374145	0.356541	0.008013	1.278477	0.001539	0.258495
2.590425	0.551752	0.012175	2.488762	-0.013915	0.556370
2.381859	0.495124	0.016337	2.366264	0.005399	0.449217
1.789248	0.409873	-0.006740	2.014452	0.005270	0.344934
1.111030	0.333049	-0.000038	1.111263	-0.000022	0.223063
2.854747	0.572781	-0.017065	2.953085	-0.021847	0.592453
2.851708	0.641143	-0.029577	3.138363	-0.009329	0.701202
2.750856	0.547771	0.032154	2.496429	0.003189	0.558904
2.467619	0.572766	0.030354	2.597579	-0.022689	0.578200
1.897758	0.446946	0.008639	1.955036	0.021969	0.399607
1.744268	0.430800	-0.011561	1.734100	0.004068	0.355275
2.778291	0.582097	0.010929	2.575378	0.010723	0.592635
1.410374	0.371945	0.004148	1.411745	0.002432	0.271654
1.188693	0.350002	-0.001573	1.180217	-0.000583	0.245773
2.958376	0.621411	-0.031349	2.829716	-0.030081	0.643585
1.500070	0.370033	-0.002105	1.474693	-0.003309	0.281117
3.233185	0.658735	-0.013901	2.816823	-0.012582	0.713892
2.926311	0.581004	-0.025697	2.858646	-0.021855	0.613043
2.502132	0.550792	-0.007213	2.302914	-0.015792	0.551911
2.304714	0.493228	0.000426	2.282728	-0.021402	0.467592
1.446574	0.385403	0.003608	1.452551	-0.002737	0.287169
1.294596	0.353756	-0.000370	1.260927	-0.000133	0.251411
1.163454	0.346770	-0.000593	1.161430	0.000662	0.236402
1.213382	0.337525	-0.000300	1.416868	-0.000120	0.233939
2.944542	0.628751	0.013159	2.860720	-0.012896	0.674747
1.935406	0.486942	-0.033618	2.310588	-0.021277	0.464870
1.707608	0.442246	0.016066	2.032423	-0.003595	0.374073
1.933685	0.443547	-0.032916	1.742321	0.002053	0.381147
1.175939	0.351214	0.001001	1.267023	0.000779	0.243677
3.167539	0.638394	-0.024441	3.146920	0.001712	0.708765
1.486696	0.395497	-0.002368	1.452358	0.002645	0.292985
1.773647	0.417386	0.007212	1.663601	-0.000642	0.336377
1.146281	0.341706	-0.000490	1.219919	0.001106	0.234667
1.687871	0.419142	0.030219	1.744056	0.034461	0.364514
3.125863	0.661664	0.014885	2.999013	0.013063	0.742558
1.263404	0.336645	-0.000448	1.133399	-0.000179	0.232417
1.964963	0.459867	0.000921	1.973614	-0.001136	0.408130
1.694040	0.418400	-0.005245	1.762203	-0.002165	0.349702
1.936886	0.457884	0.004903	2.034791	0.012485	0.394527
2.305374	0.532254	0.005515	2.391460	0.021106	0.505781
3.064496	0.649124	0.028491	3.239038	0.038492	0.710391
2.242095	0.490283	-0.011948	2.518221	-0.018920	0.467682
1.972371	0.459084	0.030660	2.065780	0.006246	0.394925
1.433933	0.385330	0.021808	1.459358	0.020150	0.307700
2.009579	0.471163	0.021370	2.034859	0.028497	0.438962
2.852696	0.605959	-0.007511	2.657954	0.021109	0.629343
3.292146	0.678953	-0.024349	3.358611	0.007387	0.771518
1.124223	0.336390	0.000103	1.123677	-0.000001	0.226820
3.069702	0.600230	-0.013707	2.724463	0.011749	0.633195
1.468079	0.372914	0.002864	1.368387	-0.001509	0.275887
2.084352	0.468676	-0.012571	1.996514	-0.021479	0.404967
1.828942	0.454050	0.035744	1.887895	0.037124	0.423951
2.468793	0.556395	0.002296	2.560467	0.018374	0.570276
1.926435	0.478552	-0.023942	2.059664	-0.028560	0.414670
1.740868	0.428168	-0.011538	1.748574	-0.015849	0.355279
2.013499	0.440102	-0.020075	1.950076	-0.007770	0.414657
1.987881	0.455459	0.018401	1.982386	-0.003920	0.394965
2.924295	0.606432	-0.028699	2.954350	-0.013782	0.655461
2.953442	0.643606	-0.024016	3.151831	-0.027262	0.728426
1.944443	0.423941	-0.014421	1.705576	-0.017676	0.351361
1.446408	0.372386	-0.000374	1.399464	-0.001991	0.291540
2.801740	0.599681	-0.026078	2.646020	-0.037121	0.654321
2.063706	0.485161	-0.018188	2.020805	0.000994	0.463920
1.915354	0.444117	-0.003535	1.719903	0.039109	0.405949
1.555471	0.367067	0.004355	1.354532	0.001930	0.272799
1.675905	0.442094	-0.022020	1.901085	-0.030970	0.399210
2.076188	0.456797	-0.012297	1.920342	-0.014796	0.383967
1.753469	0.398219	0.004049	1.389126	-0.009120	0.312205
2.841764	0.620964	0.002982	2.852852	0.002542	0.677163
2.439120	0.519365	0.001232	2.292805	0.010701	0.493795
2.455163	0.539154	0.000106	2.508427	0.009308	0.533143
1.668048	0.394162	-0.001421	1.682212	0.001692	0.330020
3.160119	0.684591	-0.008494	3.152960	-0.010040	0.782544
3.100415	0.632573	-0.019359	3.092387	-0.022903	0.736474
2.095445	0.488656	-0.024987	1.905809	-0.028955	0.452432
2.050901	0.429599	-0.000928	1.724924	0.007519	0.371442
2.390177	0.534342	-0.036404	2.400063	-0.035193	0.514568
2.352564	0.538720	-0.004814	2.963025	0.005252	0.538162
2.669375	0.580579	0.023599	2.690822	-0.016961	0.626646
1.169221	0.346078	0.000332	1.168060	0.001580	0.241598
1.462374	0.394529	0.002392	1.682190	0.000390	0.303964
1.785009	0.406880	0.005057	1.718777	0.006315	0.332760
2.003470	0.465531	0.020475	1.908567	0.019532	0.433298
3.264480	0.671295	0.033805	3.366400	-0.004754	0.783998
2.293026	0.492337	0.017147	2.137127	0.009827	0.446557
1.247538	0.347110	-0.000187	1.266587	-0.000042	0.242067
1.503680	0.376248	0.005738	1.439984	0.001965	0.281016
2.392395	0.537736	-0.014121	2.224155	-0.017461	0.520367
1.764903	0.435004	-0.015865	1.898560	-0.021398	0.364480
1.901117	0.509687	0.020407	2.512492	0.029274	0.475108
2.385315	0.525372	-0.034300	2.416007	-0.033908	0.536365
2.284877	0.468125	-0.001781	1.910506	0.034149	0.446476
2.049519	0.447614	0.030739	1.779267	0.010357	0.393869
2.481658	0.518611	-0.033592	2.304463	0.014511	0.499970
1.126727	0.337105	-0.000055	1.204084	-0.000448	0.228186
1.295507	0.354190	0.001675	1.409476	0.000870	0.256742
2.812547	0.537761	-0.032765	2.381041	-0.021440	0.515185
2.580413	0.549900	0.014834	2.462457	-0.014029	0.587067
1.491535	0.391671	-0.003319	1.427220	-0.002863	0.295335
3.140672	0.597254	-0.021305	2.858432	-0.004509	0.622755
2.598281	0.595495	-0.020468	2.774404	-0.008926	0.633596
1.602380	0.437020	-0.017912	1.646250	-0.015828	0.345386
2.947296	0.586244	0.001407	3.116072	-0.025555	0.609527
1.857665	0.427830	-0.002062	1.901220	0.008502	0.346618
1.872520	0.423408	0.001641	1.820921	-0.002934	0.341637
1.551836	0.420322	0.022590	1.914850	-0.002407	0.356343
1.995809	0.437844	-0.018387	2.099575	-0.001027	0.402209
1.291992	0.363280	0.001626	1.223234	0.000899	0.254423
2.660286	0.595530	-0.033355	2.778224	0.006547	0.638479
2.046863	0.474949	-0.007735	2.324396	0.016245	0.440793
2.953471	0.611143	0.018759	3.070551	0.025418	0.699953
1.527433	0.398738	0.033667	1.509248	0.029492	0.336865
1.935036	0.458901	0.004307	2.091107	0.003358	0.388558
1.098898	0.329669	-0.000000	1.098898	-0.000000	0.219780
1.560889	0.383603	0.016921	1.493845	0.011080	0.309354
1.910441	0.452186	0.016490	2.101290	0.006310	0.398505
1.350831	0.347268	-0.001056	1.164338	-0.002490	0.241410
3.136352	0.637797	-0.026561	3.185824	0.020402	0.720194
2.020229	0.476360	-0.032005	2.100784	-0.002722	0.437112
1.978934	0.466636	0.000716	2.382370	-0.005849	0.415333
1.749603	0.423734	-0.040185	1.708101	-0.031849	0.366837
2.456697	0.564946	0.008533	2.645060	-0.007612	0.619103
1.772362	0.406015	0.021775	1.455536	0.000183	0.326951
2.034297	0.469398	0.003169	2.230059	0.008282	0.419891
2.227947	0.487119	-0.034650	2.176179	-0.007243	0.447873
2.151085	0.486772	-0.004837	1.952399	-0.008940	0.430556
2.988744	0.602523	-0.002733	3.220634	-0.010278	0.624485
1.601396	0.373240	-0.018987	1.436821	-0.008440	0.288427
1.995153	0.458539	-0.013114	1.922361	-0.015933	0.395778
3.043170	0.617862	-0.008874	3.236881	-0.032404	0.717711
1.098898	0.329669	-0.000000	1.098898	-0.000000	0.219780
1.516284	0.407107	-0.004606	1.601947	0.001182	0.309759
2.170696	0.443426	0.000845	2.007296	0.017545	0.374170
1.316438	0.363586	-0.001092	1.349576	-0.002142	0.259578
2.303602	0.503165	0.022615	2.094283	-0.004942	0.486502
1.973174	0.478043	0.003492	2.261598	-0.007598	0.431275
1.949664	0.436205	-0.023103	1.711312	0.010037	0.367895
2.033165	0.464687	0.000605	2.100973	0.017054	0.414305
3.449691	0.668592	0.021438	3.023270	0.037974	0.793834
2.547922	0.547900	-0.033145	2.671056	0.003583	0.555398
1.836877	0.391666	-0.031370	1.504647	-0.030808	0.333374
2.188575	0.529415	-0.003395	2.316183	-0.006880	0.531158
1.111059	0.333039	-0.000002	1.111260	0.000010	0.223262
1.326293	0.364678	-0.004374	1.339877	-0.010630	0.266147
1.718386	0.386829	-0.001432	1.405850	0.008232	0.321480
1.401966	0.358043	0.001510	1.206120	0.001129	0.253079
1.197107	0.352229	0.000305	1.288538	-0.001952	0.247557
1.675394	0.401680	-0.014032	1.558809	-0.012351	0.316362
2.674035	0.575950	-0.003157	2.756937	-0.026779	0.620973
2.110976	0.481624	0.007718	2.031842	0.025902	0.478281
2.045130	0.436244	-0.009024	1.750415	-0.007470	0.379151
1.339725	0.380967	-0.007638	1.420276	-0.002346	0.277370
2.484106	0.569133	0.019284	2.791193	0.011125	0.580805
2.779155	0.574005	-0.028639	2.718979	-0.037498	0.592139
1.638012	0.410765	-0.006553	1.656173	0.001953	0.324495
2.074885	0.411632	-0.004510	1.756066	0.001116	0.345052
2.032639	0.460439	-0.003869	2.275454	0.002909	0.429274
2.221071	0.512254	0.004846	2.277638	0.015985	0.510546
2.157287	0.475580	0.013017	2.012250	0.006831	0.430930
1.955962	0.486995	-0.021542	2.193523	-0.003721	0.444584
1.992019	0.444964	0.012230	2.013749	0.019982	0.391150
2.175132	0.503112	0.027603	2.498202	0.029720	0.483250
3.123412	0.655634	0.014650	3.136549	0.033770	0.721081
2.517927	0.517663	-0.029727	2.220545	-0.032523	0.494780
1.969246	0.478928	-0.018287	1.942339	-0.002503	0.424194
1.599010	0.391744	0.007681	1.622180	0.000518	0.304188
2.474605	0.493803	-0.027652	2.052109	-0.003448	0.460772
3.301221	0.710968	-0.013943	3.128715	-0.001685	0.777281
1.140697	0.339360	-0.000235	1.143595	0.000078	0.232635
1.127282	0.336259	-0.000438	1.126422	-0.000878	0.229116
1.795329	0.427605	0.013779	1.985430	-0.001695	0.368303
2.576374	0.554287	0.017660	2.509916	-0.004186	0.535167
2.788466	0.581876	-0.010996	2.918009	-0.018769	0.612318
1.509317	0.418427	0.014867	1.787587	0.020415	0.356593
1.608758	0.383829	0.000342	1.782676	-0.003537	0.286591
1.519306	0.386442	-0.002026	1.627790	-0.002699	0.295921
3.028108	0.638672	-0.036502	2.860772	0.003181	0.664198
1.256114	0.350566	-0.000007	1.182535	-0.000086	0.246895
1.512240	0.383793	-0.001084	1.577360	0.003069	0.281105
1.124508	0.336165	0.000163	1.125649	0.000186	0.227393
1.596345	0.407066	-0.002877	1.653579	0.000259	0.322538
1.220493	0.360778	-0.000188	1.220580	0.001741	0.254286
1.910361	0.450151	0.001080	2.046556	-0.004314	0.384018
2.028813	0.459286	-0.024805	2.099893	-0.009899	0.419422
2.575452	0.604204	-0.035415	2.460453	-0.031831	0.597079
2.798203	0.576271	0.019900	2.876308	0.022747	0.619557
3.449394	0.681754	0.011792	3.364766	0.012530	0.801871
1.239977	0.343129	0.002077	1.251419	0.001355	0.238876
1.216173	0.336624	-0.000050	1.198833	0.000198	0.229850
1.786443	0.408648	0.006437	1.474563	0.004378	0.326977
1.426538	0.384616	-0.003365	1.570402	-0.010252	0.299453
2.672096	0.537058	-0.005385	2.351529	0.014303	0.539289
1.931144	0.432421	0.012546	2.039991	0.002594	0.357874
2.236522	0.501261	-0.019505	2.255581	-0.015836	0.479737
2.612971	0.542698	-0.026969	2.520742	-0.012557	0.574835
3.054350	0.563670	-0.005910	2.754513	0.037715	0.598104
1.588595	0.393533	-0.017737	1.823645	-0.012547	0.318989
1.882073	0.426776	0.004673	1.736721	0.004231	0.357773
2.472880	0.513465	-0.008855	2.475930	-0.000695	0.505982
3.308287	0.678742	-0.017158	3.576906	-0.026327	0.784301
1.812833	0.410255	-0.009763	1.819346	-0.003511	0.333010
1.388352	0.358830	-0.004185	1.208566	-0.003925	0.257088
2.112149	0.451975	-0.002934	1.924789	-0.015553	0.410583
1.556488	0.407617	-0.001754	1.499519	-0.000449	0.313316
1.893910	0.479898	0.002437	2.112843	-0.020164	0.430626
2.062002	0.411614	0.002462	1.664257	0.001473	0.328475
1.823526	0.409097	-0.007067	1.460506	-0.001666	0.334134
3.303450	0.641918	-0.019482	3.242199	-0.027042	0.708923
1.264366	0.347534	-0.001451	1.172685	-0.001158	0.238642
2.370759	0.464954	0.022398	2.050449	-0.033403	0.429382
2.084508	0.479786	0.036977	2.214014	0.037987	0.451608
1.111900	0.332982	-0.000002	1.111161	0.000011	0.223394
1.383818	0.377950	0.008382	1.374363	0.006165	0.276009
2.439494	0.528700	0.022920	2.479528	0.027555	0.537132
2.378309	0.502638	0.039167	2.403833	0.013193	0.480110
2.942383	0.620167	-0.019098	3.296525	-0.038317	0.665047
1.629929	0.393613	0.000348	1.748105	0.001555	0.309663
1.273254	0.351162	-0.000203	1.247052	0.000183	0.243389
2.261194	0.492717	0.023881	2.381874	0.031883	0.476301
1.268786	0.362326	0.001623	1.438639	-0.000072	0.260684
1.620152	0.388571	0.004907	1.702039	-0.004902	0.304581
2.492391	0.512274	-0.027885	2.208350	-0.013597	0.486856
1.694664	0.413356	0.034353	1.768842	0.005132	0.365496
2.024924	0.460260	0.034910	1.805516	0.036753	0.440541
1.445535	0.389414	0.019399	1.480204	0.000608	0.317348
1.605553	0.403606	0.006896	1.760639	0.009360	0.316011
2.562896	0.537173	-0.011274	2.518544	-0.036848	0.530504
1.448255	0.374391	0.019780	1.566767	0.017671	0.295105
3.198345	0.690254	0.011083	3.317791	0.011324	0.806628
1.425168	0.382637	0.001136	1.486371	0.004978	0.297919
2.069058	0.494214	-0.000440	2.186572	0.007840	0.466012
1.742433	0.391230	0.000434	1.569501	0.011348	0.339125
1.411593	0.351841	0.001671	1.279330	0.000669	0.256111
2.945678	0.621834	0.002251	2.741582	-0.006930	0.651227
1.194478	0.348827	-0.012186	1.201569	-0.004739	0.247855
2.300787	0.517352	0.014618	2.587940	-0.012053	0.491611
2.299841	0.495598	0.013017	2.504020	-0.011706	0.478061
3.081244	0.658387	0.009175	3.431123	-0.010610	0.758664
1.109433	0.329786	-0.000108	1.099139	0.000001	0.219868
1.209547	0.343930	-0.000151	1.191640	0.000243	0.243212
2.449467	0.507807	-0.005803	2.292967	-0.001350	0.492861
1.552441	0.407267	-0.030209	1.548114	-0.012469	0.349058
2.954397	0.604934	-0.028731	2.993531	-0.011081	0.641248
2.137451	0.451044	0.002206	2.068227	-0.007590	0.371533
1.627613	0.416268	-0.003751	1.841032	0.002398	0.348674
1.686974	0.408755	0.000980	1.514907	0.005021	0.323328
1.560370	0.379701	-0.001541	1.504864	-0.003867	0.294103
2.017638	0.463679	-0.023570	1.825394	-0.000274	0.403472
3.443321	0.684601	-0.017646	3.169745	-0.001011	0.800090
2.057483	0.455366	-0.000351	1.790886	0.001994	0.385611
1.490998	0.387571	-0.001237	1.540694	-0.004134	0.298927
1.098898	0.329669	-0.000000	1.098898	-0.000000	0.219780
3.566759	0.651455	0.001535	3.107920	-0.022552	0.749869
3.454870	0.694699	0.002454	3.176331	0.006123	0.794523
1.436593	0.373701	-0.003346	1.300701	-0.003898	0.271835
2.510277	0.563121	0.027249	2.556927	0.007438	0.575944
2.854078	0.574929	0.011878	3.241618	0.018775	0.596850
1.864943	0.451158	0.029317	1.920320	-0.000159	0.403800
1.175990	0.343797	-0.000734	1.297050	-0.001137	0.246482
1.265896	0.374037	-0.002795	1.264179	-0.004139	0.267427
1.162171	0.346937	0.000073	1.163318	0.000358	0.237418
2.975424	0.633427	0.029192	2.852492	0.001777	0.683755
1.436375	0.375503	-0.000629	1.290304	0.002773	0.271020
1.807603	0.420686	-0.000606	1.954477	-0.004629	0.345803
1.856066	0.483354	0.012050	2.155001	0.033422	0.451825
1.110968	0.333064	0.000014	1.110871	-0.000001	0.222990
1.824630	0.444570	0.005570	1.859057	0.000984	0.367364
2.033835	0.459759	-0.021080	1.724759	-0.003126	0.402203
1.721332	0.420777	-0.006858	1.602410	-0.006547	0.338031
1.610012	0.422014	-0.006394	1.765543	0.022222	0.341178
2.230551	0.507804	-0.005023	2.294683	0.013040	0.486587
1.098898	0.329669	-0.000000	1.098898	-0.000000	0.219780
3.068147	0.637722	0.034912	3.041260	0.018351	0.704914
2.568021	0.587049	0.029809	2.784731	0.026853	0.592788
2.566743	0.554202	0.017508	2.425145	0.030517	0.563966
2.086313	0.457733	-0.012716	2.292987	0.014243	0.405039
1.098898	0.329669	-0.000000	1.098898	-0.000000	0.219780
1.123862	0.336880	0.000271	1.153344	-0.000074	0.226919
2.008599	0.487167	0.006751	2.279520	0.019390	0.430179
1.619498	0.377020	-0.004440	1.538334	0.003934	0.300592
1.601441	0.398694	-0.003173	1.491862	-0.006578	0.320873
1.303370	0.339008	-0.000513	1.136716	-0.000191	0.232220
1.242942	0.370195	0.005039	1.401305	0.006580	0.264485
1.133087	0.338714	-0.000247	1.135947	-0.000082	0.229687
1.111829	0.332928	0.000123	1.112018	0.000110	0.223632
1.191821	0.347600	0.002319	1.193332	-0.003236	0.246950
1.867904	0.427280	0.009540	1.821688	0.025079	0.353245
2.703252	0.544651	-0.025701	2.490425	0.018980	0.570673
1.672286	0.429728	0.003017	1.961807	0.005714	0.348643
1.648213	0.402551	-0.008216	1.596741	0.008522	0.324343
2.318997	0.492203	-0.017812	2.167890	-0.015428	0.476637
2.593096	0.598620	-0.008976	2.832249	-0.039378	0.655221
1.126072	0.336079	-0.000139	1.124973	-0.000169	0.227715
2.638823	0.537615	-0.012436	2.382636	-0.019067	0.518550
2.557266	0.491639	0.024552	2.398236	0.002730	0.450338
2.423899	0.504813	-0.034758	2.322004	-0.024616	0.487882
1.177448	0.338871	0.000004	1.139133	0.000438	0.234206
2.541209	0.543036	-0.009208	2.319250	-0.019964	0.513811
2.468801	0.562348	-0.006793	2.547204	-0.013107	0.604076
1.669023	0.423909	-0.000250	1.715729	0.000802	0.341639
1.254133	0.345286	-0.000277	1.157814	-0.000096	0.237673
1.966831	0.485657	-0.014928	2.138219	-0.018703	0.424782
2.196509	0.480587	0.005054	2.060074	-0.008095	0.430991
2.956357	0.643416	-0.040208	3.009289	0.020908	0.711697
2.486911	0.540943	-0.019783	2.571757	-0.039641	0.552214
1.723845	0.410147	0.007192	1.585640	0.008382	0.331015
1.278753	0.358601	0.003461	1.233175	0.000690	0.255520
2.584599	0.559143	0.003614	2.832088	0.006223	0.564049
1.412821	0.406523	0.004117	1.508357	0.011757	0.312743
1.289789	0.377664	0.011997	1.390405	0.003828	0.272174
2.536405	0.586674	-0.017124	2.825711	-0.024226	0.599436
1.206666	0.339065	-0.000414	1.197697	-0.002253	0.238051
1.767368	0.425988	-0.004887	2.122062	-0.016945	0.355787
2.177826	0.500336	0.007463	2.251830	-0.003841	0.450248
1.112696	0.333049	-0.000181	1.149352	-0.000227	0.224161
2.293200	0.516754	0.007952	2.721859	-0.026229	0.503608
2.949362	0.586360	-0.008594	3.002715	0.031157	0.631122
1.506573	0.402646	-0.017763	1.377598	0.001689	0.338015
1.697047	0.439241	0.005350	1.625489	-0.000204	0.375491
1.755357	0.437371	0.001344	1.798176	-0.010147	0.380694
1.230705	0.361589	-0.002409	1.257833	-0.001454	0.262544
3.097351	0.643902	-0.033692	3.106779	-0.022518	0.723470
1.283275	0.355348	-0.005631	1.305554	-0.014417	0.262822
3.102025	0.633231	-0.009494	3.177264	-0.011271	0.696102
3.684897	0.700404	-0.013357	3.748888	-0.009984	0.858057
1.911698	0.454245	0.010145	1.840005	-0.023194	0.391373
1.898366	0.437166	0.019446	2.004692	0.019885	0.399126
2.097011	0.463991	-0.011288	1.905953	-0.013698	0.402218
2.419292	0.540686	0.011555	2.258136	0.013536	0.531089
1.304050	0.356698	-0.000734	1.238167	-0.002717	0.248280
1.502933	0.373250	-0.003049	1.471688	-0.006749	0.283073
1.551987	0.412645	0.012974	1.500355	-0.003720	0.329305
1.716733	0.411022	-0.006253	1.594057	-0.023926	0.331772
2.569573	0.546438	-0.000189	2.582098	0.022846	0.536136
2.257705	0.489784	0.002197	2.379706	-0.020475	0.447798
1.111998	0.332922	0.000043	1.111307	0.000022	0.223488
1.141867	0.335034	-0.000164	1.221613	-0.000018	0.226008
1.814283	0.437211	0.015869	1.816844	0.007923	0.366653
3.157494	0.654665	-0.033879	3.281567	0.015007	0.775327
1.180510	0.352069	-0.000154	1.279770	-0.002343	0.245246
1.860071	0.444824	0.019655	1.788356	0.015547	0.397323
2.205944	0.490888	0.013219	2.390740	-0.001832	0.456148
3.498749	0.703626	0.003088	3.468055	-0.038321	0.855221
1.521599	0.408973	-0.003462	1.642931	0.003579	0.326316
1.653146	0.396267	0.039996	1.448257	0.004548	0.335829
2.425127	0.506950	-0.009713	2.116401	-0.006952	0.481216
1.289133	0.356872	0.002361	1.376562	0.001950	0.255504
2.112461	0.457551	-0.009464	2.463956	-0.004816	0.416815
1.853201	0.443965	-0.005599	1.929557	0.023129	0.376535
2.064515	0.454309	0.007058	1.976410	-0.007585	0.395000
2.035543	0.435233	-0.004811	2.026069	-0.000078	0.372080
1.562995	0.371377	-0.018195	1.528018	-0.016310	0.305276
1.367918	0.373787	0.002831	1.435730	-0.001702	0.279001
2.458622	0.558905	0.001973	2.589714	0.004208	0.581041
1.195047	0.338618	-0.000235	1.139376	-0.000195	0.233663
2.290425	0.503550	-0.007138	2.303035	-0.008708	0.486368
1.732851	0.422842	0.001719	1.815833	-0.005323	0.352057
1.818136	0.401462	0.000257	1.533508	-0.002254	0.315891
1.684994	0.408581	-0.018157	1.613531	-0.015533	0.342606
1.663552	0.428064	-0.008981	1.763385	-0.008828	0.388928
1.465957	0.372318	0.000195	1.440044	-0.002124	0.271543
2.060948	0.481006	-0.012503	2.039341	-0.006002	0.442037
3.312541	0.682986	-0.008996	3.466102	-0.020288	0.808779
1.517588	0.388539	-0.001398	1.535158	0.001826	0.303751
3.158113	0.654386	0.011772	3.089918	0.002545	0.721422
1.858010	0.428669	-0.017568	1.563646	0.002966	0.359523
3.112618	0.601265	0.032936	2.952466	0.003686	0.626502
2.389049	0.524303	-0.024896	2.461097	-0.011338	0.512657
2.795220	0.562929	-0.032222	2.678429	-0.016694	0.561480
2.791684	0.574673	-0.004536	2.952593	0.029205	0.593935
1.420126	0.377945	0.002153	1.297450	-0.002626	0.276856
1.231910	0.345163	0.000550	1.163131	-0.000670	0.241284
1.312245	0.353021	-0.003007	1.188668	-0.000922	0.249417
2.306220	0.458794	0.000607	1.893471	-0.021594	0.404564
1.124124	0.335919	-0.000202	1.127498	-0.000499	0.226876
2.536055	0.557268	0.023349	2.514186	0.021919	0.603219
1.861232	0.454886	0.038917	1.813341	0.034652	0.426187
1.955254	0.455690	0.023824	2.138750	0.006102	0.388083
2.184519	0.504905	0.033947	2.537526	0.004175	0.520916
2.201880	0.458434	-0.003140	2.090878	-0.004242	0.393493
2.603043	0.540480	-0.025978	2.598796	-0.017769	0.550586
1.306517	0.355113	-0.002066	1.214621	-0.003957	0.250277
1.099963	0.330227	-0.000017	1.143714	-0.000061	0.220276
3.446184	0.676611	-0.020494	3.293438	-0.011408	0.785807
2.286468	0.500917	0.015860	2.386302	-0.006019	0.473032
1.724031	0.450932	0.024511	1.676984	0.034066	0.386417
2.329664	0.485119	-0.011895	2.235592	-0.039159	0.470906
2.958712	0.558164	-0.021365	2.701110	-0.012522	0.608587
2.910414	0.610176	0.029029	2.956176	0.026674	0.688529
2.895505	0.585734	-0.023658	2.736346	-0.001135	0.628124
1.309674	0.354293	0.003128	1.307770	0.001883	0.261700
2.033913	0.474730	-0.001998	2.274758	0.007812	0.422463
1.675164	0.450911	0.019070	2.024799	0.017340	0.405616
2.496988	0.524098	-0.006505	2.299300	-0.004528	0.490515
2.633420	0.564117	0.029474	2.545648	0.008668	0.582763
3.020950	0.634050	0.019366	3.024696	0.033619	0.718346
1.211586	0.357505	-0.001887	1.486893	0.002197	0.254303
2.047057	0.462741	-0.035512	1.995549	-0.003646	0.390812
2.088161	0.412782	-0.022121	1.660730	-0.006436	0.349500
1.746217	0.414250	-0.004577	1.986664	-0.008756	0.347133
1.442832	0.374166	-0.004322	1.479998	-0.005596	0.283241
1.912098	0.450681	-0.028673	1.996052	-0.001400	0.408956
1.496049	0.373574	-0.000458	1.591346	0.001168	0.281711
1.237049	0.339619	-0.002770	1.211742	-0.000027	0.236185
1.168825	0.347814	-0.000439	1.273124	0.002053	0.239929
1.412995	0.364026	0.000202	1.400983	-0.002652	0.256201
3.128147	0.646772	0.022734	3.177317	0.029944	0.711845
1.413921	0.365788	-0.007554	1.469294	-0.002895	0.272320
3.016804	0.684475	-0.002921	3.219225	-0.002194	0.725997
1.403673	0.376245	0.001712	1.524986	-0.000639	0.285711
1.726026	0.403809	0.000938	1.702110	0.002263	0.321310
1.529937	0.378390	0.005803	1.532345	-0.000225	0.280449
1.678441	0.436681	0.018701	1.706318	0.029680	0.394961
2.993500	0.614089	-0.029573	2.706412	0.023542	0.695413
2.658903	0.571118	-0.013764	2.447127	0.011388	0.578551
1.902255	0.443947	0.002045	1.714681	0.002611	0.358294
2.635583	0.511116	-0.038634	2.391801	-0.000215	0.490859
1.295154	0.353537	0.000774	1.186683	-0.000455	0.247276
1.874363	0.438191	-0.023366	1.762892	-0.001819	0.384963
1.663060	0.407795	0.006600	1.850100	0.004065	0.332111
1.217725	0.352868	-0.002015	1.275269	-0.000296	0.247127
1.365616	0.373492	-0.000046	1.448295	0.004287	0.276869
2.745065	0.617446	0.007970	2.932052	0.032563	0.671681
1.793187	0.459490	-0.008602	2.119017	0.015084	0.411537
2.726268	0.561815	-0.000912	2.934560	0.005962	0.569514
1.186322	0.352445	0.002217	1.272844	-0.000132	0.247601
2.770550	0.604966	0.026029	2.714124	-0.013430	0.611939
2.823390	0.535680	0.004067	2.498936	-0.029982	0.550975
1.412721	0.361019	-0.017894	1.298968	-0.038098	0.284213
1.764751	0.423453	-0.014557	1.605500	-0.007276	0.355657
3.240569	0.637670	-0.029121	3.021525	-0.037256	0.692168
3.463343	0.721563	0.030175	3.521448	0.012833	0.906060
2.660829	0.586490	-0.019342	2.654309	-0.000314	0.640313
1.548378	0.386685	-0.007149	1.480902	-0.013460	0.298169
2.132715	0.486653	0.026637	2.321293	0.030454	0.480877
2.280274	0.527939	0.018300	2.488381	0.019604	0.497952
1.383234	0.352474	0.005148	1.373649	0.006246	0.255844
2.571801	0.528029	-0.013229	2.569707	0.003029	0.541758
1.467385	0.395403	0.000590	1.777522	-0.000080	0.310959
2.645639	0.573368	-0.023158	2.663662	-0.008263	0.620749
1.628843	0.412703	0.007309	1.640515	-0.009239	0.339325
1.146721	0.340746	-0.004083	1.203870	-0.018527	0.241527
1.781101	0.443746	-0.019663	2.064823	-0.003286	0.378229
1.408630	0.341991	-0.003652	1.448095	-0.001529	0.247678
2.787966	0.580646	-0.008263	2.730569	0.022098	0.597729
1.634715	0.397592	-0.007275	1.691238	-0.002839	0.314765
2.791212	0.651199	-0.033846	3.218484	-0.015295	0.728471
3.403058	0.682372	0.001162	3.324448	-0.015489	0.806985
2.563733	0.530386	0.001975	2.426213	0.002317	0.507542
2.269247	0.518915	0.005279	2.358354	-0.014570	0.492410
2.624030	0.594176	0.012276	2.556661	-0.012517	0.611787
2.142009	0.477745	0.031549	2.089102	0.019336	0.427075
1.312558	0.353226	0.004814	1.291938	0.015264	0.268080
1.145540	0.341641	0.000009	1.244673	-0.000438	0.234637
1.691312	0.431917	0.002740	1.871727	-0.012185	0.362965
2.644375	0.537699	0.007275	2.444593	-0.005479	0.501570
2.168467	0.471759	0.005926	2.028650	-0.007634	0.420970
1.768155	0.452372	-0.001058	1.897575	-0.011085	0.399635
3.210622	0.610645	0.006702	2.859391	-0.003466	0.677457
2.051974	0.483439	0.014462	2.177529	0.004153	0.425390
2.670948	0.570678	0.006365	2.740833	-0.022296	0.592077
1.255720	0.359034	-0.001733	1.442224	-0.001390	0.254248
1.707509	0.416973	0.027769	1.666076	0.021673	0.357216
2.125816	0.519902	0.023328	2.382168	0.005416	0.516216
1.475876	0.383386	-0.001022	1.611835	0.003470	0.319818
1.453174	0.371205	-0.000074	1.491186	0.004244	0.280152
1.294251	0.364141	-0.006551	1.362281	-0.000927	0.270347
1.656083	0.374051	-0.020941	1.521968	-0.002859	0.295679
1.655127	0.406852	0.014134	1.792856	0.016527	0.341768
1.365771	0.364185	0.004336	1.339712	0.003003	0.265656
2.721336	0.611023	0.010751	2.993455	0.000907	0.643332
1.384200	0.368703	-0.005504	1.354795	-0.011892	0.276040
1.868300	0.435789	0.004492	1.905746	-0.008085	0.363676
1.895704	0.426811	-0.004807	1.884589	0.002010	0.360062
3.507962	0.664704	0.013434	3.056264	0.026151	0.762062
1.952281	0.440278	0.012757	1.850618	0.002087	0.359658
3.417704	0.658147	-0.000795	3.105292	-0.034789	0.713302
1.828798	0.431601	-0.013761	1.796251	0.005771	0.356611
1.681969	0.399747	0.005862	1.763384	-0.013685	0.335841
2.042640	0.489485	-0.026646	2.297760	-0.009467	0.443973
2.821766	0.595124	-0.012099	2.854392	0.000895	0.632353
2.011540	0.452069	0.013822	2.137322	0.008498	0.389955
1.105778	0.331882	-0.000006	1.240809	-0.000154	0.222958
1.328771	0.355778	0.000938	1.286102	-0.000842	0.252501
1.909187	0.446728	-0.011808	1.812016	-0.034729	0.401047
3.867748	0.762802	0.006064	3.760824	-0.009463	0.382494
1.626723	0.421236	0.023935	1.825587	0.015802	0.337652
1.117411	0.334407	0.000144	1.210992	0.000343	0.226505
1.430818	0.392756	0.002777	1.614634	-0.007771	0.296088
2.052828	0.467548	-0.011043	1.985452	0.027276	0.439928
2.477503	0.528681	0.016720	2.414907	-0.010365	0.485625
1.911637	0.458986	-0.035687	1.758441	-0.035620	0.417997
1.670936	0.418110	0.012235	1.570741	0.003061	0.341319
2.966686	0.606613	-0.005864	2.936540	0.016314	0.633195
2.327808	0.496771	0.015234	2.419155	0.014540	0.494353
1.606379	0.395302	0.025072	1.491732	0.011531	0.329721
1.848616	0.437854	-0.003543	1.612075	0.008993	0.372380
1.157945	0.344890	-0.000144	1.250554	0.000842	0.237102
3.102202	0.705643	0.023301	3.398195	-0.006744	0.794305
1.820530	0.416605	-0.002009	1.637040	-0.013012	0.360738
2.795970	0.625377	-0.034199	3.102779	-0.005692	0.723865
1.264359	0.350819	-0.000449	1.189393	0.000217	0.244615
1.380205	0.377946	0.000104	1.299800	0.004145	0.281810
1.507109	0.379677	-0.007513	1.311051	-0.006416	0.286173
2.552258	0.535037	0.008682	2.342179	-0.012673	0.499037
1.408019	0.360174	-0.000662	1.374433	0.000676	0.261071
2.430928	0.544542	0.011751	2.468464	0.017108	0.590240
1.666697	0.430135	0.000748	1.735948	0.000759	0.344526
2.802599	0.566473	0.005202	2.570300	-0.007742	0.580013
1.420068	0.353530	-0.000341	1.229251	-0.000255	0.246681
1.455812	0.379968	0.008374	1.574495	0.006378	0.296985
1.111001	0.333035	0.000046	1.111225	0.000042	0.223115
2.456761	0.508143	-0.036766	2.233653	-0.010373	0.481592
1.774220	0.432784	0.013405	1.681449	0.003603	0.360304
1.331242	0.374293	0.004086	1.597459	0.005236	0.281769
3.129194	0.612028	-0.039219	2.849953	-0.033833	0.645708
3.415420	0.681017	-0.035835	3.277822	-0.009327	0.733562
3.384989	0.729103	0.004575	3.656367	0.022924	0.875706
3.229151	0.704043	0.036617	3.235134	0.011530	0.834978
1.564653	0.389839	0.002610	1.721677	-0.000751	0.298287
1.306399	0.364779	0.002471	1.239756	-0.001807	0.263681
1.440399	0.387205	0.001937	1.552897	-0.001957	0.295154
2.099369	0.475895	0.020037	2.253328	-0.026226	0.460879
1.433093	0.397186	0.002706	1.719580	0.002681	0.304940
1.285474	0.356267	0.001682	1.342205	-0.000193	0.257208
2.239463	0.505676	0.037477	2.181261	0.010982	0.475933
1.855594	0.433809	-0.028493	1.763713	-0.017782	0.369143
2.963368	0.555077	-0.007958	2.658717	0.023688	0.592535
2.316725	0.527428	0.012576	2.450152	0.008056	0.501054
1.328599	0.366912	0.000230	1.249257	-0.002700	0.261305
1.613199	0.421143	-0.023927	1.669769	-0.035537	0.363332
2.733180	0.644002	0.006937	3.080048	0.034451	0.695627
1.697158	0.410593	0.037801	1.763572	0.028276	0.368107
1.216960	0.363226	0.004732	1.324669	0.005466	0.261929
2.077435	0.495436	-0.030752	2.348756	0.005021	0.471619
2.766890	0.602253	-0.019251	2.754739	0.000431	0.624270
1.387389	0.383334	-0.002561	1.405049	-0.003789	0.283465
2.431562	0.544977	0.008244	2.537416	0.020690	0.548631
2.449743	0.554091	0.013861	2.692143	-0.007420	0.542471
1.262132	0.371286	-0.001289	1.354253	0.003291	0.269770
1.677211	0.396465	-0.000917	1.544860	0.005055	0.304278
2.666084	0.543177	0.009963	2.567490	-0.033900	0.549398
2.251565	0.473705	0.020517	1.992638	0.011838	0.438480
1.170044	0.343488	0.000913	1.303707	0.000139	0.244800
2.120987	0.463470	-0.006149	1.895515	-0.005247	0.411553
3.033131	0.635094	-0.021483	3.109858	-0.032890	0.704697
1.380655	0.380861	0.006515	1.410295	-0.000838	0.292649
2.863899	0.614539	0.019204	2.899551	0.038874	0.658514
1.125046	0.336285	-0.000227	1.124636	-0.000330	0.227471
2.466503	0.529351	0.012637	2.570675	0.001679	0.502226
1.471110	0.367096	-0.004771	1.525278	-0.011763	0.300221
1.266974	0.347828	0.000106	1.196346	-0.000869	0.245044
1.928039	0.449411	-0.021748	1.963293	-0.026036	0.391115
1.183447	0.337354	-0.002198	1.407793	-0.002889	0.242783
3.240538	0.689659	0.015738	3.228265	0.018570	0.778489
1.178107	0.330383	-0.000383	1.101521	0.000030	0.221043
1.621169	0.399608	-0.011243	1.418427	-0.007992	0.309133
1.979296	0.451430	-0.012941	1.838639	-0.013456	0.394558
1.110918	0.333024	0.000008	1.111399	0.000010	0.222911
1.111020	0.333049	0.000044	1.111250	0.000040	0.223220
1.114209	0.332668	0.000160	1.112412	0.000388	0.224479
2.115757	0.461502	0.015327	1.955900	0.019168	0.416215
2.908749	0.595883	0.019744	2.988441	0.000565	0.654329
1.686904	0.410513	0.001193	1.587055	0.003161	0.329127
1.222110	0.338334	0.000960	1.130855	-0.000189	0.230206
2.500988	0.557810	-0.017968	2.646486	-0.027067	0.601254
1.339008	0.357591	-0.001416	1.213112	-0.000251	0.254094
2.230007	0.552454	0.021447	2.439085	0.020215	0.532413
3.388105	0.594551	-0.013877	2.895958	-0.004881	0.635280
2.527097	0.592048	-0.003789	2.761321	0.013241	0.630150
1.349379	0.351381	0.000631	1.391862	-0.001491	0.248483
1.111088	0.333045	-0.000009	1.111484	0.000002	0.223373
2.038354	0.484620	-0.011913	2.195999	-0.024041	0.444613
1.371563	0.383681	-0.013153	1.615775	-0.032725	0.309910
1.837389	0.402118	-0.013156	1.552197	-0.009284	0.320570
1.278821	0.373302	0.002243	1.520267	-0.001660	0.276324
2.634077	0.548727	-0.004160	2.391312	0.025895	0.534792
1.439808	0.372395	0.010327	1.485967	0.003835	0.280906
2.339260	0.544345	0.017827	2.280580	0.005417	0.515015
2.695474	0.534759	-0.015557	2.596116	-0.028947	0.533469
1.321476	0.363978	0.003487	1.335032	0.009232	0.265993
1.889759	0.452335	-0.023162	2.019645	-0.010291	0.398826
2.423831	0.512075	0.015318	2.254176	0.015521	0.484075
1.546908	0.389315	-0.012191	1.547458	-0.034357	0.317879
2.851796	0.614522	-0.007044	2.847280	-0.019594	0.674321
1.191873	0.354069	-0.000215	1.188984	0.000763	0.245832
2.791743	0.541155	0.003026	2.259622	0.009434	0.552326
2.242818	0.554356	0.005518	2.373368	0.018171	0.555233
2.500029	0.519849	0.006515	2.179639	0.023043	0.486017
2.563343	0.547118	0.000528	2.582984	0.007544	0.557635
1.680535	0.427656	0.002562	1.978593	0.005004	0.348174
1.465246	0.397160	0.002048	1.505607	-0.030546	0.348265
1.195398	0.351045	0.000373	1.185927	0.000986	0.240787
2.927757	0.633607	-0.022078	2.976448	-0.027376	0.715355
3.073460	0.690138	-0.025305	3.066266	0.037066	0.786246
2.486187	0.508106	-0.008842	2.407509	-0.015175	0.513856
3.022334	0.607599	-0.002328	2.634994	-0.008813	0.641242
1.142791	0.337912	0.000352	1.231058	0.002164	0.236724
2.185165	0.478625	-0.001319	2.095202	0.014337	0.448460
3.218028	0.684332	-0.006158	3.507128	0.021896	0.791462
2.349278	0.505030	-0.032260	2.452055	-0.008468	0.487976
2.560773	0.548319	-0.030868	2.751963	-0.004565	0.576589
2.070469	0.459513	-0.005223	2.216469	0.004153	0.394644
3.697800	0.757905	0.007489	3.426820	0.020788	0.850242
1.607619	0.405206	0.013081	1.768440	0.012504	0.322794
2.049522	0.461163	-0.015200	2.107100	-0.035663	0.419149
1.832663	0.469605	0.010287	2.214896	-0.001316	0.410356
2.758749	0.514825	-0.006431	2.392207	0.015905	0.471962
1.846828	0.434278	-0.029826	1.867428	-0.011208	0.375626
2.574280	0.506696	-0.004839	2.099448	-0.021174	0.469475
1.765695	0.427175	-0.012474	1.490794	-0.000925	0.344031
2.541861	0.555073	-0.009128	2.679690	-0.014925	0.545014
2.990623	0.614501	0.034464	2.834568	-0.000043	0.656534
3.404450	0.660231	-0.020184	3.195963	0.014840	0.760060
1.721623	0.396819	-0.006764	1.743726	-0.003494	0.325776
2.157698	0.482356	0.009312	1.870404	0.000600	0.433379
1.844658	0.416868	-0.028002	1.740091	-0.036318	0.375059
2.052813	0.484246	0.002369	2.237801	-0.026219	0.445253
1.694379	0.387262	0.001328	1.519745	0.006004	0.295412
1.803544	0.457901	-0.001479	2.246954	0.002146	0.383834
1.420631	0.386674	0.002403	1.536127	0.003067	0.289067
1.886521	0.420611	0.010194	1.561628	0.009415	0.336492
1.614528	0.398962	0.001551	1.471139	0.004817	0.314480
1.702907	0.384845	-0.000114	1.447561	0.000870	0.295305
1.456537	0.361533	-0.004468	1.374195	0.000389	0.258271
2.219849	0.465746	0.000999	2.145583	0.007099	0.413909
2.178656	0.491554	-0.013977	2.303774	0.008461	0.475208
2.757660	0.547327	-0.023144	2.522383	-0.028390	0.570429
2.181235	0.522912	-0.030742	2.480708	-0.008325	0.512381
2.991501	0.627061	-0.038390	3.068295	-0.023695	0.642808
1.380091	0.394030	-0.004416	1.343898	-0.001025	0.292382
1.125804	0.336251	-0.000246	1.124237	0.000117	0.227479
1.867995	0.462190	0.020993	1.815823	-0.010187	0.410628
2.356458	0.514123	0.022772	2.578467	0.010720	0.478669
1.643252	0.417748	0.014756	1.541637	0.009007	0.330609
1.316773	0.364440	0.000243	1.323217	0.002437	0.258589
2.280177	0.567215	0.034290	2.678318	0.006550	0.552819
2.251241	0.520091	0.015015	2.926127	0.010663	0.507506
1.622175	0.395369	0.001355	1.709665	-0.021527	0.322224
1.358245	0.357293	0.003191	1.205682	0.004180	0.250631
2.886210	0.616455	-0.022255	2.857602	0.038940	0.665189
1.693850	0.423540	-0.006609	1.879577	0.000869	0.343522
1.853900	0.409046	-0.009858	1.812718	-0.013695	0.339541
3.017681	0.597880	-0.035230	2.591862	-0.008810	0.611758
1.707064	0.383933	0.001522	1.519204	0.001061	0.292995
1.408036	0.358811	0.003309	1.302068	0.014930	0.291880
3.423956	0.696564	0.004637	3.276260	-0.000995	0.767746
3.190575	0.650922	0.008930	2.795761	-0.016920	0.701251
1.545841	0.395213	0.000183	1.442198	0.004280	0.296555
2.546317	0.560829	-0.009884	3.053444	-0.024045	0.581407
2.229123	0.469390	-0.004848	1.829544	-0.018529	0.433725
1.662402	0.427326	0.000188	1.976064	0.007078	0.352930
2.655547	0.604925	0.000050	2.731797	0.027065	0.638653
3.566993	0.688820	-0.000206	3.644951	0.037274	0.831832
1.123872	0.336518	-0.000344	1.123073	0.000010	0.226437
1.544148	0.392409	0.005257	1.588215	-0.000282	0.320990
2.861728	0.583178	-0.039071	2.604781	-0.035087	0.622342
1.690097	0.395269	-0.019911	1.607711	0.026120	0.337562
1.261607	0.349852	-0.000751	1.244671	-0.000790	0.241333
2.387945	0.573965	-0.010302	2.793453	-0.018447	0.561603
2.333273	0.508061	0.010571	2.408697	0.009539	0.492160
3.101200	0.641572	0.034212	2.990809	0.034184	0.688017
3.129776	0.564988	-0.017221	2.876209	-0.000636	0.586447
2.871533	0.597612	-0.032346	2.675805	-0.039975	0.595554
2.615638	0.572999	0.014098	2.931141	0.013930	0.567707
1.719290	0.447781	-0.026680	2.259149	-0.015059	0.394924
1.222637	0.360401	0.002392	1.226193	0.001582	0.252066
2.506739	0.543850	0.003265	2.617369	0.015131	0.578996
1.959086	0.437958	0.003519	1.850034	0.025434	0.393951
3.259158	0.658579	-0.002287	3.003340	0.031393	0.738596
1.541501	0.415289	-0.008092	1.718029	-0.005425	0.326423
1.210482	0.334089	0.000043	1.119979	-0.000022	0.227424
2.758411	0.556649	0.039815	2.476391	0.018386	0.557646
1.921612	0.425125	-0.038247	1.679711	-0.033968	0.375559
2.685383	0.555022	-0.008874	2.486479	0.002547	0.596042
2.608600	0.517065	0.020498	2.335529	0.039062	0.485962
2.446290	0.492898	-0.008793	2.014482	-0.015379	0.461149
1.111060	0.333051	0.000055	1.111228	0.000044	0.223190
2.153579	0.510011	-0.018718	2.372955	-0.030027	0.501227
1.440844	0.392297	-0.004440	1.513597	0.003758	0.306688
2.647886	0.521644	0.027255	2.228758	0.034808	0.499967
1.854972	0.438452	-0.003356	2.059367	0.000802	0.371593
3.231453	0.656682	-0.010528	3.246261	0.019538	0.767505
1.681611	0.424868	-0.003292	1.611649	-0.003278	0.348886
2.180036	0.521344	0.008263	2.685854	-0.003705	0.504491
1.596674	0.380667	-0.002146	1.443688	-0.006807	0.291426
2.233121	0.507808	0.017926	2.447398	-0.001858	0.483075
2.517654	0.531995	-0.003640	2.350486	-0.004307	0.507071
1.304217	0.358953	-0.002029	1.222790	-0.003642	0.254601
2.791599	0.623861	0.018487	3.048082	-0.021268	0.725639
1.809807	0.447809	0.037642	1.974969	0.008739	0.413535
1.724887	0.414431	-0.002999	1.811612	-0.022095	0.351423
2.513421	0.592545	-0.025958	2.741022	-0.026269	0.641904
2.736900	0.604222	-0.035442	2.846428	-0.022072	0.637842
3.074800	0.697213	-0.039393	3.456669	-0.012064	0.770550
1.887667	0.440759	0.002999	1.785862	-0.000116	0.370624
2.850699	0.580870	-0.023033	2.784311	0.015149	0.601812
2.816042	0.574863	-0.007457	2.777774	-0.028480	0.629850
2.548361	0.554394	0.008120	2.628713	-0.016763	0.523258
2.572177	0.524804	0.005020	2.362971	-0.020159	0.547949
2.228264	0.491137	-0.000660	2.174257	-0.018573	0.438122
2.653789	0.519540	-0.006658	2.420066	-0.011281	0.541149
2.407799	0.562757	-0.004051	2.578760	-0.030623	0.582503
1.805467	0.412843	-0.003760	1.889896	-0.009289	0.335457
2.801048	0.613726	0.023806	3.046230	-0.005815	0.666338
2.049319	0.467056	-0.012150	2.001334	-0.002649	0.433381
1.787604	0.432416	-0.001868	2.181417	0.010119	0.376934
2.151448	0.480876	0.019177	2.467317	0.014008	0.440154
2.798358	0.607833	0.020169	2.815892	0.008888	0.630546
1.111621	0.333003	-0.000009	1.116568	-0.000135	0.223112
2.128060	0.474331	-0.018054	2.134351	-0.007938	0.429153
2.013893	0.457392	-0.003300	1.854767	-0.003026	0.385625
2.991544	0.632473	-0.000469	3.155498	-0.001122	0.736291
1.491466	0.375018	0.001973	1.483377	0.000709	0.280233
1.328519	0.356412	0.009192	1.303581	0.004911	0.261856
2.039113	0.449664	0.000442	1.885000	0.000329	0.393732
3.102905	0.663989	0.020716	3.167186	0.017631	0.759277
2.542140	0.559893	0.005260	2.682008	0.011060	0.574152
1.110982	0.333063	-0.000045	1.111061	-0.000047	0.223103
2.865753	0.628398	0.031826	2.926217	0.003806	0.687872
3.317596	0.653781	0.028556	3.275887	0.015390	0.717859
2.055179	0.468770	-0.000908	2.022399	0.006373	0.402541
3.225906	0.664421	0.029425	3.320491	-0.001603	0.758430
1.788658	0.424899	-0.003879	1.729913	-0.002659	0.364875
1.306099	0.360554	-0.002271	1.262877	0.001803	0.253624
1.463420	0.369430	-0.009371	1.439319	0.001609	0.270900
2.488341	0.588222	0.021909	2.900799	0.032610	0.606967
2.061591	0.452899	0.001335	1.936856	0.009531	0.382490
1.111034	0.333037	-0.000034	1.111079	-0.000030	0.223102
1.542943	0.380083	0.007702	1.332859	0.004657	0.278931
1.458218	0.388054	-0.003073	1.623163	-0.000426	0.298970
1.525621	0.406159	-0.011390	1.615630	-0.030746	0.332323
1.385106	0.364024	-0.005532	1.318935	-0.001046	0.262919
3.155245	0.607683	0.002211	2.805501	0.004918	0.675601
2.328708	0.524189	-0.013372	2.308273	0.007008	0.499624
1.478930	0.378193	0.000351	1.507290	0.006090	0.291554
2.712023	0.594017	-0.007566	2.606036	-0.009915	0.596341
1.487527	0.380248	-0.015482	1.590881	-0.013409	0.307286
1.843337	0.420613	-0.012597	1.719242	-0.020037	0.362655
3.199954	0.641370	-0.006082	2.989514	-0.018390	0.717871
1.348807	0.349852	0.000854	1.225468	0.000470	0.244612
2.951353	0.626519	0.007479	2.858442	-0.015671	0.695230
2.184697	0.538172	0.009143	2.595660	0.016180	0.534778
3.043856	0.633607	-0.015523	3.292978	-0.002928	0.671633
2.354385	0.526050	-0.014303	2.427662	-0.013284	0.507717
3.111236	0.680470	0.015553	3.428954	-0.018669	0.746163
1.447151	0.381440	-0.000532	1.371183	0.001110	0.280582
1.145925	0.340864	0.000032	1.244119	-0.000102	0.235752
1.629847	0.452148	0.017439	1.751460	0.035819	0.397220
1.587870	0.410408	-0.001841	1.819455	-0.005223	0.331558
1.779676	0.421292	-0.014294	1.569610	-0.022373	0.337583
1.436868	0.387763	-0.008968	1.488508	-0.001474	0.297754
1.862995	0.433429	-0.003438	1.814741	-0.011938	0.389540
1.250696	0.355584	-0.000132	1.407960	0.000322	0.254263
1.123476	0.336572	0.000120	1.123130	0.000027	0.226421
2.138682	0.475577	-0.005579	1.899427	0.011715	0.410069
2.512542	0.549591	-0.010433	2.607820	0.009473	0.541430
2.846591	0.551588	-0.012987	2.748328	0.005310	0.583057
1.687808	0.408200	-0.007896	1.433750	0.003068	0.322636
2.236797	0.514728	0.026122	2.463678	0.019645	0.482126
1.123156	0.336570	-0.000046	1.123610	-0.000375	0.226547
1.580674	0.411394	-0.000289	1.503557	0.003427	0.320914
2.524767	0.506039	0.032434	2.266671	0.024677	0.530838
2.975985	0.637404	0.014299	3.174199	-0.007029	0.712936
2.778085	0.574649	0.018999	2.671709	0.039941	0.601438
2.539977	0.552073	0.006680	2.586742	0.013131	0.552125
1.214266	0.359363	-0.000594	1.464239	-0.001256	0.261254
3.041950	0.643761	-0.012200	3.236664	0.008395	0.721525
3.135475	0.668029	-0.010609	3.223477	0.003274	0.742512
1.816325	0.435263	-0.005771	1.899596	-0.001848	0.355235
1.738730	0.425996	0.029569	1.872865	0.015570	0.356034
1.164084	0.346249	0.000075	1.168817	0.002010	0.239446
2.708954	0.553990	-0.000060	2.181243	0.020766	0.541708
1.626790	0.420204	-0.002129	1.754651	0.001931	0.333019
1.224988	0.340385	-0.000099	1.140967	-0.000130	0.233789
1.098898	0.329669	-0.000000	1.098898	-0.000000	0.219780
2.407778	0.497814	0.002586	2.255997	-0.004686	0.476056
2.842028	0.592172	-0.028107	2.790923	-0.002054	0.624882
1.142187	0.338755	-0.000387	1.140028	0.000578	0.231615
1.430771	0.370965	-0.001636	1.364806	-0.001402	0.274798
1.360442	0.370339	-0.018212	1.260448	-0.004582	0.271237
1.570978	0.405782	0.002807	1.485702	0.006067	0.314534
2.721877	0.545265	-0.031112	2.475954	-0.016626	0.543951
1.330594	0.361388	-0.024401	1.294099	-0.003874	0.268685
1.113167	0.333730	0.000131	1.173214	-0.000030	0.223769
1.917000	0.432132	0.010576	1.769449	0.023486	0.398061
1.918017	0.437751	0.014965	1.915605	0.030398	0.374388
3.243905	0.659960	-0.001400	3.360229	-0.026426	0.771430
1.784135	0.420970	0.004536	1.654548	0.003994	0.337197
1.316153	0.338842	0.000613	1.135373	-0.000159	0.232074
2.957980	0.552076	0.005825	2.732833	0.000069	0.543515
1.414497	0.365124	0.003183	1.229711	-0.002633	0.258875
2.269485	0.472173	0.010605	1.949797	0.016261	0.429384
2.423720	0.546092	-0.031728	2.482835	0.004127	0.549353
2.612463	0.522972	0.018222	2.263669	-0.008007	0.495740
1.354850	0.358220	-0.000129	1.265316	-0.004472	0.269570
2.588929	0.525392	0.007154	2.476565	-0.022781	0.500849
1.628141	0.400360	-0.003643	1.555427	0.001253	0.315744
1.245675	0.353962	-0.000549	1.286168	-0.000900	0.247976
2.359257	0.519075	0.005503	2.386145	0.024009	0.507238
2.422805	0.560156	0.011829	2.568914	0.023866	0.553105
1.475006	0.367781	0.002289	1.334663	-0.001278	0.272537
2.348171	0.525085	-0.017255	2.492596	-0.039377	0.512171
1.713765	0.414216	0.006492	1.641779	0.006279	0.336938
1.498500	0.385834	-0.001907	1.344072	0.007607	0.290068
2.597411	0.558738	0.005356	2.680735	0.015833	0.559821
2.469345	0.592797	0.004144	2.610858	-0.000659	0.609833
2.022815	0.489869	0.000676	2.195680	-0.017151	0.469299
3.013667	0.630001	-0.016885	3.005278	-0.016345	0.652373
3.042290	0.606226	0.002913	3.223347	-0.004066	0.665039
2.195752	0.482842	-0.004628	2.304481	-0.013000	0.442531
1.640769	0.396693	0.017819	1.546273	0.014481	0.333275
1.226585	0.341338	-0.001923	1.184677	-0.006277	0.247528
1.451760	0.399958	-0.032142	1.540627	-0.008547	0.327219
1.970372	0.455142	-0.004274	1.886098	-0.023380	0.397864
1.379340	0.349937	-0.002186	1.358410	-0.000805	0.247616
1.912814	0.457765	0.012277	2.103424	-0.010144	0.424708
2.062074	0.492183	0.012452	2.077548	-0.007957	0.441229
2.921170	0.663747	0.016906	2.675173	-0.005771	0.740004
2.491012	0.517352	-0.039224	2.250807	-0.016073	0.516908
3.019406	0.632167	-0.020146	3.035126	0.030927	0.682792
1.395611	0.364038	-0.001069	1.412080	-0.001872	0.266469
1.286816	0.340460	-0.002352	1.152532	-0.000594	0.242283
2.843585	0.603605	0.004602	3.006695	0.021444	0.651729
1.261874	0.346198	0.000421	1.258965	0.000110	0.242833
1.535406	0.399272	0.013728	1.929071	0.031813	0.337487
1.920216	0.427369	-0.006588	1.652560	0.016304	0.353700
1.121214	0.335007	-0.000731	1.220755	-0.004268	0.231483
2.047304	0.485524	-0.006555	2.463995	-0.020963	0.433024
2.834842	0.597692	-0.011986	2.751216	-0.010389	0.642071
2.773174	0.568985	-0.014935	2.739530	0.000184	0.582939
1.472117	0.391785	-0.000683	1.599932	-0.005777	0.299147
1.226003	0.345420	-0.001474	1.164864	-0.000109	0.242564
1.207348	0.357097	-0.001494	1.245546	-0.003704	0.255826
2.154694	0.477993	-0.001493	2.432608	0.033429	0.449593
1.333067	0.365845	-0.000695	1.392595	-0.002037	0.259797
2.952596	0.654105	-0.006998	3.095722	0.021483	0.769576
1.219669	0.343297	-0.018850	1.223038	-0.004347	0.247267
2.119466	0.501421	-0.032353	2.264551	-0.000765	0.496736
1.450475	0.370269	-0.000677	1.457055	0.000383	0.272574
1.605249	0.383810	0.003868	1.520724	0.000461	0.294281
1.836279	0.473500	-0.000570	2.067779	0.035118	0.440579
1.950713	0.457688	-0.005009	2.021388	0.008672	0.425816
2.074699	0.473558	0.012726	2.203449	-0.004568	0.470632
2.264606	0.459384	-0.031960	2.229018	0.000731	0.427066
1.154647	0.343933	-0.000593	1.240014	-0.000091	0.237178
2.374415	0.553050	0.021786	2.777703	-0.008428	0.538368
1.098898	0.329669	-0.000000	1.098898	-0.000000	0.219780
2.830092	0.587935	0.008600	3.084428	-0.019027	0.654096
1.655621	0.423231	-0.014566	1.726928	-0.038055	0.362098
1.236725	0.364678	0.002289	1.429849	0.000371	0.262564
1.880085	0.453303	0.012497	2.092953	0.003442	0.400110
1.252363	0.344024	-0.000328	1.236343	0.000251	0.239218
3.300457	0.687659	0.004659	3.310022	0.015021	0.794083
2.207605	0.478103	-0.008766	2.173479	0.020510	0.431308
1.754948	0.455475	-0.020316	1.996044	-0.017419	0.383802
2.360379	0.516826	-0.033219	2.168574	-0.015422	0.509707
1.666499	0.416442	-0.011209	1.895673	-0.010566	0.329748
1.416509	0.360870	0.001915	1.286551	0.001732	0.255121
1.667454	0.408598	-0.007306	1.628990	-0.009192	0.332033
2.213948	0.467572	0.001372	1.934720	0.000720	0.416795
1.868073	0.482479	-0.002190	2.208440	-0.009998	0.452563
2.318838	0.512473	-0.005752	2.236387	-0.020716	0.514744
2.108808	0.462082	0.023330	2.074932	0.011613	0.406644
1.848997	0.456216	-0.009003	1.944137	0.013062	0.404301
2.105511	0.491648	-0.022945	2.128331	-0.030552	0.464297
2.141710	0.490076	-0.036641	2.461518	-0.027688	0.463310
1.531946	0.408404	-0.012727	1.456799	-0.000667	0.326343
1.632139	0.446585	-0.001135	1.718618	0.022703	0.413157
1.605880	0.363830	0.001974	1.318651	-0.000287	0.265932
1.801140	0.448033	0.007398	1.690381	-0.006879	0.371844
1.835650	0.445679	-0.033252	1.757113	-0.039077	0.395443
1.504744	0.387213	-0.001149	1.746145	0.003028	0.299306
2.308660	0.510393	-0.015220	2.190653	-0.024852	0.483053
2.455215	0.514334	-0.003116	2.333926	0.013793	0.489117
1.215434	0.334798	0.000670	1.119431	0.000014	0.227185
1.421732	0.356715	0.000952	1.322208	-0.000657	0.258017
2.621909	0.556928	0.000877	2.685993	0.003212	0.573061
2.555071	0.551039	0.000613	2.490553	0.007080	0.585748
1.177468	0.337041	0.000100	1.127908	0.000023	0.228954
1.486143	0.396868	-0.010535	1.531822	-0.000439	0.315592
3.081111	0.702802	0.018744	3.532647	0.031805	0.815951
3.277889	0.679179	-0.003569	3.401711	0.021033	0.796545
1.926668	0.493852	0.000024	2.279186	0.002220	0.447577
2.034785	0.459227	-0.024298	2.058775	-0.015069	0.418658
1.454000	0.391167	-0.014153	1.400126	-0.012882	0.308514
1.098898	0.329669	-0.000000	1.098898	-0.000000	0.219780
1.254406	0.350046	-0.000108	1.361333	-0.000729	0.244189
1.152739	0.343085	0.001733	1.152493	0.002663	0.236530
2.842331	0.604830	-0.019823	3.322615	-0.001517	0.644331
1.943381	0.457364	0.005329	2.151578	0.025011	0.418963
1.599546	0.375029	-0.001595	1.650315	-0.022859	0.286834
1.442227	0.393256	0.032995	1.467581	0.038654	0.328145
1.887011	0.451932	0.011728	1.860086	0.026453	0.385812
2.927353	0.595329	0.005520	2.749530	0.031029	0.625817
1.696119	0.420648	0.003161	1.831660	0.001964	0.342028
2.745539	0.584752	0.004851	2.542313	-0.013178	0.595431
1.623648	0.413739	0.000101	1.680284	-0.007547	0.382311
1.609161	0.411559	-0.004649	1.555814	-0.001915	0.324238
1.200871	0.356413	-0.002033	1.290566	-0.002086	0.252152
1.850689	0.449702	-0.017812	1.974167	0.013240	0.399757
1.432018	0.369683	-0.005098	1.525890	0.003124	0.270033
1.722877	0.429978	-0.013530	1.711895	-0.010099	0.354324
1.459261	0.355255	0.001057	1.265272	0.002758	0.259898
1.535238	0.398272	0.007455	1.504599	0.002693	0.315094
2.643163	0.556979	-0.017353	2.541430	-0.024224	0.533460
2.084859	0.484757	-0.005339	2.281975	0.001948	0.448051
1.098898	0.329669	-0.000000	1.098898	-0.000000	0.219780
3.355280	0.667648	0.038290	3.110072	0.038488	0.732370
1.533620	0.391119	0.003087	1.723229	0.011717	0.318301
2.113340	0.435442	0.015547	1.782001	0.016843	0.374963
3.167094	0.614944	0.020428	3.049680	0.008636	0.661148
1.541142	0.409180	0.003400	1.665074	0.000498	0.313467
2.572105	0.536178	-0.027918	2.617128	-0.007304	0.532788
2.404158	0.483659	-0.001314	1.952546	0.012801	0.433155
1.957414	0.471577	0.014899	2.018666	0.015184	0.419332
3.233423	0.648738	0.028459	3.132885	0.038434	0.692779
2.296692	0.472268	-0.030995	2.000214	-0.013581	0.420051
1.544281	0.423046	0.009731	2.005137	0.005115	0.352843
1.608836	0.391656	-0.006596	1.519468	-0.005105	0.308337
3.582393	0.619430	0.002152	3.100838	0.024567	0.697646
3.309542	0.664460	-0.010717	2.994953	-0.000124	0.713358
2.040732	0.457185	0.019433	1.711045	0.004037	0.419623
2.864495	0.616509	-0.030285	3.107943	-0.019806	0.661712
1.473182	0.381352	-0.004492	1.376322	0.004850	0.295302
1.151920	0.330999	0.000060	1.135519	-0.000148	0.221035
2.448586	0.530584	-0.009654	2.364814	0.001120	0.525792
1.222186	0.350227	-0.002042	1.172944	0.000725	0.241408
2.886417	0.614047	0.001252	2.542602	-0.003607	0.645338
2.943659	0.586369	0.005397	2.887491	-0.007608	0.624693
2.890593	0.591269	0.027162	2.951077	0.023406	0.651124
2.042712	0.431968	-0.031360	1.904080	-0.006043	0.379667
1.179502	0.333104	-0.000498	1.179936	-0.000306	0.228160
1.517037	0.375340	0.001288	1.446219	0.000229	0.294660
2.194392	0.456531	0.001129	2.040111	-0.002444	0.402668
3.308033	0.673078	0.009725	3.179617	0.030392	0.778729
3.588061	0.649834	-0.008405	3.250081	0.017777	0.727631
1.953926	0.419578	0.009810	1.791785	0.019819	0.348872
3.266495	0.691970	0.008208	3.480561	0.014663	0.824788
3.445866	0.681808	0.004319	3.300132	0.005087	0.796711
1.211425	0.334561	0.000241	1.136083	-0.000069	0.226551
2.091269	0.451397	-0.001751	1.645423	0.001233	0.379342
2.662321	0.613879	0.005541	2.749046	-0.008574	0.619736
1.495990	0.368572	-0.005095	1.343254	-0.002716	0.277635
1.428726	0.372896	-0.004632	1.481663	-0.022988	0.283518
3.052400	0.573933	-0.010643	2.642279	-0.017352	0.599394
2.905203	0.619498	0.013471	3.162653	-0.008743	0.666489
2.669473	0.584546	0.037584	2.691731	-0.002294	0.627773
3.421927	0.652811	-0.025438	3.168831	-0.009812	0.720679
1.260031	0.360400	0.000490	1.301668	0.002420	0.258786
1.578332	0.402848	-0.015102	1.490368	-0.020290	0.343507
2.670533	0.605829	-0.034481	3.248074	-0.013569	0.663885
1.123696	0.336261	-0.000032	1.125451	0.000162	0.227066
2.771762	0.621923	0.002970	2.937539	0.020103	0.662762
1.300259	0.362341	-0.001298	1.478562	-0.001030	0.259722
2.808219	0.630358	-0.002690	2.989586	0.030614	0.710500
1.419336	0.369801	-0.003581	1.455712	0.017265	0.299603
2.232980	0.475335	-0.003895	2.230745	-0.007526	0.430462
2.149246	0.448538	-0.000853	1.866865	0.002228	0.378694
3.054470	0.600533	-0.003928	2.881375	0.017260	0.629848
2.142117	0.473821	-0.011100	1.857469	-0.007365	0.414164
1.729439	0.417932	0.005727	1.614429	0.002641	0.330438
1.891362	0.458504	0.004809	1.976093	-0.011303	0.395933
1.580270	0.382718	-0.003824	1.535424	-0.002744	0.287746
2.498548	0.553474	0.002709	2.665166	0.011520	0.536520
1.098898	0.329669	-0.000000	1.098898	-0.000000	0.219780
1.250182	0.358116	-0.002385	1.365205	-0.004347	0.255767
1.600995	0.427645	0.012795	1.748816	0.003208	0.347624
1.260341	0.349361	-0.000844	1.224959	-0.000738	0.243371
2.880066	0.567231	0.001764	2.728869	0.005160	0.595312
1.380184	0.355404	0.004372	1.362473	0.007014	0.262453
1.515909	0.393453	-0.004560	1.514776	0.012509	0.308044
2.169578	0.481348	-0.011063	2.064418	-0.036593	0.451362
1.650396	0.419562	-0.014306	1.663690	-0.011075	0.331892
1.512574	0.381033	0.012822	1.370655	0.007011	0.302649
2.874881	0.594309	0.023403	3.022690	0.006855	0.629949
2.043031	0.495641	0.028329	2.216053	0.033630	0.451143
1.437544	0.374234	0.009338	1.272954	0.005820	0.277771
1.196438	0.342677	0.002736	1.154032	0.002832	0.238860
1.554508	0.385267	0.003599	1.488348	0.000270	0.295952
1.854626	0.421851	0.010824	1.837174	0.005351	0.364453
1.601296	0.402829	0.001928	1.671714	0.007733	0.327582
1.386922	0.376946	-0.003593	1.512230	0.000586	0.284391
2.174727	0.495665	-0.020301	2.246854	-0.018360	0.459509
2.889731	0.595705	0.015886	2.840128	0.012625	0.639120
3.614651	0.680026	0.011167	3.358768	0.024823	0.865513
2.010754	0.514130	0.004904	2.088998	0.000849	0.465183
2.498643	0.547262	0.003115	2.654534	0.022282	0.547800
1.259469	0.341115	0.000607	1.144560	0.000016	0.234479
2.271272	0.494318	-0.038647	2.317787	-0.028894	0.489940
2.297090	0.524721	0.017796	2.395081	-0.004020	0.495200
2.367701	0.555081	0.021496	2.549282	0.029281	0.524678
2.637920	0.571366	0.019514	2.554404	0.015495	0.618447
1.364649	0.368967	-0.001854	1.557347	0.001709	0.274109
1.413745	0.363968	0.000864	1.501705	0.002589	0.268742
2.832199	0.612459	0.020796	3.004479	0.003717	0.637395
1.219164	0.340786	0.000004	1.138695	0.000227	0.231358
2.568411	0.533023	-0.022558	2.638806	-0.007330	0.532584
2.376797	0.539655	-0.002510	2.288583	0.010035	0.519860
2.698979	0.621556	0.022124	2.935153	0.006093	0.659632
1.501691	0.401618	0.028357	1.566686	-0.001227	0.347831
1.688455	0.407181	-0.002666	1.607537	-0.005169	0.315513
2.087528	0.453923	0.004457	2.025360	0.018586	0.402199
2.304239	0.508776	-0.005513	2.245361	-0.004314	0.477170
1.765803	0.409039	0.006844	1.631563	0.016205	0.374018
1.874664	0.438950	0.022121	1.636114	0.008707	0.367080
1.375985	0.375517	0.004476	1.460337	0.005147	0.282030
2.760979	0.584869	0.004654	2.866332	0.019739	0.613306
1.295652	0.350295	0.001001	1.181211	0.000972	0.246710
2.364279	0.525664	0.028962	2.714084	0.026897	0.501255
2.310951	0.514736	0.009550	2.292405	0.033592	0.500059
1.591803	0.417576	-0.009863	1.795219	0.004296	0.351242
1.442575	0.391037	0.006275	1.524069	0.003884	0.302739
2.861482	0.646932	0.027951	3.172844	0.019142	0.709828
1.997246	0.468719	-0.014814	2.028713	-0.023987	0.448118
2.121989	0.493426	0.009305	2.337692	-0.011878	0.448600
2.368369	0.521873	-0.021521	2.340875	-0.025189	0.508049
3.339432	0.622474	-0.032330	2.994776	-0.015068	0.698236
1.522320	0.399211	-0.036633	1.374858	-0.018713	0.319799
2.508420	0.538054	-0.015131	2.389344	-0.011675	0.536126
1.970742	0.479479	0.015648	2.192340	0.013183	0.467712
2.063878	0.466325	0.034955	2.110491	0.032982	0.422042
3.091613	0.627736	0.027561	2.872929	-0.020005	0.683530
2.975648	0.672557	0.009368	3.133648	-0.007958	0.722437
2.708652	0.587737	-0.028571	2.585960	-0.024609	0.587134
2.371626	0.509724	-0.020926	2.170594	-0.028640	0.484846
2.871373	0.597739	-0.027384	2.691125	-0.008095	0.632929
1.681341	0.397564	0.009893	1.486997	0.003170	0.312508
1.302809	0.366435	-0.001038	1.239255	-0.003179	0.262518
1.291500	0.374263	0.006673	1.267813	0.004601	0.271760
2.665092	0.572562	-0.004574	2.658385	-0.005912	0.590369
2.259232	0.466772	-0.014128	1.905942	0.002007	0.408067
1.722618	0.435017	0.015264	1.805292	0.015333	0.368801
1.724253	0.379803	-0.000004	1.460687	0.000702	0.290561
1.655692	0.438964	0.018740	1.981900	0.013794	0.386947
3.024308	0.594694	-0.005578	2.917692	0.026886	0.634410
2.356717	0.525599	0.023749	2.566734	0.019295	0.507452
2.170842	0.479305	0.034618	2.126676	-0.003095	0.458156
3.383966	0.688802	0.005347	3.492975	-0.020259	0.820521
2.039871	0.479799	0.010717	2.143376	-0.000148	0.451524
3.155552	0.667833	0.020689	3.270965	0.012750	0.809545
2.406131	0.508139	0.026059	2.217076	0.018915	0.505636
2.058793	0.469600	-0.019325	2.341970	-0.025396	0.416982
1.994470	0.461372	0.003675	1.946236	-0.000979	0.400062
3.286952	0.625399	-0.002362	3.110217	-0.007914	0.722006
1.965093	0.450648	-0.008400	1.866811	-0.014850	0.370719
3.075992	0.671108	-0.005946	3.042841	-0.009979	0.748896
1.098898	0.329669	-0.000000	1.098898	-0.000000	0.219780
2.233824	0.479500	0.014856	2.064909	0.014604	0.443369
2.362835	0.535808	0.027629	2.345741	-0.012853	0.502290
1.111593	0.332846	-0.000056	1.112603	0.000044	0.223858
3.422202	0.690135	-0.002875	3.508587	-0.007741	0.818850
2.758165	0.534356	-0.003767	2.726102	0.005675	0.544451
1.398667	0.365261	0.006295	1.509422	0.001329	0.273807
1.469357	0.378781	0.007191	1.408795	0.002437	0.281855
1.217518	0.336509	-0.000582	1.198011	-0.003224	0.236769
2.654644	0.528523	0.000117	2.298021	-0.002010	0.509151
1.564470	0.385515	0.002134	1.572361	0.007029	0.311388
1.878722	0.442047	0.005348	2.018996	0.006323	0.406747
2.691462	0.554894	-0.039043	2.307610	-0.012505	0.564570
2.764704	0.623627	0.032797	3.112340	-0.012405	0.673345
1.488806	0.372507	-0.007729	1.409093	-0.000950	0.291302
1.757643	0.411842	-0.005427	1.854993	-0.017570	0.373488
3.253113	0.704564	-0.001153	3.637932	-0.034190	0.867204
1.967619	0.435568	0.001149	1.719247	0.006129	0.357050
1.399010	0.358976	0.001043	1.218334	0.001059	0.257607
2.654598	0.552683	-0.005265	2.680178	0.037116	0.586630
3.184117	0.636059	-0.011478	3.244205	-0.018111	0.724473
1.414890	0.384380	0.006506	1.315636	0.001015	0.284570
2.955046	0.630737	0.026005	3.069763	0.015263	0.677085
1.633809	0.398769	-0.035568	1.392569	-0.036802	0.332445
2.490859	0.553147	0.009792	2.705378	-0.011381	0.544008
1.140867	0.342330	-0.005432	1.147990	-0.009010	0.236109
1.615116	0.408439	0.035894	1.560090	0.007148	0.350643
1.750781	0.392056	-0.004045	1.735216	-0.005187	0.325427
1.685164	0.436039	-0.001957	2.020702	0.009046	0.369544
2.065754	0.471296	0.021531	2.192789	-0.007605	0.438203
1.681850	0.440975	-0.005123	1.777633	-0.024256	0.391560
1.849414	0.413736	0.005894	1.709304	0.027249	0.339628
2.999989	0.617897	-0.007830	2.887105	0.002648	0.651484
2.949196	0.641410	0.031898	2.902079	-0.021953	0.713192
1.850186	0.432533	-0.011045	1.571978	-0.001910	0.345219
1.154593	0.342859	-0.000236	1.149500	0.000087	0.234905
1.816447	0.447734	0.003448	1.960726	0.006485	0.399568
3.138598	0.631493	-0.015913	3.036816	-0.001223	0.689022
2.450620	0.545875	0.020812	3.003080	-0.008931	0.536665
1.190603	0.333893	0.000028	1.113552	0.000053	0.224349
3.354063	0.711582	-0.014467	3.530124	-0.004902	0.858531
3.300070	0.688486	-0.027402	3.311025	-0.014103	0.777984
1.468802	0.377239	-0.036692	1.396910	-0.019058	0.310330
3.398802	0.732440	-0.040252	3.412619	0.006176	0.872146
1.416314	0.389588	0.014847	1.455689	0.031409	0.308614
1.341487	0.370161	0.008483	1.428007	0.020105	0.286216
2.476674	0.551217	0.029162	2.571188	0.021545	0.568285
1.160726	0.346235	-0.001517	1.231327	-0.001281	0.240664
1.647073	0.397442	0.006071	1.771326	0.011771	0.314565
1.908671	0.421819	0.011962	1.717104	0.008902	0.361555
2.216884	0.515027	-0.010430	2.100887	0.001691	0.467362
2.311879	0.553744	0.031547	2.336260	-0.018901	0.530504
1.214944	0.340326	-0.000273	1.230946	-0.000667	0.239671
1.780148	0.443073	-0.034065	1.913180	-0.011811	0.395048
2.669318	0.552706	-0.023682	2.576237	-0.022955	0.549407
1.205284	0.357217	0.002206	1.350946	-0.001680	0.253960
1.241364	0.341827	-0.003919	1.307029	-0.003165	0.244862
3.496571	0.655199	0.026015	3.724804	0.000878	0.783841
1.138303	0.339736	0.000308	1.136641	-0.000115	0.230791
2.377590	0.474953	-0.015801	2.009428	-0.006010	0.451270
1.149257	0.340736	0.000546	1.240217	0.000732	0.233850
1.531804	0.414009	-0.035304	1.549545	-0.022055	0.343688
1.909344	0.440417	0.002717	1.876584	0.013111	0.377394
2.002782	0.466271	0.005883	2.072965	-0.000192	0.399892
2.592789	0.539555	0.032791	2.474385	0.009642	0.539637
2.722955	0.568136	0.019503	2.851857	-0.005345	0.618637
1.906535	0.433090	-0.002087	2.033093	-0.020332	0.373905
2.131524	0.489567	-0.018079	2.029492	-0.010105	0.472686
2.519046	0.526400	-0.020227	2.401600	-0.022408	0.519430
1.832024	0.448855	-0.007346	2.157209	-0.017111	0.408159
2.289288	0.536332	0.012108	2.279445	-0.007272	0.518494
1.783290	0.407040	0.000440	1.574153	-0.001975	0.321202
1.958074	0.512531	-0.008880	2.573092	-0.002005	0.512189
2.088497	0.458498	0.003433	1.942234	-0.014718	0.412385
1.639656	0.401860	0.000726	1.633065	0.003031	0.322432
1.862820	0.463019	0.006541	1.839710	0.022129	0.412889
2.656616	0.534794	0.019986	2.401847	-0.020465	0.552234
2.263775	0.478087	0.029697	1.999141	0.017149	0.417893
2.871174	0.568668	0.004877	2.736675	-0.021627	0.593282
1.270182	0.360723	-0.002041	1.340043	-0.001479	0.265989
2.830320	0.606188	-0.012220	3.110996	0.032604	0.645920
1.335058	0.348117	0.000495	1.212613	0.000040	0.249110
2.996034	0.574289	0.031479	2.614505	0.000854	0.592166
1.218454	0.356357	-0.005630	1.270771	0.000783	0.255205
1.155269	0.343235	0.001082	1.148470	0.001735	0.234742
1.136218	0.339930	0.000198	1.136777	0.000214	0.230286
1.761093	0.434395	0.017455	1.880077	0.008625	0.361134
1.366881	0.355968	0.000505	1.328749	-0.001689	0.257645
1.674553	0.447385	0.007794	1.912027	-0.026407	0.386098
2.357301	0.490958	0.015084	2.140717	0.007884	0.450461
2.409662	0.560245	-0.000780	2.729902	0.035491	0.547562
2.153399	0.459428	0.002776	1.948605	-0.001614	0.403354
3.056558	0.656929	-0.002899	3.154169	0.020483	0.738128
1.800221	0.462544	-0.008573	1.901675	0.014272	0.411546
2.403955	0.521589	0.004879	2.208563	-0.006433	0.497662
1.553215	0.408518	-0.007901	1.756562	-0.003008	0.316045
1.600807	0.408041	-0.007353	1.722416	-0.009213	0.319177
1.102233	0.330490	0.000008	1.184298	0.000110	0.221240
2.379943	0.535986	0.021429	2.798158	0.017506	0.525551
3.085047	0.667259	0.017168	3.547135	0.015294	0.772990
1.677434	0.440531	0.008245	1.796180	0.009448	0.402903
1.162509	0.340652	0.000451	1.166756	0.001156	0.233436
1.615611	0.420079	-0.004066	1.762432	-0.016419	0.364280
1.888835	0.458291	-0.025359	1.859494	-0.021233	0.388999
2.622684	0.589194	-0.012135	2.582146	-0.029585	0.598325
1.225814	0.358900	0.003306	1.204039	0.002206	0.249297
1.455730	0.394914	-0.004749	1.537487	0.004726	0.295655
2.626934	0.563356	0.015140	2.635790	0.002716	0.556297
1.275091	0.372657	0.002053	1.365264	0.001727	0.267437
1.225813	0.340530	-0.000082	1.140051	-0.000171	0.231853
3.216086	0.657880	-0.006152	3.122243	-0.010970	0.732411
1.647068	0.418542	0.000011	1.805300	-0.007403	0.351666
2.727366	0.574002	0.002782	2.940901	-0.004443	0.594541
2.944166	0.614362	0.026914	2.897273	0.019035	0.657943
1.488147	0.362614	0.007345	1.353074	0.003672	0.266217
1.777735	0.422567	-0.001466	1.754920	-0.004487	0.343000
1.511826	0.394593	0.038267	1.549932	0.040159	0.338559
1.668061	0.391279	-0.012997	1.568651	-0.016570	0.312737
2.035352	0.462405	-0.011855	1.871963	-0.023918	0.424094
1.630228	0.406890	-0.010712	1.627109	-0.004253	0.335131
2.515597	0.564131	-0.018603	2.643089	0.003379	0.605812
2.927860	0.605038	0.009981	2.877996	0.006503	0.610909
2.270003	0.526666	-0.013904	2.307331	0.005546	0.533485
3.151753	0.626863	-0.037790	3.131789	0.003439	0.685570
1.579148	0.414088	-0.020496	1.625276	0.001333	0.363134
1.421708	0.379483	-0.001292	1.379490	0.000375	0.276268
1.966065	0.456605	0.001049	2.043331	0.011527	0.380401
2.346590	0.471215	0.007088	2.382523	-0.000631	0.436991
2.660083	0.554244	-0.039294	2.828606	-0.024596	0.596977
3.031420	0.630745	-0.019217	3.130408	0.017775	0.659331
2.915329	0.604149	0.000859	2.778759	0.033498	0.650471
1.452633	0.399901	-0.021307	1.831583	0.027493	0.348344
2.791868	0.629200	0.016347	3.204872	0.014283	0.700261
1.971933	0.473881	0.018537	2.035447	0.001074	0.418146
1.771594	0.409451	-0.004431	1.528190	-0.004931	0.323922
2.226822	0.525518	0.014120	2.343251	0.003987	0.502379
1.875140	0.438870	0.021498	1.646903	0.013390	0.366027
1.488313	0.384161	0.018463	1.535430	-0.008383	0.307432
2.176023	0.496536	0.012923	2.147076	0.011211	0.492466
3.426038	0.717386	0.003048	3.108376	0.030805	0.809958
2.140267	0.475089	-0.024286	2.182704	-0.006494	0.435152
2.414443	0.534234	-0.017978	2.399814	-0.008228	0.509754
3.245260	0.672789	-0.030366	2.937710	-0.014880	0.784943
2.492507	0.521963	-0.001202	2.368577	-0.020264	0.503198
2.655135	0.584685	0.018716	2.808616	0.018511	0.626754
1.406176	0.384385	-0.001532	1.428600	-0.002654	0.288541
1.927155	0.449049	-0.009375	1.990689	-0.008178	0.383493
1.098898	0.329669	-0.000000	1.098898	-0.000000	0.219780
1.126432	0.336677	0.002155	1.122243	0.000528	0.226827
1.474053	0.383219	-0.016500	1.406556	-0.002002	0.292386
1.420630	0.356237	-0.001324	1.246308	-0.001246	0.258432
2.937366	0.637732	0.004745	2.703192	0.026924	0.689384
1.381329	0.373184	0.010670	1.625934	0.003596	0.279815
2.615744	0.556492	0.001552	2.430112	-0.021625	0.526195
2.876721	0.602089	-0.021035	2.614174	0.029135	0.633863
1.269553	0.369968	-0.000348	1.381782	-0.000379	0.273855
1.995464	0.497567	0.005286	2.382687	0.014648	0.445858
3.013955	0.642730	0.002953	3.371834	0.009053	0.697656
1.517730	0.394670	-0.001936	1.423586	0.001842	0.295420
2.692954	0.560998	-0.011974	2.666617	-0.000474	0.606929
2.795263	0.551869	-0.019456	2.579544	0.018801	0.561473
1.203959	0.358090	-0.001249	1.202460	-0.000031	0.249138
2.031753	0.465890	-0.001608	1.873593	0.006369	0.406452
1.389882	0.361743	0.000198	1.602121	0.003972	0.265849
1.111052	0.333056	-0.000007	1.111206	-0.000001	0.223208
2.981300	0.618773	-0.003309	3.159623	0.001264	0.668739
1.412366	0.395392	0.004640	1.583051	0.002529	0.305778
2.696840	0.573153	-0.015122	2.702678	-0.030703	0.603718
1.338544	0.376636	-0.000801	1.284658	-0.002394	0.271973
1.523077	0.380053	0.004097	1.556190	0.008669	0.290823
3.500794	0.661191	0.009072	3.264736	-0.013323	0.727628
2.619533	0.587165	0.011855	2.866497	-0.035315	0.614890
2.526604	0.600074	0.001160	2.730358	0.008118	0.609759
2.669864	0.580789	-0.012492	2.630578	-0.020290	0.587895
1.550274	0.412912	-0.003028	1.831001	0.000991	0.326209
1.790258	0.423036	0.008602	1.595537	-0.032511	0.378170
1.326699	0.362495	0.015540	1.436607	-0.024496	0.286743
2.943808	0.605978	0.014477	2.896025	-0.008070	0.685694
1.479331	0.398868	0.018188	1.571564	0.016010	0.311072
1.606526	0.416845	-0.018751	1.712103	-0.001664	0.342447
1.123831	0.336491	0.000449	1.123123	-0.000094	0.226473
2.102133	0.479052	-0.000267	2.261964	-0.005521	0.423645
1.722564	0.446608	-0.001833	2.146647	0.007046	0.382763
1.426558	0.405268	0.005920	1.928595	0.017215	0.325280
2.299032	0.517362	0.025329	2.416234	0.009388	0.492519
2.435410	0.575806	-0.014539	2.626229	0.001561	0.595169
1.763883	0.400859	-0.004589	1.542444	0.004827	0.320438
1.964428	0.495534	-0.009769	2.160799	-0.001840	0.452557
1.897529	0.409108	0.001187	1.728325	0.000046	0.325261
1.989604	0.426215	-0.004648	1.796246	0.016289	0.364693
1.244519	0.365934	0.003233	1.325583	0.000828	0.264731
1.329504	0.363212	-0.000926	1.550057	0.002425	0.273210
1.426479	0.388692	0.005032	1.495230	0.002939	0.291391
1.423449	0.376929	0.004733	1.433187	0.004065	0.278596
1.180444	0.331970	-0.000177	1.129476	0.000092	0.224382
1.374959	0.399048	0.007518	1.499711	0.005396	0.303398
1.587532	0.427330	-0.037276	1.763573	0.005770	0.371596
1.590469	0.404715	0.005681	1.784156	0.006099	0.323258
2.973253	0.598668	-0.005586	2.997872	0.014679	0.635090
1.376573	0.376448	-0.016853	1.379860	0.029943	0.302454
2.541647	0.512986	0.013482	2.836919	0.038096	0.512435
1.203809	0.358184	0.000499	1.206409	-0.000207	0.248566
1.453774	0.391012	-0.007608	1.541961	0.006416	0.300484
1.974569	0.455065	0.009405	2.161400	0.013214	0.392797
2.070083	0.448080	-0.010005	1.678985	-0.012314	0.377392
2.032567	0.463384	0.008279	2.069997	-0.002731	0.440758
2.666772	0.591025	0.001842	2.706320	0.016734	0.602499
1.230005	0.342026	0.000449	1.140780	0.000709	0.232932
1.993948	0.447030	0.011046	2.069780	0.024664	0.404024
2.202718	0.508179	-0.016694	2.238123	-0.000134	0.477608
2.194645	0.489312	-0.005368	2.317775	-0.030798	0.444291
2.846342	0.584751	-0.032707	2.921346	-0.034639	0.610755
1.954316	0.430732	-0.001095	1.753026	0.000270	0.357672
2.869518	0.602592	-0.015117	2.679513	-0.009403	0.635348
2.041440	0.452983	-0.001351	2.151311	-0.008949	0.391419
1.125453	0.336244	-0.001111	1.122606	0.000046	0.226089
1.182364	0.348776	0.000339	1.198347	-0.001536	0.243924
2.287512	0.541837	-0.024705	2.359549	-0.002831	0.518792
2.875344	0.603648	0.026857	2.570059	-0.002684	0.655186
3.069504	0.638068	-0.002628	3.171015	0.007691	0.716691
2.518189	0.518964	-0.005842	2.476761	-0.029685	0.510437
1.647021	0.397085	0.008297	1.513246	0.003699	0.306279
2.973683	0.632105	-0.006504	2.937629	0.007334	0.718839
2.268509	0.497837	-0.021305	2.444598	-0.005096	0.487318
2.753037	0.633273	-0.009347	3.461209	0.019428	0.686155
3.220376	0.694164	-0.032810	3.661019	0.034777	0.786312
2.115005	0.457252	0.018142	2.097572	-0.003624	0.401154
2.819430	0.574750	0.009339	2.534666	0.009912	0.606344
2.504773	0.545166	0.027902	2.523651	0.008389	0.564076
1.733886	0.432167	-0.010400	1.862902	-0.021033	0.348586
3.065084	0.624582	-0.006490	3.421984	0.021048	0.702348
1.201978	0.351652	-0.001560	1.175182	-0.000499	0.241931
2.454410	0.507829	0.000327	2.316670	-0.010306	0.493855
3.411193	0.649751	0.001697	2.748091	0.027465	0.716371
1.524776	0.369930	0.002225	1.397399	0.004543	0.276214
2.637341	0.546824	-0.001859	2.629277	0.038460	0.545312
2.720534	0.591859	-0.012550	2.642604	0.015047	0.660586
2.708944	0.612438	-0.020519	2.925780	-0.008366	0.679366
3.660678	0.707237	0.020614	3.758983	0.021849	0.870158
1.855308	0.448742	0.031345	1.856476	0.021605	0.390435
2.057270	0.478757	-0.023181	2.076580	-0.004941	0.423377
1.283906	0.367511	0.003962	1.355377	0.007304	0.274063
1.098898	0.329669	-0.000000	1.098898	-0.000000	0.219780
1.116800	0.334165	-0.000319	1.206641	-0.000005	0.225217
3.334077	0.648134	-0.027810	3.118657	-0.040245	0.741127
2.173176	0.460313	0.004688	2.190997	0.022906	0.424245
3.436102	0.650163	-0.001649	3.301757	0.009841	0.746318
1.759935	0.440888	-0.024758	1.909448	-0.037041	0.385028
1.355381	0.373730	0.001651	1.417125	0.002402	0.268672
1.740842	0.393114	0.002716	1.522922	0.002202	0.308182
2.524560	0.565510	0.021818	2.685262	0.021226	0.566545
2.821759	0.609377	0.006254	2.670072	0.020948	0.643754
2.002421	0.477251	-0.022649	2.132652	0.019979	0.458212
3.124806	0.632085	-0.038213	2.999016	-0.036075	0.692239
1.707658	0.425871	0.006080	1.749902	-0.003237	0.344285
2.573713	0.560670	0.020608	2.861260	-0.025128	0.573877
2.882004	0.625201	0.019935	2.969439	0.036318	0.663152
2.895732	0.612835	-0.005810	2.892508	-0.025657	0.684316
1.716914	0.436985	0.012769	2.008249	0.014807	0.361592
1.331073	0.362672	0.000200	1.433845	-0.007114	0.267829
1.816574	0.429717	-0.009442	1.985594	-0.009753	0.353077
1.441817	0.364199	0.000364	1.315230	-0.001250	0.260810
1.382690	0.371668	0.002394	1.469859	0.022832	0.283407
1.476119	0.397257	0.001340	1.546265	-0.007828	0.299270
3.015123	0.651672	-0.001972	3.330773	-0.004925	0.732188
1.450223	0.379856	-0.006530	1.522309	0.003184	0.297698
2.333657	0.531014	-0.011710	2.107475	0.039483	0.537206
3.058338	0.560323	-0.014897	2.901900	-0.039483	0.590778
1.641256	0.438336	-0.014936	1.754171	-0.013355	0.394666
3.483372	0.704366	0.011856	3.413154	-0.006878	0.773929
1.320303	0.369383	-0.002299	1.278431	-0.000486	0.266531
2.014456	0.462177	0.014948	1.966957	0.024026	0.427468
3.546321	0.638146	0.035415	3.350218	0.021071	0.701111
1.517024	0.388407	0.039632	1.639787	0.014439	0.323333
3.053973	0.681387	0.002701	3.406355	0.001599	0.764478
2.587599	0.539068	-0.005026	2.653242	0.000434	0.562232
3.007242	0.637228	0.009109	3.019588	0.000528	0.698012
1.470088	0.361268	-0.003249	1.310601	0.000623	0.259805
3.051907	0.615936	0.000803	3.066545	-0.007981	0.657414
1.575456	0.395353	0.000338	1.554729	0.000882	0.304162
1.921665	0.457613	-0.011399	2.153420	-0.018013	0.405025
2.699937	0.627321	0.026944	3.026961	-0.019727	0.655641
1.266773	0.333888	0.000191	1.215683	-0.000336	0.230032
1.137016	0.340181	-0.001767	1.135717	-0.000423	0.230361
1.421943	0.388716	0.004041	1.513927	-0.006867	0.303168
1.218107	0.343839	0.002819	1.261402	0.004900	0.244962
1.672954	0.438173	0.003113	1.712288	0.013724	0.375847
1.369753	0.347412	0.000771	1.211455	0.001726	0.244061
1.725680	0.427143	-0.005145	1.811583	-0.013886	0.352092
1.687811	0.416135	-0.000717	1.722110	0.004141	0.334869
2.548806	0.569630	0.002012	2.581306	-0.004609	0.587007
2.726785	0.594707	0.003299	2.612537	-0.013360	0.600188
3.339145	0.700132	-0.036357	3.371991	-0.006380	0.820054
2.863488	0.647406	0.001782	3.008996	-0.010858	0.740124
1.765459	0.451593	-0.013324	2.060989	-0.019909	0.385944
3.248431	0.646711	0.008604	3.051652	-0.032645	0.729896
2.770086	0.580813	-0.030017	2.742147	-0.024238	0.607245
3.058124	0.648212	-0.020115	2.877085	0.023405	0.711536
1.420168	0.370397	0.000878	1.240636	-0.000082	0.262748
2.194497	0.493930	0.034939	2.033811	0.012561	0.487366
3.008408	0.628753	0.034676	2.845525	0.027642	0.656937
1.168165	0.356056	0.033776	1.177921	0.036550	0.267156
2.898336	0.571607	0.007986	2.584837	0.022911	0.593908
1.969607	0.442101	0.010000	1.989435	0.011000	0.387087
2.397855	0.556155	-0.025435	2.338606	-0.022055	0.571421
3.068579	0.666458	-0.016794	3.219325	0.008273	0.756771
3.184441	0.630611	-0.005043	2.945866	0.015911	0.698177
1.129756	0.337598	-0.000303	1.214832	-0.002262	0.230558
2.056957	0.488595	-0.021777	2.288070	-0.037099	0.450720
1.829990	0.444466	0.024188	1.821109	0.005604	0.377517
1.668674	0.444187	-0.031022	1.978425	-0.021675	0.385621
1.636886	0.399058	0.009930	1.612472	0.000247	0.318099
2.244586	0.578134	0.012454	2.639446	0.007684	0.608092
1.734696	0.431079	-0.001202	1.613338	-0.002711	0.345479
1.668817	0.381593	0.001370	1.507508	0.004594	0.292265
2.863848	0.617898	-0.026433	3.359474	-0.026538	0.682122
2.472564	0.535414	0.032832	2.492539	-0.006628	0.538531
2.312609	0.521061	0.018825	2.765049	-0.002093	0.507465
2.841756	0.579806	-0.013591	2.731165	-0.012640	0.603392
1.421507	0.380078	-0.001943	1.480476	-0.001350	0.283236
3.068658	0.642594	0.026002	3.492556	0.005955	0.714677
1.639720	0.375384	-0.013496	1.514185	-0.007085	0.298644
2.524722	0.540888	-0.009383	2.707397	0.008609	0.533505
2.361537	0.492182	0.013851	2.184683	0.001592	0.482139
2.213819	0.509555	0.008681	2.320882	0.018420	0.482359
1.210448	0.337424	0.000185	1.128029	-0.000380	0.228523
1.475380	0.391880	-0.002809	1.493570	-0.000828	0.307579
1.707085	0.437971	-0.002136	1.861790	-0.035093	0.396982
1.601948	0.398216	-0.000517	1.615236	-0.003600	0.306507
1.435935	0.355603	0.003432	1.379574	0.002078	0.262159
2.209428	0.433567	-0.002955	1.884463	-0.004746	0.387894
2.098617	0.442860	-0.009342	1.947760	-0.011570	0.383295
1.346974	0.357948	-0.003545	1.215227	-0.006458	0.257670
1.406467	0.387328	0.001456	1.425288	0.001787	0.294496
1.676529	0.391670	0.014406	1.385569	0.002632	0.312942
1.791791	0.406375	0.026517	1.607471	0.005734	0.343893
1.308681	0.372036	-0.001817	1.337603	-0.003129	0.277102
2.423069	0.541418	-0.031387	2.640576	0.022182	0.555229
2.058718	0.442265	0.014339	1.948242	0.003140	0.372453
1.964094	0.436739	0.002987	1.985771	0.004854	0.363213
1.688789	0.419204	-0.003302	1.809815	-0.007439	0.330231
1.243311	0.340033	0.000521	1.210066	0.000863	0.239227
1.789139	0.443869	-0.029621	1.727804	-0.024288	0.390692
1.803108	0.447628	0.010205	1.902624	0.009786	0.381763
1.123155	0.334894	0.000137	1.190961	0.000262	0.228751
3.018758	0.641226	-0.028644	3.011186	0.016697	0.711783
3.012459	0.605747	-0.020212	2.879379	0.033133	0.664220
3.421584	0.667476	-0.008618	3.826827	-0.023807	0.803582
2.852389	0.571730	-0.003734	2.795386	0.019452	0.577243
1.422404	0.366309	-0.007337	1.584773	0.000580	0.283958
1.574854	0.420382	0.007782	1.628641	0.006546	0.340274
2.653746	0.561398	0.003729	2.683566	-0.017558	0.569666
1.193772	0.340467	-0.000324	1.300035	-0.000041	0.232275
1.654386	0.394041	0.000684	1.657365	0.008135	0.306154
2.255229	0.517588	-0.027278	2.373209	-0.038238	0.519121
1.782710	0.429895	0.005365	1.807397	0.012898	0.352687
2.972942	0.615520	0.026905	2.872309	0.021448	0.643645
2.599999	0.626285	-0.037608	2.954977	0.017690	0.657808
2.644691	0.543369	0.027386	2.557015	0.013932	0.524364
2.632496	0.570168	-0.012235	2.564800	0.039932	0.565151
3.078504	0.577194	-0.038695	2.868417	-0.027214	0.622977
2.081813	0.478921	0.001535	2.066753	-0.009996	0.456641
1.397520	0.384570	0.001210	1.517051	0.005265	0.307177
2.137604	0.551111	-0.030712	2.231371	-0.022741	0.531996
1.630914	0.399587	0.006537	1.732998	0.007520	0.314942
2.474055	0.508671	-0.012667	2.152630	-0.013296	0.481117
2.829064	0.562049	-0.010543	2.637932	-0.018278	0.572429
2.312490	0.530634	-0.008419	2.579375	-0.030466	0.528274
2.190591	0.465871	-0.014015	2.044124	-0.010631	0.415701
1.669084	0.416312	0.012970	1.560623	0.009062	0.343874
2.981049	0.604456	0.033680	2.608699	0.032422	0.640641
1.326927	0.371196	-0.000320	1.572916	0.000649	0.277597
2.116250	0.486142	-0.024152	2.044250	-0.001439	0.447074
3.798025	0.653295	-0.029055	3.207182	-0.004430	0.781862
1.321936	0.336520	-0.000371	1.128591	-0.000355	0.230559
2.499465	0.538884	0.022460	2.633584	0.020564	0.536907
1.730523	0.422285	-0.005097	1.828213	-0.002422	0.346753
2.120753	0.472081	-0.011266	1.974228	0.009486	0.436427
1.898453	0.434700	-0.016027	1.756598	0.025337	0.380777
2.350435	0.491497	-0.025166	2.212424	-0.017746	0.455193
2.009811	0.453534	0.025197	1.929755	0.013766	0.393679
4.058523	0.788552	0.024484	3.654368	0.027414	0.366619
1.722514	0.420592	0.022566	1.746070	0.033848	0.355138
1.644568	0.431568	0.015378	1.497699	0.034889	0.373348
1.929668	0.441301	0.001950	1.698052	0.012108	0.373339
1.559025	0.413581	-0.035486	1.717045	0.005861	0.371858
1.705351	0.412540	0.014489	1.658921	0.000630	0.342389
3.104380	0.586265	0.007276	2.451261	-0.010275	0.597969
1.135247	0.340115	0.000063	1.137006	0.001062	0.230422
1.612710	0.384637	0.040211	1.510642	0.010923	0.307294
2.469199	0.557877	-0.009599	2.639632	0.012582	0.542709
2.072119	0.462807	0.004874	2.084326	0.006264	0.415889
2.336428	0.523285	-0.000888	2.219305	0.028568	0.525760
2.035001	0.456132	-0.013565	1.868422	0.030246	0.423512
1.767184	0.406257	-0.026242	1.660919	0.030762	0.351557
2.714099	0.555528	-0.032004	2.482199	-0.009830	0.548899
3.173661	0.583467	0.033927	2.604204	0.024131	0.593265
1.192565	0.354819	-0.000213	1.474311	0.001625	0.247977
1.426385	0.375328	-0.001488	1.506891	0.001419	0.284073
3.096517	0.623143	-0.032339	3.054927	-0.019514	0.652602
1.098898	0.329669	-0.000000	1.098898	-0.000000	0.219780
2.907136	0.565611	0.040209	2.547402	0.013429	0.593711
2.854868	0.623173	-0.024558	2.864641	0.020001	0.654314
1.864961	0.429789	-0.009324	1.966189	-0.028017	0.356011
3.656895	0.742637	-0.013402	3.744970	-0.012414	0.906926
2.439247	0.548304	-0.017479	2.494069	0.003188	0.530750
3.060454	0.587537	-0.012071	2.889264	-0.021528	0.614628
1.160794	0.330632	-0.000305	1.100878	-0.000003	0.220572
1.260029	0.341406	-0.000968	1.185792	0.001559	0.242243
1.716108	0.395534	-0.006139	1.602281	-0.000096	0.316305
1.579751	0.408488	-0.033611	1.700062	-0.026129	0.364908
2.631512	0.584567	-0.016269	2.760303	-0.035665	0.626570
1.136142	0.340370	0.001072	1.135827	0.000572	0.230876
1.136227	0.340094	0.000111	1.136112	0.000382	0.230595
2.671516	0.607238	0.000938	3.183839	0.023500	0.619398
1.845883	0.411423	0.003460	1.819210	-0.004624	0.326164
3.156660	0.699102	0.022361	3.498208	-0.012482	0.830296
2.784018	0.600224	0.030595	2.951679	0.005514	0.640976
2.123977	0.459461	0.032561	1.933584	-0.001489	0.400129
3.063575	0.642739	-0.014986	3.232930	0.039911	0.702956
1.852307	0.452116	0.003179	1.917259	0.008527	0.432100
1.123047	0.336789	0.000629	1.122842	0.000382	0.226834
2.373268	0.548982	0.032755	2.582186	0.027738	0.543025
2.851298	0.611480	-0.032120	2.739135	-0.018529	0.680911
2.926691	0.657253	-0.017031	2.841576	-0.038581	0.712319
1.235911	0.365435	-0.001941	1.229451	-0.000896	0.257427
1.985980	0.416840	-0.033416	1.800744	-0.021549	0.352366
1.605999	0.395786	0.017781	1.601305	-0.002056	0.313978
1.621511	0.408821	0.015191	1.788214	0.013803	0.346748
1.123385	0.336575	-0.000181	1.123248	-0.000014	0.226505
1.789474	0.416087	-0.007785	1.751123	-0.017505	0.336182
2.746564	0.600470	-0.019076	2.547458	-0.011661	0.599523
1.499562	0.387351	-0.008649	1.379606	-0.001972	0.293333
1.312525	0.362398	-0.003601	1.435327	-0.002862	0.273263
2.130630	0.442842	0.007241	2.085156	0.014013	0.393073
1.660005	0.397958	-0.004333	1.777491	-0.010536	0.316892
1.218086	0.352142	0.000377	1.271316	-0.000708	0.254191
2.777019	0.628513	0.012800	2.800570	-0.001112	0.633774
2.989071	0.592289	0.000008	2.550863	-0.024953	0.598318
2.516981	0.531122	-0.002127	2.278488	-0.011306	0.525556
1.203899	0.338698	-0.001998	1.136518	-0.000070	0.233914
1.815619	0.442107	0.002953	1.926779	0.010168	0.403554
1.595659	0.394494	0.007790	1.536879	0.015684	0.318576
2.306264	0.508200	0.005964	2.407011	0.009762	0.472383
1.098898	0.329669	-0.000000	1.098898	-0.000000	0.219780
1.522211	0.401385	-0.008612	1.712890	-0.007554	0.306114
1.125472	0.336108	0.000151	1.125352	0.000007	0.227711
3.158485	0.695339	-0.010464	3.490341	0.029633	0.805793
2.194376	0.506497	-0.034679	2.081006	-0.028894	0.484138
1.123597	0.336413	-0.000110	1.124288	-0.000039	0.226987
3.010293	0.631223	0.007162	3.066863	0.014285	0.693437
3.886770	0.732450	0.011434	3.473424	-0.037038	0.864179
1.760375	0.450964	0.012830	1.952778	0.034826	0.408863
1.098898	0.329669	-0.000000	1.098898	-0.000000	0.219780
1.562046	0.368200	0.000566	1.356162	0.002587	0.273244
2.887140	0.641818	0.012532	2.911027	0.023592	0.700183
1.227013	0.338526	-0.000027	1.308438	0.000028	0.236896
2.471926	0.549887	0.021857	2.323341	-0.002391	0.541085
1.925496	0.453030	0.009265	2.120147	0.005898	0.406774
1.520260	0.380124	0.002449	1.404700	0.000732	0.282630
2.014719	0.477449	-0.011877	1.860028	0.000342	0.405437
1.268342	0.364128	0.000262	1.419887	0.001839	0.266655
2.058659	0.469168	0.015292	2.273752	0.002928	0.436312
1.500554	0.389576	-0.001675	1.495929	0.000081	0.291091
3.198279	0.659545	-0.006359	3.019500	-0.018588	0.724615
2.362668	0.566261	-0.015529	2.613551	-0.013848	0.587569
3.245784	0.654160	0.022313	3.300673	0.018861	0.731237
1.742338	0.383949	-0.034942	1.386671	-0.020245	0.306675
2.076953	0.488263	-0.013408	2.126011	-0.029495	0.453215
2.125731	0.498257	0.008126	2.334816	-0.000517	0.453475
1.464946	0.388558	0.004310	1.600954	0.009595	0.296528
1.848527	0.459777	0.010616	1.945646	0.008834	0.404890
1.111097	0.333027	-0.000027	1.111248	0.000006	0.223051
2.046379	0.436260	-0.005343	1.826902	-0.001260	0.378982
1.778795	0.436191	0.018959	1.795740	0.008815	0.366591
1.853467	0.416698	-0.003230	2.028852	-0.006994	0.345545
2.371268	0.543004	-0.002960	2.551994	-0.005425	0.542958
2.984386	0.643834	-0.002064	3.040503	-0.032405	0.702714
1.544733	0.400867	0.013057	1.494411	0.031588	0.341316
1.098898	0.329669	-0.000000	1.098898	-0.000000	0.219780
1.098898	0.329669	-0.000000	1.098898	-0.000000	0.219780
2.608073	0.585231	-0.017472	3.165328	-0.011095	0.574545
1.794300	0.420911	0.001765	1.713285	-0.004469	0.344321
1.433449	0.363107	-0.007395	1.446991	-0.028433	0.276644
2.669338	0.608157	-0.011394	2.778372	-0.020001	0.638176
1.338851	0.365800	-0.013087	1.426748	-0.002500	0.293977
1.517721	0.404923	-0.009509	1.691705	0.012375	0.340794
2.798465	0.610269	-0.001972	2.914595	0.022501	0.649433
1.954237	0.463103	0.004733	2.206050	0.027795	0.407234
1.842929	0.420033	0.008811	1.734900	-0.001429	0.346386
1.403434	0.375635	-0.007148	1.519426	-0.004795	0.291651
1.958103	0.430800	-0.002202	1.770191	-0.001315	0.347923
2.305820	0.531951	0.014552	2.437600	-0.008100	0.521266
1.380342	0.362467	0.002336	1.338585	0.002638	0.266352
2.016503	0.524619	0.035187	2.093865	0.023979	0.506639
1.541873	0.370283	0.002785	1.430180	-0.004598	0.279866
2.074217	0.507440	0.023112	2.215610	0.014962	0.469158
2.185796	0.513288	0.009122	2.265152	-0.000088	0.463034
3.249830	0.668719	0.009727	3.136680	-0.015139	0.733130
2.380263	0.484758	-0.007676	2.255428	0.008970	0.469634
1.390686	0.377274	-0.020420	1.628944	-0.002566	0.289738
1.859228	0.416856	-0.008997	1.768468	-0.006552	0.348944
2.074755	0.493256	0.020389	2.214901	0.005959	0.437898
3.509204	0.720386	-0.000660	3.206471	0.004920	0.814581
2.074342	0.483764	-0.021708	2.253810	0.001979	0.431369
2.202332	0.509502	0.017466	2.219414	-0.012034	0.456136
2.316687	0.512804	-0.001258	2.342129	-0.018690	0.468505
2.663385	0.561207	0.014134	3.110427	0.001521	0.536698
2.585454	0.516472	0.022378	2.489067	0.011427	0.496743
2.870047	0.628625	0.016180	2.782179	0.006466	0.660292
2.687629	0.612856	0.006987	2.835553	-0.016646	0.628213
2.613971	0.558772	0.020880	2.607272	0.009740	0.564042
1.772821	0.455320	0.019674	1.799677	0.030833	0.393425
2.880920	0.572821	-0.030027	2.852574	-0.039691	0.587505
2.064508	0.456261	-0.022147	1.904293	-0.022875	0.392648
1.123850	0.336574	0.000607	1.125062	0.000340	0.228240
1.894493	0.449157	0.015227	1.837733	0.010272	0.377192
2.731586	0.566698	0.005717	2.619482	0.020139	0.579945
2.035247	0.440289	-0.003792	1.752831	-0.003401	0.370199
1.217334	0.341684	0.000023	1.150202	0.000004	0.236501
1.149596	0.342043	-0.000575	1.244733	0.002366	0.238993
2.832565	0.662649	-0.025195	3.256217	-0.031851	0.744775
2.153186	0.471779	0.028708	1.880122	0.016457	0.409307
2.157872	0.490014	-0.005920	2.062597	-0.014750	0.442336
3.075280	0.627830	0.022818	2.810850	0.005277	0.693421
1.589684	0.409381	0.009489	1.699575	0.012852	0.334859
1.350104	0.374304	0.031536	1.269201	0.017716	0.291565
1.351959	0.371450	0.002515	1.276511	-0.000719	0.267609
2.021577	0.480006	0.034636	2.207752	0.021572	0.456601
2.533105	0.520696	-0.006234	2.193473	0.003682	0.510204
2.773128	0.563552	-0.038310	2.616215	0.009767	0.582137
2.399828	0.498555	0.032625	2.207491	0.012655	0.479715
2.288118	0.536377	-0.002643	2.220758	-0.015510	0.533314
2.322590	0.491252	0.018140	2.406650	0.012320	0.460969
3.072315	0.612986	0.005113	3.006325	0.040150	0.675031
1.541302	0.385353	-0.008010	1.432709	-0.005980	0.298380
1.658100	0.438635	0.007307	1.566285	0.009295	0.356555
1.980441	0.502145	0.002300	2.100351	0.004065	0.435338
1.997282	0.452882	0.009617	2.039984	-0.005649	0.427542
2.504354	0.530968	0.016933	2.557201	-0.010879	0.523750
1.160870	0.343760	0.000306	1.232507	-0.000060	0.238704
2.563165	0.523505	-0.012223	2.460647	-0.014854	0.526726
2.244868	0.500783	0.004049	2.161903	-0.002778	0.463969
2.573877	0.564623	-0.034127	2.611062	-0.024572	0.587086
1.941506	0.448262	0.006654	1.899826	-0.031768	0.404926
2.438426	0.484688	0.002653	2.352101	-0.002458	0.444928
2.820723	0.616238	-0.012177	2.927404	-0.010321	0.662235
3.275423	0.633571	0.036262	3.002528	0.009131	0.728085
1.098898	0.329669	-0.000000	1.098898	-0.000000	0.219780
1.222435	0.340850	-0.000197	1.306302	0.000170	0.238157
1.630258	0.427571	0.000758	1.739898	-0.003475	0.355131
3.038323	0.635893	0.009945	3.081287	-0.019670	0.687497
3.247870	0.668925	-0.028794	3.116124	-0.009528	0.754787
2.967092	0.603878	-0.011904	2.762194	0.009308	0.641488
1.253609	0.349401	0.008356	1.236792	0.019450	0.254461
2.162107	0.463050	0.012819	1.972124	0.016465	0.427202
1.550569	0.388358	0.010471	1.356712	-0.002503	0.295994
2.247381	0.506258	-0.013466	2.540672	0.010046	0.497349
1.098898	0.329669	-0.000000	1.098898	-0.000000	0.219780
3.111633	0.655833	-0.027369	3.192677	-0.036360	0.716761
1.374706	0.374797	0.002382	1.578795	0.004075	0.279961
1.633229	0.382401	-0.015338	1.306042	0.019074	0.309000
2.094031	0.487548	-0.033058	2.010944	-0.028352	0.468581
2.221380	0.496087	-0.003768	1.990732	-0.013792	0.460269
1.878474	0.421807	-0.027419	1.821386	-0.009837	0.363373
2.950055	0.631258	0.014516	3.311611	0.032384	0.696677
1.262628	0.375970	0.002998	1.271842	0.004834	0.269291
1.888457	0.440602	0.012519	1.671738	-0.008383	0.367125
2.546369	0.566369	0.010500	2.599760	-0.026745	0.592147
3.431480	0.733257	0.006371	3.580970	-0.015492	0.847001
1.429001	0.386138	0.003026	1.546023	-0.004240	0.298799
2.959370	0.595585	0.001028	2.855734	-0.026645	0.647178
1.112110	0.332920	0.000025	1.111361	0.000071	0.223456
2.926393	0.583277	0.000753	2.842250	-0.009008	0.582075
3.566763	0.699084	0.001830	3.411006	0.000611	0.830613
2.524289	0.514733	0.002513	2.305466	0.010231	0.495128
2.633697	0.559088	-0.013558	2.451345	-0.011238	0.586066
1.615754	0.393598	-0.002127	1.649012	-0.004891	0.312098
1.145908	0.341725	-0.000894	1.242394	-0.000060	0.235735
3.476053	0.695533	0.000766	3.539330	0.009423	0.875191
1.346196	0.387658	0.001786	1.585999	0.006207	0.303233
1.386860	0.352071	-0.000449	1.286189	-0.001943	0.246215
2.653744	0.568985	0.012719	2.773611	-0.017434	0.545620
2.012417	0.454523	0.026429	1.728051	0.010453	0.403173
2.554704	0.533126	-0.034769	2.523624	-0.010131	0.519672
2.912977	0.590206	-0.011521	3.113182	0.007172	0.641931
1.324712	0.353284	0.001427	1.197277	0.001349	0.245003
2.709873	0.564296	0.010245	2.689379	0.019524	0.560435
2.013650	0.473314	0.013266	2.232015	0.013066	0.426766
1.627754	0.396857	0.011875	1.513471	0.003215	0.311961
1.724687	0.417063	0.008010	1.461040	-0.016515	0.355300
2.259622	0.484676	0.002797	2.066825	-0.038753	0.449958
1.271448	0.351738	0.000100	1.251746	0.000768	0.253204
1.123620	0.336261	0.000010	1.125470	-0.000086	0.227288
2.658526	0.580201	0.011235	2.487112	-0.016408	0.582635
2.135196	0.511398	-0.004165	2.093700	0.002678	0.469901
1.264051	0.360450	-0.000977	1.359081	0.003804	0.262277
1.631167	0.384236	-0.001928	1.696585	0.002224	0.326454
1.715202	0.388997	-0.002879	1.440985	0.000644	0.303059
1.777017	0.375410	0.004729	1.285632	0.000851	0.280727
2.413250	0.484709	-0.009527	2.267342	0.009492	0.436767
3.323214	0.631901	0.029610	3.253003	-0.008169	0.718722
1.696422	0.395713	0.012632	1.529120	0.002816	0.318438
1.946633	0.448371	-0.003767	1.797129	-0.011779	0.387953
1.256645	0.368451	-0.000666	1.491168	0.000375	0.269655
1.911051	0.452669	0.005498	2.154196	0.035573	0.405479
1.495412	0.400555	0.003747	1.652198	0.010617	0.309508
3.137400	0.612385	-0.009928	2.845760	0.022309	0.653265
2.279708	0.491258	0.012548	2.376088	0.002238	0.438971
2.312219	0.506919	0.006322	2.042579	0.017159	0.478354
3.011557	0.592894	0.017047	2.952904	0.007675	0.628363
2.450541	0.550473	-0.014161	2.637591	-0.010390	0.519770
1.380582	0.385791	-0.002276	1.486372	0.000118	0.289669
1.286343	0.351048	0.007748	1.279326	0.002238	0.252369
1.959957	0.450033	-0.005119	1.902937	0.001193	0.387502
1.308037	0.373700	-0.006586	1.522441	-0.020715	0.286161
1.151974	0.342944	0.000550	1.151244	-0.000221	0.232700
1.570463	0.433715	0.018447	1.783189	0.014260	0.362599
1.346607	0.393252	0.018831	1.583954	0.029483	0.316387
1.576585	0.393640	-0.023185	1.472599	-0.001274	0.313041
2.621776	0.544082	-0.009461	2.325322	-0.029604	0.538348
1.641395	0.401716	0.029285	1.681585	0.009188	0.356638
2.660305	0.602822	0.010565	2.786854	0.007933	0.630235
2.120862	0.471542	-0.003353	2.258596	-0.003461	0.408761
2.073668	0.496102	0.014607	2.246010	0.013769	0.449001
1.123558	0.336234	-0.000155	1.125129	-0.000022	0.227272
2.288290	0.491766	0.005392	2.443522	-0.039065	0.465795
1.405057	0.368783	0.020041	1.246896	0.002928	0.274753
1.786667	0.435322	0.017204	1.932058	0.011303	0.400750
1.502376	0.374963	0.003211	1.271277	0.001161	0.278311
1.384091	0.388265	0.007613	1.333070	0.002948	0.299204
2.694370	0.593154	0.008557	2.912693	-0.003534	0.638504
1.923211	0.472365	-0.006148	2.008778	-0.003273	0.408137
1.240413	0.353993	-0.000499	1.215656	-0.001330	0.250338
1.159861	0.333865	-0.000010	1.112743	0.000014	0.223759
2.886167	0.609329	-0.023977	3.140173	-0.017865	0.654282
1.601049	0.402945	-0.004785	1.812238	0.003003	0.308688
1.105932	0.331084	-0.000320	1.200312	-0.001688	0.224692
1.667484	0.401545	-0.011488	1.614045	0.003774	0.351797
1.735079	0.435823	-0.000041	1.717762	0.009237	0.358048
2.059372	0.499785	0.004050	2.436248	-0.024121	0.469026
1.534618	0.403145	0.008825	1.776952	-0.007497	0.327564
3.209967	0.671311	0.032625	3.070230	0.010279	0.738013
2.938223	0.626972	0.002774	3.256733	0.011641	0.685735
2.029254	0.519409	-0.021768	2.606424	0.015664	0.531500
1.570639	0.384854	0.016393	1.539268	0.018748	0.299180
3.011624	0.650037	-0.002964	3.123238	-0.031984	0.715282
1.349475	0.377657	-0.022322	1.297668	-0.005996	0.281041
1.624075	0.390946	-0.000732	1.659039	-0.004828	0.311518
1.770259	0.413191	0.000010	1.566029	0.000157	0.326939
2.162328	0.486412	0.002539	2.128881	0.017034	0.447014
1.404127	0.370675	-0.032364	1.345040	-0.016916	0.292723
3.064314	0.625738	-0.008804	3.071093	0.017085	0.658617
1.158298	0.345556	0.000194	1.235780	0.000248	0.238092
1.437968	0.401663	0.014765	1.835193	0.007414	0.334796
2.005559	0.458530	0.016100	1.826820	0.014580	0.411896
1.314237	0.382597	-0.003799	1.303934	-0.001853	0.278205
3.177412	0.663592	0.016078	3.203960	0.005353	0.760244
3.075508	0.654810	0.035955	2.808398	0.014016	0.693729
1.475855	0.411174	0.006121	1.916252	0.015951	0.328911
1.164990	0.338549	-0.000229	1.141198	-0.000188	0.233614
1.320988	0.342966	-0.001333	1.157927	0.000807	0.238389
1.196794	0.350333	-0.000051	1.331914	0.000646	0.243640
1.307111	0.359604	0.000965	1.328210	-0.001516	0.257684
1.683004	0.396303	0.000457	1.770534	-0.014480	0.340234
1.629610	0.369891	0.006113	1.635876	0.026474	0.285348
2.666052	0.544641	0.039127	2.336085	0.012473	0.540737
1.217622	0.342278	-0.000770	1.225839	0.000052	0.233684
2.419218	0.528085	0.004766	2.528853	0.009309	0.517276
1.392038	0.390469	-0.023250	1.505025	0.008166	0.324083
2.291778	0.499936	0.011876	2.195377	0.006094	0.463655
1.724281	0.414222	-0.006796	1.748825	0.003976	0.346038
1.382513	0.374306	0.002694	1.556545	0.001656	0.282627
1.139355	0.339345	0.000362	1.136325	-0.000729	0.229273
1.163147	0.347053	0.001127	1.162032	-0.000228	0.237247
2.750127	0.611775	0.033334	3.283928	-0.017961	0.673891
1.897055	0.455045	0.015717	1.961323	0.006832	0.426033
2.065586	0.476027	-0.005944	1.923302	-0.014604	0.422951
2.147788	0.476938	-0.004639	1.932201	-0.003687	0.416676
2.170634	0.476231	0.030199	2.135351	-0.000577	0.419696
1.269868	0.347338	-0.000308	1.238292	0.001087	0.248121
1.631617	0.414506	0.014179	1.817794	-0.000876	0.332438
2.033537	0.477312	0.000309	2.118019	0.001968	0.415697
2.361441	0.517554	-0.018061	2.138321	-0.005229	0.502148
2.976813	0.624807	-0.005022	3.109337	-0.010221	0.659171
1.550527	0.409726	-0.028981	1.770814	-0.012670	0.334730
2.387250	0.477000	-0.023837	2.126993	0.008974	0.456407
1.939590	0.435331	-0.018694	1.938692	-0.021436	0.380244
1.898828	0.415179	-0.020456	1.750962	-0.009869	0.337675
1.938511	0.425271	-0.000587	1.856413	0.001205	0.343726
1.111914	0.332962	0.000063	1.111339	0.000075	0.223294
3.131499	0.630156	-0.022380	2.937638	-0.006169	0.696451
1.285746	0.352145	0.000218	1.185055	0.000571	0.245279
1.462381	0.378692	0.003772	1.454663	-0.039552	0.318427
1.428801	0.407833	0.004966	1.524582	0.034746	0.337045
1.919171	0.474740	-0.006980	2.022296	0.000191	0.414789
1.123583	0.336315	0.000024	1.124504	0.000143	0.226665
1.420448	0.378746	-0.002508	1.448006	-0.003150	0.279887
2.208194	0.508253	-0.013447	2.676774	0.009952	0.501979
2.611757	0.624895	-0.001159	2.500855	0.000120	0.617404
2.278068	0.517214	0.008413	2.205612	0.005791	0.493991
1.510518	0.377203	0.005365	1.536436	0.011463	0.303121
1.457706	0.416833	-0.018698	1.639163	-0.030322	0.349202
1.154533	0.343902	-0.000941	1.232517	-0.001457	0.236584
1.217050	0.357767	0.002218	1.305904	0.000195	0.248381
1.213850	0.334478	-0.000587	1.119015	-0.000068	0.226657
1.773027	0.417151	-0.015327	1.569507	0.001614	0.337520
2.769036	0.588188	-0.021014	2.774886	-0.011190	0.615275
3.010281	0.660776	0.001859	3.024410	-0.006379	0.731780
2.405618	0.538134	0.024733	2.650789	-0.001567	0.522390
2.130259	0.491411	-0.036874	1.881645	-0.014719	0.443299
2.930750	0.607819	-0.018462	2.968878	-0.007896	0.628393
1.232400	0.364313	0.001027	1.308312	0.003738	0.260728
1.517143	0.403751	-0.002000	1.768386	0.002158	0.316911
2.771874	0.546739	0.013090	2.440499	0.026276	0.545765
2.744257	0.517620	0.034612	2.497874	0.008475	0.492369
1.819674	0.441576	-0.011232	2.139444	-0.017885	0.376096
1.488097	0.381888	0.021558	1.540735	0.011750	0.300731
1.123281	0.336377	-0.000104	1.124461	-0.000002	0.226618
2.920699	0.601834	0.023196	2.889107	-0.005075	0.622071
1.628880	0.376905	0.008734	1.321272	0.004009	0.290873
1.454287	0.369923	0.006602	1.256526	0.001376	0.273885
3.027995	0.593739	0.002238	3.032877	-0.000650	0.625811
3.095340	0.636033	-0.003170	2.958044	-0.003671	0.716552
1.809045	0.439378	-0.006172	1.817299	-0.016735	0.379068
1.528817	0.375683	-0.006576	1.448775	0.004074	0.290562
2.077699	0.478359	-0.002046	2.181982	0.039776	0.458890
2.698278	0.596285	-0.003097	2.833481	0.012115	0.632440
3.397559	0.641668	0.012525	2.887061	0.017299	0.695481
3.260156	0.631716	0.028146	2.984383	0.022483	0.679742
1.248757	0.343578	0.000731	1.341230	-0.000807	0.241589
2.281002	0.502924	0.012109	2.245985	0.010263	0.472115
1.456241	0.395235	0.002388	1.555409	0.006299	0.308000
2.782185	0.614995	-0.001087	2.839231	-0.006947	0.680592
3.350872	0.674977	-0.003358	3.176264	-0.025640	0.765729
3.038180	0.599906	-0.004172	2.746037	-0.035127	0.643686
1.890895	0.417023	0.021632	1.776137	0.003257	0.355009
2.793035	0.670565	0.015857	3.395810	0.000761	0.731187
1.421425	0.394461	0.002668	1.600686	-0.001735	0.298732
2.281477	0.486770	0.024799	2.075998	0.013299	0.451185
2.766748	0.579052	-0.038177	2.891790	-0.000893	0.623486
3.129179	0.650469	-0.013482	3.027506	0.005802	0.734271
1.927249	0.431635	0.011214	1.898182	0.012986	0.372607
1.671136	0.398605	0.000266	1.670448	0.013566	0.321701
2.820519	0.603246	-0.025018	2.687548	-0.026145	0.620834
1.998755	0.467874	0.019710	2.022018	0.003622	0.419019
2.049150	0.475242	-0.008453	2.013782	0.005650	0.428677
2.417062	0.522603	0.017102	2.264745	0.004402	0.488081
1.545276	0.379960	-0.002398	1.294255	-0.003793	0.289716
1.908541	0.439897	-0.029318	1.732142	0.002159	0.382655
2.943633	0.624589	-0.004279	3.097330	0.008110	0.669846
3.567870	0.730032	0.012147	3.057475	-0.026445	0.838357
3.386960	0.663737	-0.026628	3.320171	0.003623	0.740842
2.779739	0.596706	0.032208	3.168457	0.033691	0.627521
1.693026	0.431312	0.006427	1.863040	0.020625	0.357118
2.123898	0.492288	0.003599	2.249921	0.002299	0.444873
1.546058	0.386963	0.003570	1.479772	-0.000631	0.291404
3.241380	0.696779	0.003514	3.323242	0.031824	0.807416
1.302680	0.370117	0.003364	1.293750	0.005257	0.265768
2.063319	0.479800	-0.017820	2.320359	-0.018748	0.426575
1.165724	0.346278	0.000599	1.168582	0.000006	0.239674
1.139483	0.340694	0.000127	1.212292	-0.000099	0.231073
1.490983	0.394766	0.006120	1.530251	-0.002302	0.302488
3.042052	0.638088	-0.029248	2.985514	-0.033832	0.688688
1.805137	0.430952	0.005566	1.661621	0.004452	0.356335
1.262924	0.374940	0.004491	1.359968	0.000910	0.269039
2.810457	0.556062	-0.027243	2.592288	-0.012488	0.560975
1.197788	0.349517	0.000678	1.180444	-0.001147	0.246427
1.443681	0.353618	-0.001487	1.229790	-0.000550	0.259855
1.797747	0.457787	-0.007034	2.274251	-0.038347	0.401111
1.396861	0.385980	0.004751	1.692336	0.009850	0.289356
3.063714	0.650579	-0.021872	3.107020	-0.024585	0.737433
1.743657	0.431499	-0.027204	1.641245	-0.015530	0.371050
2.529942	0.538047	0.029960	2.579515	0.008521	0.545018
2.600246	0.530819	0.036172	2.476875	-0.005520	0.579889
1.205176	0.350289	0.000735	1.388931	0.001041	0.253154
1.262159	0.348485	0.003164	1.316889	0.000559	0.252917
1.498967	0.373249	-0.001516	1.358973	-0.000831	0.268977
1.602507	0.411523	-0.005350	1.772050	-0.007292	0.330525
1.868976	0.448364	-0.013653	1.963471	-0.012284	0.389519
3.726828	0.730345	0.000584	3.689922	-0.023148	0.920449
2.674656	0.604642	0.014821	2.772925	-0.030869	0.641885
1.303172	0.364080	0.004435	1.359186	0.002072	0.262444
2.760901	0.570217	-0.002548	2.532005	-0.020866	0.600912
2.201808	0.481161	0.007245	2.334797	-0.011908	0.478060
1.423153	0.375860	-0.001891	1.296982	-0.002950	0.269236
2.013200	0.497340	-0.003391	2.302389	-0.007385	0.460975
1.245714	0.366472	-0.003898	1.261609	-0.011821	0.265582
1.793191	0.436941	0.010771	1.837277	0.022649	0.381548
2.466710	0.537250	0.007504	2.171840	0.007270	0.513954
1.949432	0.430882	0.020656	1.823913	0.036591	0.379491
3.283070	0.659151	0.026015	3.084298	0.027088	0.717617
3.214665	0.650398	0.028238	3.140910	0.007598	0.717930
3.107620	0.620596	0.018881	2.917603	-0.028332	0.669473
2.300011	0.548703	-0.005793	2.584856	-0.022031	0.528661
2.287207	0.519333	-0.004009	2.187892	0.023447	0.543555
1.464159	0.394150	-0.002009	1.841309	-0.023487	0.310789
2.561405	0.534644	-0.001742	2.262115	-0.005910	0.514210
1.882560	0.430329	-0.004263	1.710998	-0.001144	0.346473
1.799933	0.464856	0.010262	2.036008	0.010155	0.403919
3.371679	0.681099	0.009979	3.165437	0.013637	0.771814
1.581498	0.398488	0.009208	1.635661	0.005798	0.322057
3.109113	0.650386	0.002309	3.084643	0.003636	0.717293
2.538284	0.573475	-0.004101	2.953387	0.002302	0.591658
1.574813	0.420526	0.008725	1.655027	0.001846	0.337845
3.191809	0.674140	0.026583	3.616066	0.021699	0.833449
3.316210	0.636971	0.027513	3.077495	0.025036	0.701412
1.889100	0.451635	0.001338	2.076453	0.026918	0.390757
2.631253	0.529965	-0.037517	2.411400	0.028778	0.545539
1.971017	0.481981	-0.025142	2.253299	0.004359	0.443384
2.901733	0.609170	0.000505	3.019245	-0.020060	0.636597
2.049315	0.431916	0.002164	1.759736	0.005164	0.359946
1.164069	0.348082	-0.000180	1.190023	0.000411	0.237727
2.641610	0.547271	0.008619	2.771331	0.006568	0.559987
2.782321	0.624199	-0.008147	3.120789	0.028012	0.664474
1.869009	0.430983	-0.024914	1.951473	-0.023860	0.371841
1.944119	0.424776	0.008274	1.950626	0.030392	0.352600
1.242961	0.355712	0.000336	1.302783	-0.001856	0.250549
2.088058	0.496069	0.001253	2.189094	0.009325	0.450419
2.572290	0.573450	0.008132	2.358448	0.000053	0.590723
1.123069	0.336364	0.000067	1.124168	0.000110	0.226457
3.217650	0.680618	0.027486	3.379787	-0.001981	0.803158
1.792313	0.438650	-0.003978	2.044331	-0.007034	0.366506
2.388603	0.550752	0.000815	2.502331	-0.019559	0.540892
1.575680	0.392270	-0.002669	1.953194	0.000831	0.312336
1.477116	0.392089	-0.014608	1.472857	-0.003323	0.302879
2.450530	0.473488	-0.010659	2.090748	0.001664	0.456145
3.013401	0.672144	-0.014470	3.377057	-0.021369	0.758132
2.826420	0.616622	-0.018281	3.046330	0.017774	0.657663
1.148192	0.343999	0.000332	1.147819	-0.000167	0.234436
1.183018	0.344828	0.000588	1.153311	0.001809	0.237012
3.132445	0.632745	0.000606	3.156940	-0.014601	0.721573
1.832933	0.416071	0.000446	1.699290	0.005213	0.331120
1.234143	0.367156	-0.000171	1.291860	-0.001419	0.262710
3.186177	0.654497	-0.000003	3.308235	-0.000975	0.745244
1.217731	0.335330	0.000582	1.122276	0.000143	0.229122
2.270489	0.489147	0.026521	2.221843	0.003354	0.436942
2.042348	0.450838	0.023857	1.957164	0.032139	0.394143
2.699509	0.525907	0.016797	2.426286	0.001514	0.532725
1.918644	0.436831	0.024791	1.713239	0.012198	0.368829
2.375114	0.491904	-0.039923	2.128014	-0.029205	0.484328
2.064713	0.473790	0.002898	2.098690	-0.020866	0.423475
1.841014	0.436007	-0.002736	1.665801	0.013427	0.359748
3.317580	0.681253	-0.001907	3.562928	0.004636	0.769245
3.103910	0.641931	-0.000368	3.066879	-0.004154	0.727399
1.385357	0.359543	0.000461	1.395228	0.000307	0.256480
1.634516	0.406969	-0.006812	1.518930	-0.003274	0.329633
2.107293	0.506802	-0.017111	2.251733	-0.029609	0.453923
2.970721	0.598247	-0.020289	3.097608	-0.020785	0.616709
1.974319	0.480007	-0.005903	2.273950	-0.012550	0.424537
2.599429	0.531322	0.009292	2.499586	0.016385	0.526233
1.785131	0.450958	0.017904	1.807978	0.008277	0.388576
1.212622	0.338114	-0.000062	1.169387	-0.000051	0.228880
1.270316	0.349480	-0.000365	1.234437	-0.000302	0.243379
1.937445	0.421356	0.027750	1.782132	0.004535	0.361074
1.846181	0.423592	0.019324	1.538842	0.010689	0.340941
2.046105	0.507329	0.022670	2.196576	0.003325	0.502699
2.099648	0.476755	0.026015	2.038472	-0.010350	0.448844
1.932587	0.453897	-0.017395	2.063734	-0.017714	0.390990
3.584852	0.726160	-0.007151	4.009078	0.003784	0.870188
1.110987	0.333063	-0.000011	1.110884	-0.000013	0.223006
1.465727	0.360108	-0.001397	1.418197	-0.003343	0.269122
2.300752	0.509867	0.001083	2.188680	0.016708	0.512458
1.258499	0.347126	-0.005579	1.268758	-0.001229	0.249565
1.098898	0.329669	-0.000000	1.098898	-0.000000	0.219780
2.865369	0.606320	-0.010195	2.801491	-0.000043	0.624881
1.138021	0.339742	-0.000979	1.135494	-0.000130	0.229568
1.139940	0.339635	0.000158	1.135423	-0.000255	0.230650
2.848714	0.575687	-0.027355	2.428955	-0.019614	0.598947
2.791000	0.587239	0.024356	2.677602	0.008672	0.603972
1.898096	0.425100	0.005099	1.904816	0.010238	0.344008
2.967551	0.615927	0.002611	2.992070	0.007562	0.669202
1.098898	0.329669	-0.000000	1.098898	-0.000000	0.219780
3.048629	0.619047	-0.029022	3.003962	-0.035771	0.688856
2.911813	0.680330	-0.017049	3.307387	-0.034209	0.755336
1.940943	0.453459	0.007094	2.027294	0.001512	0.388943
2.920050	0.605405	0.000435	3.029815	-0.007998	0.666006
2.596860	0.519675	0.005754	2.591600	-0.007822	0.500895
1.266846	0.349118	-0.001951	1.176082	-0.000385	0.243761
1.333058	0.353584	0.002749	1.194875	0.001202	0.251003
2.374885	0.513496	0.011725	2.184386	0.014311	0.488188
2.369709	0.557815	-0.036129	2.418525	-0.018913	0.544307
1.249020	0.356428	0.000284	1.295734	-0.001925	0.248964
1.344544	0.380292	0.012686	1.554165	0.032072	0.307528
1.734416	0.413296	-0.006971	1.716753	-0.004214	0.337599
1.551439	0.380969	0.000424	1.322078	0.000021	0.293655
2.682676	0.531274	0.011577	2.529544	-0.001345	0.543490
2.111158	0.468038	-0.003382	1.964214	-0.002711	0.400207
3.177770	0.675775	-0.035854	3.309244	0.024467	0.795952
2.960735	0.608789	0.039920	3.097856	0.002638	0.648222
1.756912	0.421129	0.008243	1.670157	0.003378	0.332363
3.074979	0.595135	0.020027	2.926987	-0.020541	0.641157
2.302198	0.490805	-0.023057	2.069483	-0.024433	0.468972
2.295252	0.500351	0.004033	2.128997	-0.015951	0.462444
1.498471	0.384432	-0.002387	1.454808	0.001215	0.287731
3.246094	0.619235	0.009060	2.995906	0.010712	0.698137
2.903835	0.597653	0.020506	2.845568	0.026690	0.620504
2.117678	0.463870	-0.007606	2.087256	-0.015044	0.392024
1.800163	0.420731	0.002583	1.800559	0.004072	0.348602
2.026109	0.428916	-0.003890	1.863955	0.003719	0.363717
3.541659	0.645969	0.001241	2.907743	0.002516	0.725714
1.111462	0.332851	0.000034	1.112634	0.000013	0.223838
1.962543	0.438786	0.031533	1.978208	-0.007142	0.384182
2.266001	0.499472	-0.030184	2.341356	-0.016592	0.489654
1.840072	0.444976	-0.000199	1.858468	-0.001292	0.370403
3.420463	0.690086	0.019659	3.600663	-0.020114	0.799675
3.156880	0.640755	-0.025555	3.017186	-0.038936	0.729032
2.413616	0.518327	-0.020479	2.722881	-0.026081	0.514168
1.554257	0.393436	-0.015551	1.590275	-0.017733	0.327861
1.382504	0.361598	-0.000105	1.366158	-0.002316	0.262454
3.423062	0.689132	-0.003323	3.600396	0.010826	0.782876
2.837965	0.587545	-0.009298	2.566650	0.017744	0.630328
1.876855	0.414021	-0.012516	1.563035	-0.005702	0.340958
3.197223	0.683458	-0.006396	3.334956	0.017881	0.789328
1.625965	0.395988	0.009215	1.596253	0.024623	0.336013
2.624840	0.545221	0.020778	2.716002	0.029635	0.517564
1.344897	0.382924	0.000170	1.491606	0.000828	0.286443
2.019847	0.446687	-0.027808	1.931889	-0.015175	0.398030
2.732973	0.595649	-0.025234	2.788395	-0.008924	0.630600
1.302350	0.347298	-0.000484	1.207593	-0.000993	0.244935
3.328267	0.656923	0.003341	3.341838	0.001370	0.746996
1.624333	0.402550	0.015335	1.567625	0.010556	0.317020
2.923968	0.668161	0.009096	3.023999	0.000233	0.747278
2.556824	0.549575	-0.023865	2.581499	-0.004004	0.549537
1.919607	0.419908	-0.000692	1.595673	-0.003290	0.337849
1.543525	0.395077	-0.002632	1.489212	0.006658	0.308347
1.848902	0.457273	-0.007625	1.989370	0.001246	0.408560
2.227633	0.494095	0.002335	2.267119	-0.012137	0.464392
1.256177	0.369283	-0.001202	1.257484	0.000521	0.263580
1.883743	0.463599	-0.005683	1.967240	-0.017760	0.394599
1.816295	0.418129	-0.024863	1.723967	-0.016415	0.363450
1.098898	0.329669	-0.000000	1.098898	-0.000000	0.219780
1.293962	0.345041	0.000078	1.318820	-0.000303	0.239983
1.477273	0.381128	0.000845	1.312073	-0.001228	0.286992
1.654463	0.422801	-0.024239	1.607512	-0.000073	0.335494
2.220874	0.458917	-0.006670	2.050343	-0.004062	0.426476
2.420298	0.534637	-0.003671	2.319903	0.015456	0.508362
1.166361	0.347477	0.000003	1.207208	0.000126	0.238015
2.161969	0.499317	-0.001687	1.988113	0.025307	0.464876
2.314311	0.483320	-0.004706	2.082089	0.012639	0.452441
1.144996	0.335261	-0.000026	1.128435	-0.000030	0.230645
1.165957	0.347136	-0.000465	1.331163	0.000394	0.239971
1.329698	0.373493	0.014907	1.561890	0.029815	0.291371
2.477788	0.557002	-0.023002	2.489737	-0.037396	0.546029
2.189884	0.517835	-0.027224	2.434828	-0.024131	0.501543
2.300321	0.559490	0.022527	2.519173	0.000505	0.580211
2.934274	0.592301	0.033742	2.922958	0.013770	0.638621
1.347253	0.377625	-0.001602	1.321422	-0.003401	0.271441
2.318401	0.521662	0.022394	2.499613	-0.004872	0.509567
1.381604	0.378323	-0.013659	1.620461	-0.002816	0.304599
1.242811	0.369441	-0.001371	1.406384	0.000628	0.262565
2.478847	0.506151	-0.017086	2.325354	0.003425	0.492336
1.412271	0.383010	-0.003112	1.508574	-0.011044	0.293471
2.525914	0.551162	0.006822	2.601821	-0.005864	0.539607
1.746926	0.416640	-0.010420	1.694517	0.005485	0.343849
1.401542	0.386725	-0.000417	1.322074	-0.003705	0.290752
2.067727	0.489490	-0.006200	2.029019	-0.012532	0.442612
2.415236	0.511577	-0.004233	2.284005	0.012884	0.503743
1.294278	0.335926	-0.000056	1.124728	0.000111	0.229264
2.936460	0.614599	0.008937	3.223234	-0.030980	0.682275
2.024303	0.455143	0.015719	1.972970	0.027087	0.403288
3.087999	0.606014	-0.010212	2.880215	-0.028717	0.694385
2.633618	0.594727	-0.036142	2.815629	-0.026580	0.623259
1.829864	0.444215	-0.015874	1.800662	-0.005691	0.388073
1.699682	0.411786	-0.008847	1.670873	-0.014019	0.346567
3.189026	0.656792	0.015873	3.235820	-0.004382	0.722926
3.424503	0.660903	0.035546	3.581094	-0.006012	0.784438
1.162263	0.347881	0.001153	1.178763	0.002927	0.238981
1.776568	0.413970	-0.004028	1.523477	-0.013685	0.339525
2.519815	0.551529	0.031008	2.392997	-0.002419	0.517695
2.065197	0.466315	-0.005287	2.047816	0.008846	0.413240
2.551418	0.579242	-0.015439	2.431289	-0.021613	0.581446
2.064098	0.426420	-0.015634	1.611209	-0.023354	0.391433
1.584835	0.400468	-0.014687	1.695188	-0.028130	0.346074
2.160193	0.515978	-0.035709	2.263679	-0.031731	0.511896
1.124170	0.336272	0.000020	1.125319	-0.000007	0.227246
2.783929	0.588427	-0.016829	2.711623	0.003648	0.601496
1.777297	0.441264	-0.006762	1.642550	0.004822	0.357108
1.595816	0.446740	-0.014311	1.921794	-0.003790	0.369027
3.285281	0.687232	0.009463	3.523884	-0.008895	0.785029
1.507186	0.369986	-0.000423	1.274230	0.000198	0.275621
3.345819	0.641994	0.017099	3.253734	0.030481	0.749698
1.101600	0.329655	-0.000005	1.098632	-0.000001	0.219787
2.440766	0.517216	-0.004398	2.146950	0.018342	0.477459
2.782251	0.619674	0.033583	2.951135	0.010447	0.655281
1.998746	0.454986	-0.014131	2.145495	-0.002227	0.405689
1.681874	0.399931	-0.007134	1.595723	-0.002195	0.314585
1.417713	0.378683	0.001448	1.535677	-0.000186	0.281245
1.729647	0.430857	-0.011220	2.068275	-0.010396	0.364149
1.373478	0.356293	0.002131	1.289000	-0.000250	0.260028
2.292692	0.479524	-0.024935	2.149566	-0.027943	0.434693
1.440236	0.371046	-0.000987	1.322047	-0.003876	0.270944
1.973666	0.429558	0.003345	1.818490	0.014734	0.365323
1.346090	0.354330	0.001561	1.382689	-0.002826	0.263500
1.645877	0.420609	0.012931	1.684062	-0.008791	0.351227
2.472600	0.506327	0.009314	2.155342	-0.004417	0.497165
1.111308	0.333016	-0.000003	1.111090	-0.000044	0.223181
2.107574	0.438405	-0.029243	1.745276	-0.031859	0.387751
2.588625	0.570818	-0.013445	2.767649	0.000641	0.592777
1.261138	0.343687	-0.000290	1.246276	-0.000670	0.238774
1.669504	0.408373	-0.019857	1.815835	-0.004954	0.369391
2.244151	0.536310	0.030344	2.342470	-0.010964	0.561103
2.532247	0.536849	-0.004669	2.445061	-0.014010	0.537465
1.635855	0.414526	0.012275	1.580956	0.011904	0.327300
2.172054	0.470213	0.006175	1.918799	0.039116	0.462553
1.111740	0.332945	0.000040	1.111352	-0.000051	0.223343
1.098898	0.329669	-0.000000	1.098898	-0.000000	0.219780
2.456266	0.530833	-0.000940	2.357948	-0.019405	0.522951
1.296061	0.360341	-0.002190	1.232809	-0.003378	0.261570
2.548182	0.539647	-0.000441	2.599312	0.030337	0.552587
3.341467	0.658158	0.001308	3.344935	0.005476	0.738877
1.441804	0.402021	-0.008064	1.568975	-0.002162	0.312892
1.550303	0.363566	-0.001898	1.245021	-0.001708	0.262390
2.947773	0.620593	-0.008631	3.464709	-0.030124	0.689046
1.600574	0.390646	0.003205	1.499921	0.003978	0.315089
2.459819	0.535028	-0.017398	2.429860	-0.001733	0.507759
2.823660	0.560388	-0.005615	2.633190	-0.031171	0.556444
2.147628	0.471502	-0.011606	1.926318	0.014166	0.417428
2.202045	0.463439	0.028499	2.008841	0.026128	0.416827
2.722041	0.572518	0.015332	2.557841	0.013004	0.615697
1.177311	0.351022	0.002165	1.195676	-0.000120	0.242106
1.776175	0.420239	0.010912	1.669170	0.014921	0.343712
1.194828	0.353502	0.001708	1.449003	-0.001129	0.249137
2.633900	0.576432	-0.009872	2.816302	-0.009185	0.611871
2.906112	0.595418	-0.016835	2.649334	-0.014971	0.654958
2.260420	0.529525	0.001755	2.514998	-0.017188	0.501987
1.591987	0.373617	0.009249	1.544075	0.011379	0.287432
1.360326	0.389710	0.002003	1.609770	-0.008291	0.299599
1.512863	0.391122	-0.003497	1.619425	0.000570	0.301531
1.931135	0.428201	0.019412	1.913392	0.014124	0.363623
2.036658	0.413405	-0.021498	1.907561	-0.001619	0.365656
3.187916	0.625903	0.020029	3.156792	-0.001130	0.677616
1.203321	0.336612	-0.000388	1.221991	-0.000275	0.232928
1.336989	0.369851	0.003102	1.332709	0.000517	0.273261
2.585132	0.548589	0.037350	2.537505	0.023378	0.522705
1.305656	0.370733	-0.000371	1.270649	-0.003830	0.267164
2.740860	0.617733	0.001528	3.067198	0.021585	0.622644
1.957258	0.471621	-0.003220	2.039131	-0.007802	0.406547
3.134213	0.662727	-0.002885	3.145039	-0.004391	0.731335
1.389365	0.366288	-0.002065	1.368595	-0.014468	0.277642
1.180141	0.352195	0.000073	1.476198	-0.002552	0.248512
3.593151	0.689727	0.024790	3.281141	0.003429	0.797901
2.280826	0.493278	0.025623	2.196296	0.020953	0.482118
2.882419	0.596041	0.010343	2.820150	-0.002131	0.623512
3.288243	0.662571	0.002091	3.399616	-0.018568	0.740202
2.556703	0.538121	-0.002240	2.452694	-0.026704	0.519204
2.467199	0.580102	-0.003023	2.611815	-0.004189	0.601807
1.786334	0.439902	-0.003949	1.736846	0.018325	0.369120
1.554822	0.384358	-0.018578	1.637675	-0.015845	0.322517
2.310557	0.512825	0.010177	2.208058	0.027060	0.501896
2.244269	0.498550	-0.001025	2.356096	-0.013342	0.467243
2.481889	0.551240	0.012522	2.339391	0.022878	0.532354
1.123439	0.336668	-0.000357	1.122883	-0.000288	0.226526
2.058242	0.448836	-0.000743	1.922295	-0.039556	0.434236
1.246509	0.363889	-0.000529	1.284335	-0.009578	0.269527
2.847263	0.576990	0.017011	2.487492	0.005009	0.566399
1.635380	0.407550	0.005543	1.798878	0.019282	0.346188
2.976673	0.595545	-0.038386	2.856314	-0.020162	0.611854
1.775457	0.420644	0.001959	1.802242	0.011457	0.355317
1.817827	0.437910	-0.013846	2.089435	-0.036114	0.382231
1.412545	0.371902	0.002338	1.330809	0.001580	0.268790
1.972033	0.468328	0.001584	2.027850	-0.002277	0.422724
2.023744	0.468285	0.011672	1.798801	-0.010060	0.445449
2.743545	0.556927	-0.000514	2.506281	0.009689	0.548284
1.395634	0.380204	0.001398	1.506994	0.006156	0.290992
2.310955	0.526698	0.003678	2.564897	0.036470	0.517049
2.585620	0.570927	0.003335	2.951063	-0.036686	0.573421
1.751786	0.396832	0.002993	1.570757	0.003812	0.307982
2.762153	0.559828	0.033743	2.318621	0.032278	0.553706
1.345202	0.371788	-0.008904	1.662607	-0.028423	0.289148
1.225319	0.347614	0.000241	1.273924	0.001552	0.246874
1.375160	0.360527	-0.003328	1.218476	-0.005128	0.255243
1.292009	0.352597	-0.000895	1.291758	-0.000721	0.248401
1.554517	0.413949	0.004893	1.539667	0.000271	0.330717
1.900059	0.454323	0.008242	2.002126	0.011875	0.398307
1.260120	0.346229	-0.009181	1.251575	-0.007779	0.245963
1.305756	0.343142	-0.000063	1.152904	0.000105	0.237964
2.322345	0.510042	-0.029087	2.343755	-0.023796	0.472527
2.695967	0.523846	-0.001388	2.491300	-0.022322	0.528248
2.794102	0.597692	0.026311	2.606756	-0.018617	0.661340
1.590995	0.380259	-0.003357	1.459176	-0.008049	0.282054
1.284073	0.376471	-0.000842	1.492275	-0.000217	0.274478
2.631002	0.538114	-0.026090	2.843082	-0.013198	0.555709
2.258904	0.495899	-0.011185	2.166886	0.001326	0.457597
1.502270	0.392302	-0.008991	1.538441	-0.003722	0.327321
2.212144	0.458996	-0.015265	1.783076	0.005859	0.396424
1.589834	0.394292	-0.012642	1.593465	-0.015850	0.356064
2.872497	0.588549	-0.007516	2.764716	-0.037558	0.631122
1.892546	0.444865	-0.004004	2.004946	-0.000328	0.365179
1.791657	0.441249	-0.003091	2.221569	0.003393	0.380707
2.353724	0.552586	-0.009632	2.546639	0.001886	0.568116
1.797062	0.427843	-0.016172	1.662261	-0.001270	0.356441
1.807906	0.429210	-0.007073	2.101509	-0.006201	0.368486
1.761721	0.386440	-0.031205	1.525572	-0.012009	0.316660
1.943749	0.438867	-0.005008	1.602739	-0.010707	0.363516
2.496842	0.529828	0.035709	2.475547	0.024859	0.508681
3.347074	0.641370	0.031185	2.859381	-0.000226	0.695683
2.113566	0.442872	0.024702	1.879951	0.028553	0.400891
3.292686	0.662026	0.021516	3.354396	-0.008877	0.749159
1.157089	0.341876	-0.015474	1.163528	-0.016349	0.248588
1.901337	0.462575	-0.015264	1.949808	-0.018577	0.393321
2.230530	0.502298	-0.026815	2.288515	-0.011465	0.461028
2.537295	0.537110	-0.004468	2.525273	0.010991	0.523444
3.249195	0.605313	-0.007017	3.065231	-0.010930	0.709148
2.356880	0.492782	-0.009565	2.384826	-0.000860	0.472593
1.228022	0.359434	0.002452	1.435818	0.002070	0.260225
3.341334	0.622006	0.018777	2.884848	0.005524	0.669045
1.363665	0.363360	-0.000589	1.421814	0.000684	0.261134
1.473573	0.365906	-0.002040	1.414797	0.001589	0.263463
1.983940	0.482716	-0.012338	2.051649	-0.002110	0.433442
3.050851	0.575862	0.016402	2.720480	0.001718	0.617834
2.785768	0.501086	0.011167	2.105990	0.005547	0.503120
1.554220	0.391639	0.000639	1.947464	0.001382	0.308913
1.098898	0.329669	-0.000000	1.098898	-0.000000	0.219780
1.254568	0.345523	0.000019	1.157186	0.000024	0.238060
2.289293	0.484635	-0.028310	2.228636	-0.023320	0.462633
1.313152	0.343361	-0.000123	1.225068	-0.002713	0.245529
1.606553	0.374681	-0.000182	1.505579	0.002622	0.278374
1.231355	0.365022	-0.000833	1.255590	-0.003105	0.259542
1.698729	0.400520	-0.000129	1.698135	0.005819	0.318031
1.261834	0.348941	-0.002557	1.186771	0.001151	0.245313
1.471181	0.357681	0.001924	1.510258	0.001224	0.267970
1.216843	0.335022	0.000004	1.121242	0.000033	0.228263
1.346417	0.363661	-0.002119	1.290173	-0.002599	0.259779
1.220850	0.340219	-0.000042	1.142212	-0.000314	0.233469
1.399512	0.406711	-0.002266	1.679354	-0.001550	0.312177
1.861635	0.431473	-0.006103	2.009623	-0.013111	0.357825
1.126451	0.334687	-0.000122	1.192705	-0.000332	0.230489
2.413179	0.500659	-0.007608	2.255606	-0.008077	0.457391
1.460237	0.386578	0.004614	1.608080	0.007270	0.296746
1.678587	0.388248	0.008722	1.449422	0.011159	0.306594
2.297594	0.484266	-0.014282	2.190174	-0.019310	0.455084
1.250008	0.347898	0.000909	1.410101	-0.000002	0.238480
1.841242	0.430555	0.003578	1.818701	0.004630	0.351090
2.934058	0.617151	-0.008339	3.052318	-0.015984	0.652454
3.348552	0.645135	0.023414	3.293822	-0.008920	0.741657
2.196017	0.501202	-0.023722	2.205987	0.004197	0.476695
2.512523	0.521350	0.028566	2.606910	0.011261	0.533673
1.475153	0.364035	0.005961	1.504593	0.006583	0.279109
1.329913	0.368675	0.004931	1.343785	0.007843	0.264133
1.098898	0.329669	-0.000000	1.098898	-0.000000	0.219780
2.183392	0.495025	-0.027497	2.177704	-0.009356	0.454584
1.915379	0.459420	-0.005124	2.112329	0.022304	0.406592
2.060188	0.464132	0.039755	2.124062	0.018310	0.411468
2.932372	0.628217	0.021290	3.003734	0.010430	0.706223
1.235801	0.365275	0.001966	1.379344	0.004822	0.262550
1.400722	0.366848	0.000972	1.406828	0.003114	0.278208
2.288276	0.494667	0.040126	2.351827	0.000277	0.482056
3.157223	0.634116	0.040107	3.291849	-0.003738	0.658709
1.178033	0.351971	-0.004497	1.365010	-0.008921	0.251200
2.807853	0.586742	0.019462	2.924144	-0.019688	0.640732
2.299762	0.513488	-0.012132	2.482009	-0.027574	0.496223
2.337799	0.508719	0.033296	2.200605	0.031482	0.504399
1.322674	0.347711	-0.000612	1.176408	0.003311	0.248090
2.855883	0.667810	-0.019758	3.123778	0.006816	0.723686
1.760480	0.410167	-0.007335	1.578657	0.010322	0.334363
2.445060	0.519113	-0.034475	2.348869	0.007128	0.526125
1.162232	0.345622	0.001464	1.325588	0.000887	0.238596
1.487899	0.392479	-0.003046	1.538205	-0.007067	0.304639
1.367139	0.379071	0.006863	1.491899	0.005407	0.282061
1.255930	0.343901	0.002273	1.176876	-0.000389	0.242019
1.377799	0.377055	0.003572	1.536160	0.001240	0.288936
2.201463	0.474534	0.017055	2.050517	0.030683	0.445325
2.700356	0.575499	0.029455	2.510122	0.012717	0.588911
1.401719	0.390570	-0.000968	1.421793	-0.005737	0.288803
1.577059	0.420734	0.026276	1.935485	0.013451	0.360445
1.106206	0.331189	-0.000012	1.197157	0.000557	0.223316
1.944620	0.443224	-0.000899	1.657812	0.004344	0.372045
2.158170	0.509103	0.019360	2.474857	0.002612	0.480528
1.124343	0.336286	-0.000156	1.124999	-0.000043	0.227052
1.230608	0.352202	-0.000084	1.199287	-0.001683	0.250015
1.124469	0.336961	0.000038	1.166075	-0.000022	0.227222
2.213800	0.498081	-0.010655	2.498948	0.010523	0.489347
1.231597	0.352799	-0.000003	1.354683	0.000246	0.253217
2.764502	0.604170	-0.033431	2.889314	-0.014753	0.641979
2.466353	0.475430	-0.003791	2.199382	-0.018563	0.430507
2.592686	0.554739	-0.020330	2.120211	0.000536	0.558180
1.690199	0.393344	0.010334	1.636803	-0.000169	0.324770
2.130612	0.480127	0.004125	2.031711	-0.028081	0.436891
2.487355	0.579641	-0.002083	2.584261	-0.016423	0.582692
1.164314	0.345511	-0.000441	1.174223	0.000291	0.240745
1.562172	0.404856	-0.002866	1.651650	-0.011685	0.318557
1.546343	0.384326	-0.000936	1.441716	0.016658	0.319403
1.489563	0.372183	0.002431	1.370366	0.005614	0.285112
1.249355	0.354576	0.005512	1.265697	0.023461	0.258044
1.248562	0.347163	-0.000220	1.255863	-0.006514	0.251525
1.414115	0.366155	-0.004318	1.397267	-0.000712	0.269754
1.581589	0.420508	0.015354	1.794783	0.034096	0.350398
1.259776	0.352875	0.001638	1.367629	-0.003145	0.255587
1.098898	0.329669	-0.000000	1.098898	-0.000000	0.219780
2.703026	0.557443	0.000923	2.610986	0.010824	0.555619
2.196533	0.516157	-0.004718	2.547519	0.018833	0.481351
3.134071	0.643232	0.024199	3.250542	-0.025817	0.704970
3.112534	0.653326	-0.029428	2.968586	-0.015082	0.686727
2.002756	0.493255	0.004031	2.195306	0.024214	0.459113
1.122090	0.333644	-0.000051	1.232140	-0.000260	0.230655
2.504306	0.550220	0.007867	2.493450	-0.000404	0.522563
1.136692	0.338718	-0.000475	1.146624	-0.000453	0.231387
2.171070	0.452581	-0.028731	1.804636	-0.025211	0.416920
2.320949	0.500359	0.004141	2.232178	-0.005760	0.474751
2.675141	0.574418	0.003921	2.644426	0.024161	0.584908
1.204904	0.345742	0.004197	1.329936	0.005292	0.245186
2.368816	0.539917	-0.029079	2.577361	0.014160	0.533058
2.381760	0.546606	0.009721	2.794179	0.023028	0.540426
2.236684	0.497799	-0.007502	2.246853	0.007235	0.473888
3.565096	0.668196	-0.022832	3.362271	-0.022094	0.747086
1.562265	0.389137	-0.031024	1.367867	-0.037887	0.319031
1.713308	0.409575	-0.000405	1.564259	0.006329	0.318457
1.619636	0.425879	-0.009860	1.641005	0.016677	0.372362
2.922182	0.577713	-0.000434	2.842847	-0.002110	0.617217
2.269832	0.505415	0.005841	2.179908	-0.001536	0.446019
2.057937	0.467359	0.019944	1.926362	0.014615	0.413928
2.542259	0.589059	-0.008000	2.869579	0.039106	0.656680
2.851656	0.601813	-0.035944	2.953050	-0.011392	0.645666
1.815406	0.400556	0.002953	1.705551	-0.001396	0.314597
2.250041	0.529073	0.005886	2.217384	0.009301	0.498438
2.605198	0.540491	0.001122	2.552864	-0.033747	0.546634
1.951279	0.476460	-0.000149	1.970208	0.015831	0.425409
1.945892	0.496930	0.017881	2.134318	0.027798	0.445785
2.557772	0.553842	0.027148	2.349747	-0.013960	0.550158
2.447780	0.559998	0.001901	2.998300	0.000563	0.585201
2.632216	0.606469	-0.025686	2.851657	-0.032049	0.628628
1.497380	0.406416	0.009682	1.426596	-0.001037	0.318809
1.685783	0.372776	0.001246	1.349675	-0.004717	0.272203
1.800246	0.424845	0.017769	1.661855	0.003866	0.346202
1.098898	0.329669	-0.000000	1.098898	-0.000000	0.219780
1.787814	0.460955	-0.013614	2.032462	-0.012160	0.405776
1.373246	0.354639	-0.001247	1.266703	-0.001622	0.250358
1.602671	0.393701	-0.002208	1.447964	-0.001684	0.298229
2.730227	0.583232	-0.034281	2.746373	-0.020047	0.627383
2.810700	0.623820	0.000749	2.828169	0.032939	0.666453
1.889110	0.474221	0.038714	1.975677	0.013039	0.432295
2.208813	0.438789	0.000551	2.144601	-0.006861	0.375854
1.913155	0.440338	0.013674	1.863955	-0.003490	0.384097
2.467251	0.530710	-0.015585	2.375985	0.024358	0.529367
2.651520	0.582872	0.037490	2.795352	0.030931	0.583495
2.979034	0.629282	-0.011788	3.038404	0.032396	0.683390
1.251547	0.348689	-0.001210	1.438209	0.000121	0.251844
2.850524	0.612373	-0.017890	2.688054	-0.012047	0.624031
2.625890	0.548779	-0.006775	2.514023	0.015720	0.530595
2.591444	0.580165	-0.013458	2.426376	0.007326	0.622787
1.894000	0.419413	-0.020140	1.527853	-0.011937	0.346704
1.251671	0.345079	-0.002158	1.157336	-0.000599	0.236538
3.425796	0.702604	-0.021577	3.610035	-0.028047	0.834745
1.363904	0.365279	-0.000437	1.239190	-0.003241	0.263097
1.147780	0.343819	-0.000370	1.148486	0.000291	0.233615
1.371017	0.358449	0.022107	1.312074	0.002977	0.266594
2.669302	0.496984	-0.004936	2.245516	-0.036765	0.471635
1.413365	0.356783	-0.017841	1.281299	-0.003492	0.263456
1.930718	0.464486	-0.001834	2.021845	-0.008114	0.423917
1.420111	0.367369	-0.005589	1.508172	0.000580	0.267431
3.509040	0.742546	0.008989	3.712299	-0.011486	0.876847
1.262029	0.363817	-0.036448	1.258248	-0.034756	0.291612
3.888003	0.718326	-0.014016	3.596544	0.033464	0.868776
1.945232	0.447184	0.008415	1.802160	0.000256	0.374759
2.112493	0.482621	0.007804	2.130801	-0.000554	0.445165
1.322094	0.369448	0.001310	1.412878	-0.001351	0.269857
3.505191	0.632377	-0.015714	3.046449	-0.023875	0.684571
1.525821	0.427520	0.028539	1.640631	-0.014750	0.389428
1.304765	0.381362	-0.002058	1.522179	0.003461	0.285445
2.175770	0.506453	0.024257	2.309437	0.028134	0.485656
2.720269	0.549731	-0.005710	2.601882	0.021796	0.546894
2.866996	0.587336	0.018291	2.866195	0.015458	0.605612
2.306619	0.468717	0.004850	2.169195	0.015830	0.407256
2.958012	0.593200	-0.007551	2.564428	0.026163	0.658024
2.397161	0.539528	-0.014260	2.324063	0.033712	0.549141
3.177527	0.593320	-0.003755	2.880457	-0.002743	0.633423
2.256551	0.514717	0.016321	2.318822	0.007357	0.480852
2.609926	0.540617	-0.016198	2.471915	-0.029427	0.560608
1.412629	0.396957	0.013158	1.683065	0.014649	0.305503
1.274352	0.336354	0.000179	1.157434	0.000353	0.238126
2.616788	0.562853	0.007525	2.460886	-0.015688	0.562489
2.695157	0.549755	0.012858	2.841573	-0.020499	0.554509
2.436448	0.540407	0.009110	2.603456	0.036977	0.526930
3.142172	0.626365	-0.029920	3.234631	-0.018679	0.689662
1.551988	0.365795	-0.001658	1.364487	-0.007870	0.267913
2.026274	0.458657	0.019789	1.941956	-0.005596	0.412705
2.232774	0.484027	0.001821	2.195284	-0.013685	0.441875
1.111059	0.333065	-0.000032	1.111191	-0.000016	0.223167
1.286296	0.360592	0.000021	1.393225	-0.000695	0.262310
1.287117	0.369447	0.005698	1.528125	0.004091	0.279745
1.400657	0.382767	0.002300	1.568438	0.004976	0.299447
1.559208	0.395368	-0.028748	1.477495	-0.034767	0.324790
1.154530	0.342596	0.001722	1.328299	0.000782	0.235425
1.748979	0.430699	0.003096	1.800335	0.021694	0.351780
2.730939	0.564234	0.002127	2.566732	-0.025435	0.588059
1.098898	0.329669	-0.000000	1.098898	-0.000000	0.219780
3.426720	0.638748	-0.003581	3.026575	0.009754	0.714815
2.662937	0.568707	-0.009201	2.814004	-0.004514	0.591294
1.711609	0.410233	-0.018502	1.751511	-0.018782	0.328781
1.667840	0.403270	-0.020291	1.887525	-0.001151	0.328527
2.732828	0.583648	-0.028100	2.789046	-0.023994	0.608255
1.313738	0.349873	-0.000548	1.175982	0.000598	0.244125
1.149960	0.343647	-0.000935	1.148241	0.000215	0.234503
2.782126	0.593632	-0.010541	2.718855	-0.032247	0.617457
1.522381	0.370839	0.008565	1.309760	0.005717	0.282521
2.735370	0.516880	0.007602	2.346307	0.034295	0.515828
3.492099	0.670516	0.007756	3.475356	-0.016638	0.827090
1.652040	0.398364	0.007909	1.501281	0.001455	0.320946
3.199433	0.620702	-0.004816	3.066546	0.015474	0.699824
2.719309	0.561456	0.011928	2.542152	0.018217	0.580877
3.240040	0.626541	0.026384	3.032603	0.025738	0.724403
1.257852	0.338952	-0.002094	1.249386	-0.000980	0.239282
1.211119	0.337438	0.000002	1.126922	0.000020	0.227937
1.924128	0.409857	-0.003271	1.609536	-0.000351	0.327835
1.136051	0.339779	-0.000130	1.151018	-0.000308	0.230621
1.384858	0.387717	0.001450	1.443403	0.004391	0.289646
1.985944	0.472974	0.003395	2.174179	0.004817	0.420393
1.441680	0.353403	-0.002849	1.191344	-0.001355	0.254090
1.459984	0.394560	0.012020	1.451625	0.009763	0.306228
2.095252	0.464746	0.002080	1.931613	0.025872	0.418463
1.374892	0.378456	-0.000040	1.580064	0.002413	0.277931
1.531763	0.426935	-0.006064	1.645830	0.007203	0.351074
1.543762	0.379916	-0.001547	1.528660	0.002854	0.293884
1.208318	0.345472	-0.000234	1.165879	0.000145	0.240931
3.296815	0.675323	-0.006455	3.164741	0.008158	0.788729
1.585928	0.391258	-0.012675	1.576872	-0.006789	0.303299
1.304537	0.355587	0.001215	1.298614	0.015584	0.277286
2.481062	0.493909	0.015105	2.275597	0.028630	0.487148
1.878304	0.472397	-0.004750	2.130052	0.008266	0.423513
1.623351	0.436197	-0.009155	2.092737	-0.027243	0.357466
1.876126	0.403346	-0.021585	1.544217	-0.002627	0.335334
2.761530	0.624127	-0.016964	3.073500	0.009838	0.652895
3.119105	0.661558	-0.004471	3.135197	0.024891	0.734394
1.822164	0.394638	0.038177	1.627445	0.011900	0.323638
2.137501	0.491356	0.014329	2.364040	0.008872	0.465730
2.356527	0.498823	-0.009518	2.304757	0.006361	0.465981
1.555986	0.385832	0.007256	1.364969	0.000631	0.290894
1.309610	0.358173	-0.005296	1.217271	0.000186	0.255432
1.933198	0.464534	-0.003278	2.047794	-0.014850	0.401812
1.775770	0.427919	0.027381	1.709274	0.028714	0.387812
2.249202	0.489875	0.017616	2.245305	-0.001195	0.468864
1.217735	0.360727	0.002012	1.343339	0.008692	0.263373
2.585882	0.559972	-0.008972	2.416909	0.005320	0.578934
1.141152	0.338968	0.000023	1.148373	0.000128	0.233323
2.496761	0.538515	-0.004975	2.472660	-0.007791	0.532082
1.480618	0.375618	0.002557	1.418440	0.001368	0.277812
1.098898	0.329669	-0.000000	1.098898	-0.000000	0.219780
2.529184	0.534368	0.003292	2.522085	-0.025335	0.542326
1.804558	0.439740	0.006585	1.763093	0.015984	0.392780
2.396272	0.464155	-0.000251	2.028837	-0.019994	0.451709
1.486879	0.402683	0.029187	1.712558	-0.013032	0.328742
1.519176	0.390044	-0.000153	1.511869	0.002044	0.294851
3.014904	0.583639	0.034430	2.546438	0.028142	0.586706
1.887672	0.466278	-0.008125	1.821081	0.023908	0.400405
1.158998	0.344450	0.000652	1.252426	-0.001717	0.237017
2.724468	0.596846	0.010351	2.810587	-0.004006	0.653892
1.215488	0.342018	-0.000061	1.149993	-0.000611	0.236483
1.420935	0.365860	-0.000422	1.359727	-0.001470	0.267003
1.309685	0.374448	-0.000907	1.557687	-0.002278	0.283482
1.210183	0.357097	0.007153	1.272288	0.002607	0.254420
1.746633	0.433677	-0.008758	1.668527	-0.007524	0.347121
2.317827	0.515973	-0.004523	2.572701	-0.005621	0.517042
1.265597	0.351833	-0.000289	1.185475	-0.001191	0.244906
2.509175	0.589703	-0.018646	2.734686	0.008459	0.634421
2.800122	0.584329	0.032992	2.609226	0.007908	0.643455
1.941216	0.418147	0.004359	1.553444	0.006327	0.354588
2.837719	0.602820	0.035880	2.605704	-0.001834	0.609143
1.653963	0.388821	-0.009872	1.467059	-0.004461	0.322734
1.457761	0.394096	0.001534	1.436901	-0.001422	0.296605
2.888464	0.621982	0.024426	2.871102	-0.000852	0.751084
1.216734	0.335222	0.000067	1.120565	-0.000296	0.228288
1.526301	0.380087	-0.003035	1.626891	0.002347	0.288078
1.440134	0.414823	0.021335	1.610000	0.034548	0.346030
2.069725	0.453481	0.012137	1.886367	0.007826	0.399928
3.245953	0.722348	0.032659	3.479819	-0.015990	0.827448
1.183381	0.354107	-0.001765	1.361201	-0.002500	0.247456
1.111242	0.332947	0.000101	1.111800	0.000026	0.223423
1.417178	0.389332	0.002710	1.603688	-0.000524	0.288350
2.509918	0.521957	-0.011851	2.564662	0.024846	0.517380
2.458869	0.567951	-0.018944	2.602007	-0.034521	0.609551
1.156286	0.343217	-0.000445	1.149596	0.000023	0.233847
2.243448	0.526508	-0.018011	2.320699	-0.014903	0.528508
1.750293	0.425244	-0.004047	1.848923	-0.013818	0.353876
1.526025	0.378215	0.000972	1.635925	-0.001737	0.290434
2.226914	0.495027	0.007168	2.364536	-0.001358	0.465598
1.517076	0.402504	-0.006732	1.473110	-0.002662	0.320430
1.574345	0.405218	0.003488	1.596170	-0.007181	0.317030
2.244811	0.519678	0.002211	2.150575	-0.004397	0.480540
1.896343	0.449203	-0.012256	1.936778	-0.010453	0.394426
1.949122	0.495297	0.007833	2.450820	-0.008040	0.477311
3.102238	0.572926	-0.008216	2.742632	-0.013682	0.579137
2.665903	0.589272	-0.024905	2.835109	-0.009902	0.621182
1.300213	0.332850	-0.000851	1.113729	-0.000163	0.227499
1.785187	0.443470	0.021424	1.943362	0.030430	0.375317
2.070956	0.453663	-0.009823	1.920184	-0.006673	0.406401
1.527098	0.396800	0.003430	1.664237	-0.006223	0.308094
1.334221	0.373839	0.000057	1.538671	-0.002586	0.275759
2.297529	0.522597	-0.000455	2.322516	0.028815	0.480213
2.054187	0.471279	-0.000402	1.967704	0.017478	0.421878
1.203734	0.345129	0.000605	1.166859	-0.000114	0.243345
3.141767	0.651424	0.003141	2.991050	0.011772	0.747127
2.062394	0.475869	-0.003900	1.947451	0.017687	0.435857
2.123421	0.501582	0.009053	2.300995	-0.000401	0.470387
2.955181	0.631660	0.035958	3.084310	0.005864	0.704665
1.228833	0.356239	-0.000946	1.235490	0.000164	0.253990
1.778605	0.404022	-0.007200	1.789434	-0.002733	0.319956
1.275234	0.348659	-0.001321	1.349015	0.000404	0.246338
1.645387	0.393771	-0.012456	1.500838	-0.006965	0.315484
1.209674	0.337053	0.000215	1.125223	0.000006	0.228294
1.754637	0.443398	0.010302	1.902828	0.007387	0.383989
1.678140	0.408828	0.004862	1.652798	0.008811	0.338518
1.111131	0.333036	-0.000002	1.111052	-0.000014	0.223114
1.362384	0.367974	0.001279	1.446601	-0.001065	0.268491
2.281687	0.489008	0.009782	2.346782	0.018199	0.445163
1.098898	0.329669	-0.000000	1.098898	-0.000000	0.219780
1.407917	0.360236	0.004284	1.299636	0.000020	0.261014
1.920058	0.449199	0.001331	1.926308	-0.024294	0.403541
1.136303	0.339941	0.000005	1.136565	0.000269	0.230256
1.192322	0.334035	-0.000254	1.190271	0.000272	0.233865
2.035261	0.484816	0.024692	2.341267	0.016781	0.437604
1.190763	0.338875	-0.000381	1.139169	0.000003	0.233741
1.173017	0.339008	0.000036	1.147306	-0.000099	0.229952
1.450509	0.393559	0.004291	1.590832	-0.002779	0.306009
1.502601	0.377020	-0.000599	1.543808	0.001362	0.305291
2.953090	0.616528	-0.007312	3.126060	-0.018521	0.686723
2.342134	0.548518	0.010675	2.444296	0.004716	0.538442
1.745866	0.443911	-0.006976	1.753179	0.029053	0.397608
3.013005	0.641524	-0.024627	3.086775	0.027958	0.697421
2.087182	0.493096	0.017682	2.323092	0.025021	0.463037
2.581818	0.569908	-0.011054	2.852995	0.020766	0.594124
2.417249	0.549621	-0.039791	2.421152	0.006897	0.569749
1.414426	0.381319	0.000807	1.432781	-0.004602	0.290583
2.046360	0.465044	-0.005208	2.042899	-0.003516	0.404720
1.285014	0.366376	0.004119	1.349292	0.009781	0.265862
1.978217	0.443956	0.007693	1.940557	-0.007467	0.366119
1.111765	0.332753	-0.000036	1.113438	-0.000028	0.224317
1.183339	0.332723	0.000982	1.178006	0.000406	0.227361
2.222851	0.483011	0.004711	2.258131	0.008778	0.421846
1.376824	0.355687	-0.002154	1.248477	-0.003423	0.255199
2.827652	0.591950	0.002668	2.750219	0.003886	0.605337
1.098898	0.329669	-0.000000	1.098898	-0.000000	0.219780
1.648250	0.396279	-0.003381	1.790599	-0.008002	0.324353
2.679911	0.531745	-0.005280	2.760257	-0.009916	0.524220
3.486258	0.687313	-0.000941	3.214758	-0.010317	0.789791
1.874771	0.420673	0.005476	1.665599	-0.010459	0.360112
1.749608	0.416791	0.008991	1.692786	0.005505	0.349245
2.023393	0.475903	0.029799	2.053318	0.004334	0.495211
1.152038	0.342829	-0.000868	1.152553	0.000716	0.234812
2.530398	0.561966	0.000470	2.566634	-0.028948	0.552744
2.174411	0.500337	0.028084	2.098507	0.025450	0.460345
2.517535	0.506291	0.023787	2.310127	0.016207	0.483414
1.143943	0.335408	0.000179	1.211493	0.000662	0.229060
1.447869	0.383253	0.001436	1.566989	0.000554	0.286845
1.547841	0.387500	0.007766	1.512912	0.006090	0.311389
1.192202	0.349524	-0.002937	1.194143	-0.000603	0.246183
1.115815	0.332165	0.000182	1.139516	0.000336	0.226644
1.423090	0.382553	-0.005073	1.662451	-0.006049	0.290774
1.552602	0.381139	0.002833	1.525336	-0.006176	0.293704
3.208236	0.674544	-0.016558	3.288510	-0.014318	0.764899
2.812302	0.567633	-0.000344	2.566881	-0.002702	0.555814
3.088121	0.608401	-0.033072	3.207108	-0.023357	0.679181
1.313694	0.381393	-0.003856	1.425594	-0.010869	0.295989
3.196544	0.624545	0.021925	2.593585	0.014589	0.681139
1.342536	0.368546	0.035661	1.474763	0.026290	0.296659
1.269401	0.363092	0.000464	1.491028	0.001014	0.261671
1.626132	0.420551	-0.002114	1.667367	-0.020065	0.358410
2.358116	0.503594	-0.002173	2.481569	0.014228	0.472331
1.641505	0.408561	-0.002225	1.620764	-0.005362	0.317790
2.953723	0.603379	-0.003555	2.766568	0.039229	0.627624
1.393636	0.403089	-0.004832	1.695475	-0.007255	0.322361
1.641272	0.417862	0.027357	1.740450	0.034503	0.359132
1.225767	0.338057	0.000541	1.129961	0.000803	0.230479
2.681154	0.536657	-0.007769	2.560858	-0.025321	0.499474
1.668954	0.388639	-0.002650	1.562758	0.000648	0.293664
1.998157	0.454318	0.015798	1.914705	0.031721	0.423928
2.473760	0.551081	0.029119	2.613556	0.001794	0.527904
1.372295	0.349513	-0.000724	1.185776	0.000431	0.246341
3.035036	0.628583	0.019865	3.212385	-0.011653	0.657585
2.186188	0.489903	0.018559	2.060540	0.002649	0.438148
1.391247	0.350235	-0.031239	1.190536	-0.015852	0.270893
2.244203	0.484602	-0.017628	2.405605	-0.002598	0.492855
1.571651	0.434126	0.001797	1.969498	0.010657	0.347843
1.823189	0.437413	0.039569	2.113268	-0.016653	0.390447
1.685821	0.380297	0.000949	1.527312	-0.002034	0.290539
1.845052	0.432240	0.007010	1.682874	-0.012696	0.359875
2.641449	0.627225	0.010420	3.225970	0.008585	0.697015
2.337734	0.526190	0.009146	2.277418	0.013836	0.493622
1.761645	0.450449	-0.011057	1.690756	-0.005704	0.378109
1.928922	0.452826	-0.007535	1.836181	-0.016838	0.411498
1.098898	0.329669	-0.000000	1.098898	-0.000000	0.219780
2.290466	0.495479	0.012567	2.262762	-0.013646	0.458587
2.589310	0.592885	0.031778	2.588107	-0.005725	0.619264
3.358702	0.693776	0.020535	3.353114	-0.002501	0.810121
1.140062	0.339074	0.000412	1.141938	0.000068	0.232363
1.794852	0.433706	-0.019453	2.066730	0.003483	0.384627
2.259749	0.503815	0.003393	2.182660	-0.027260	0.485345
3.169025	0.627893	0.026239	3.100622	-0.018801	0.706264
1.479277	0.393024	0.003774	1.461562	-0.001226	0.313752
2.983596	0.616563	-0.005391	2.860893	0.025598	0.682513
1.402712	0.364869	-0.009398	1.439404	-0.034837	0.277698
1.158313	0.343196	0.000987	1.363058	0.000970	0.241741
1.123221	0.336807	-0.000749	1.122954	-0.000419	0.227121
1.389970	0.397613	-0.018377	1.947082	-0.011499	0.336753
1.913701	0.431891	-0.007178	1.790868	-0.021449	0.370291
1.873118	0.467427	0.002357	2.266718	-0.008021	0.408255
2.109804	0.487661	-0.009727	2.510544	0.030585	0.468208
1.121383	0.334643	-0.003729	1.121198	-0.003506	0.228204
2.903642	0.576284	0.005842	2.913303	-0.003698	0.581799
1.871249	0.412938	0.001405	1.864456	-0.003752	0.334119
1.615671	0.417275	0.029249	1.695244	0.023599	0.368404
1.218909	0.343913	-0.019862	1.161293	-0.005516	0.244316
1.704124	0.415081	0.024533	1.670449	0.001058	0.340927
1.997550	0.469738	0.000187	2.252552	-0.002758	0.409558
1.139799	0.341058	0.000326	1.208450	-0.000047	0.231232
2.653454	0.546543	-0.010167	2.587731	-0.004703	0.565892
2.785732	0.635602	0.010182	3.146322	0.036226	0.672339
1.715162	0.421086	-0.019495	1.672977	-0.018435	0.348085
2.333856	0.522176	-0.008981	2.399939	0.037773	0.507485
3.207382	0.624443	0.001532	2.771263	-0.014551	0.670609
2.684299	0.552004	-0.037458	2.527873	-0.007271	0.566937
1.110888	0.333074	-0.000006	1.110900	0.000009	0.222970
1.881876	0.431039	-0.002860	1.959454	-0.014516	0.379272
1.260961	0.350146	-0.006131	1.220754	-0.003803	0.251247
1.730510	0.400665	-0.005864	1.518817	0.001461	0.312515
2.582752	0.571544	-0.001894	2.968365	0.016409	0.595520
2.220197	0.510996	0.023129	2.263496	0.027769	0.505998
1.480693	0.410555	0.035698	1.758679	-0.002765	0.357270
2.360494	0.509052	-0.029386	2.191997	-0.033299	0.509378
2.118688	0.499048	-0.007475	2.195038	0.001521	0.464759
1.439785	0.397931	-0.001014	1.462581	0.003125	0.311734
3.403834	0.717884	0.001918	3.824489	0.005721	0.846436
1.409215	0.378110	0.003173	1.697930	0.012714	0.293010
1.533167	0.368890	-0.012317	1.608281	-0.000231	0.289965
1.603554	0.426871	0.016750	1.608778	0.005377	0.348086
1.851584	0.460342	0.006894	1.968128	0.007366	0.397694
1.284549	0.357621	-0.009508	1.286356	-0.006787	0.261312
2.914795	0.612759	0.023789	3.292071	0.013067	0.636434
2.054084	0.460058	-0.034472	2.129067	-0.026548	0.426103
1.508685	0.387064	-0.002486	1.533633	-0.014711	0.304663
1.673376	0.412803	-0.008744	1.553473	-0.007922	0.355317
1.461696	0.388681	0.001189	1.751139	-0.021206	0.305705
2.383360	0.509160	-0.004428	2.061686	-0.027428	0.468687
2.393608	0.502376	-0.021104	2.467322	0.034173	0.497608
2.587415	0.563767	-0.014634	2.550241	-0.026852	0.586616
2.714894	0.608767	-0.006221	2.794507	-0.005080	0.671631
1.785638	0.447093	-0.001106	1.933223	0.016693	0.378268
1.545653	0.382568	-0.004248	1.411230	-0.005093	0.289471
1.308679	0.368407	-0.004276	1.337159	-0.005510	0.268772
2.912564	0.607743	-0.006495	2.925277	-0.008733	0.650317
1.747090	0.420415	-0.006470	1.848554	-0.014774	0.342205
1.990636	0.450806	0.033887	2.268195	-0.026384	0.427173
2.441276	0.554103	-0.035082	2.445877	-0.034825	0.536633
2.309094	0.521318	0.014622	2.244853	0.019776	0.492427
1.365943	0.379126	0.037108	1.457047	0.016737	0.318517
1.492648	0.384790	0.003367	1.364727	0.005347	0.288038
1.847365	0.439170	0.011007	1.775832	0.007608	0.378162
2.546718	0.573220	0.015071	2.809105	0.012629	0.563466
1.729474	0.427005	0.013305	1.771206	0.039494	0.385003
1.459185	0.361500	-0.020532	1.224410	-0.003662	0.264707
2.866914	0.583624	0.012756	2.880710	0.004244	0.627621
1.836840	0.453233	-0.019624	1.890360	-0.020245	0.401206
2.436702	0.496465	0.012220	2.043334	0.016265	0.479968
3.008146	0.646567	-0.005482	3.325609	-0.014265	0.699552
2.178064	0.473604	0.014347	2.128221	0.005312	0.455014
2.694177	0.591652	0.016108	2.720621	0.021982	0.597444
2.102289	0.471842	0.010802	2.229729	0.015493	0.429513
3.044631	0.613588	0.000949	2.867489	0.011523	0.663117
2.523046	0.555264	-0.004357	2.438677	0.008348	0.598310
1.600945	0.386673	0.000728	1.503061	0.003174	0.297220
2.115922	0.518440	-0.027997	2.166443	-0.028306	0.497324
1.362431	0.397065	-0.003451	1.554834	-0.007155	0.298555
1.566737	0.409581	0.004231	1.594718	-0.005089	0.311984
2.283888	0.528876	0.002182	2.447552	-0.033064	0.515160
1.151017	0.342823	0.000132	1.150954	-0.000005	0.234260
3.208273	0.626014	0.034366	2.857305	0.001564	0.686621
1.728336	0.440470	-0.001883	1.965655	-0.003437	0.375170
1.585786	0.392998	-0.010068	1.465886	-0.021041	0.309406
1.725986	0.420488	-0.015602	1.854933	-0.022735	0.358930
1.422896	0.383410	-0.002334	1.659941	-0.001014	0.293282
1.979186	0.467652	-0.006030	2.023738	-0.004919	0.401588
1.976967	0.425813	0.000153	1.799835	0.015349	0.364835
2.975521	0.594772	0.002152	2.599730	0.026488	0.599555
1.495741	0.390297	0.002931	1.435499	0.000105	0.300529
2.148445	0.504024	-0.019204	2.445224	0.000085	0.471487
3.087361	0.614947	0.032773	3.161512	0.038814	0.656039
2.779307	0.596055	-0.006025	3.003937	0.019599	0.651468
1.208755	0.356893	-0.000162	1.381713	0.000385	0.255025
1.341283	0.364206	0.001998	1.282409	0.003650	0.259753
2.388404	0.555192	0.001091	2.475523	0.013044	0.541468
2.455267	0.511165	0.030666	2.435972	0.001004	0.487888
1.685286	0.423067	-0.003063	2.003636	-0.018221	0.356322
1.635924	0.400879	-0.020734	1.586171	-0.031722	0.336086
1.261952	0.352911	0.002456	1.258946	0.000267	0.250930
1.359518	0.391677	-0.011798	1.435141	0.021071	0.317378
2.767863	0.613282	-0.029594	3.043152	0.031060	0.676057
2.557124	0.541018	-0.040268	2.315447	-0.021396	0.535445
1.900619	0.461520	0.002392	1.856760	-0.006536	0.387495
2.707889	0.642171	-0.000777	2.951276	0.002822	0.667640
1.627840	0.370154	-0.000625	1.455701	-0.014955	0.300420
1.610260	0.425665	-0.000473	1.675763	-0.001838	0.353120
3.455343	0.658923	-0.016991	3.207405	-0.016505	0.738280
2.410559	0.534938	0.020558	2.237529	0.009031	0.544172
2.558905	0.545876	0.009668	2.444593	0.004010	0.528837
2.267732	0.537628	-0.019761	2.467174	-0.031758	0.524099
2.060703	0.462665	-0.004715	2.079394	-0.013330	0.423187
2.745186	0.566469	-0.017415	2.522956	-0.013593	0.583969
2.861686	0.599381	0.018654	2.442792	0.011603	0.617907
3.140729	0.645241	0.017691	3.036352	0.008644	0.731591
1.197803	0.351437	0.006414	1.413561	0.009717	0.278764
3.259337	0.697524	0.004867	3.176877	-0.025363	0.825735
1.523173	0.381575	0.004358	1.401474	0.000464	0.282731
1.847321	0.428575	0.019110	1.847227	0.006020	0.382771
2.921888	0.579931	-0.005106	2.864728	0.009326	0.594009
3.153006	0.659852	0.007407	3.407818	0.010868	0.768523
2.933098	0.633662	0.011298	3.261400	-0.039549	0.696954
2.664131	0.549556	0.006895	2.715500	-0.024921	0.569586
3.291248	0.688137	-0.001283	3.270392	-0.022532	0.780943
2.762996	0.585645	-0.005686	2.725588	-0.020031	0.615270
1.098898	0.329669	-0.000000	1.098898	-0.000000	0.219780
1.595270	0.432044	-0.008738	1.854169	-0.019631	0.339747
1.649481	0.419643	0.005688	1.633518	-0.006738	0.337118
1.939005	0.438879	-0.014999	1.993504	-0.026733	0.382733
1.449289	0.379382	0.001774	1.509842	0.004471	0.299335
2.860364	0.581174	-0.001732	2.727808	0.011823	0.631376
2.561428	0.536920	-0.005238	2.626568	0.014483	0.572254
1.111347	0.333035	-0.000017	1.111174	0.000010	0.223266
1.147461	0.343765	0.000763	1.369451	0.006374	0.238920
2.597414	0.596982	0.002369	2.880414	0.001771	0.607249
2.347203	0.505458	0.005956	2.346179	-0.002831	0.456642
2.597850	0.519967	0.028085	2.557204	0.001003	0.514434
1.532510	0.390396	0.001575	1.694768	0.004838	0.316807
1.896290	0.468345	-0.010342	1.955036	-0.001850	0.411193
1.552919	0.391015	-0.001335	1.590660	0.004630	0.302621
3.340209	0.650487	0.009206	3.231676	0.031502	0.731826
1.806525	0.406609	-0.001721	1.590108	0.005783	0.322722
1.758121	0.411398	-0.002152	1.813491	-0.002666	0.344626
2.022743	0.448369	0.000353	1.872070	0.004344	0.369317
3.146567	0.703066	-0.016856	2.784332	0.031288	0.735797
2.297136	0.505924	-0.012561	2.317717	-0.014862	0.474257
2.030295	0.466953	-0.002048	2.195669	0.001577	0.452598
2.699015	0.565246	0.009549	2.952380	0.018015	0.594412
1.720367	0.415700	0.016182	1.853443	-0.005237	0.361029
3.094779	0.621411	0.023454	3.166218	-0.028490	0.672006
2.411871	0.502407	0.030413	2.437723	0.033845	0.497184
2.749814	0.568083	0.033519	2.897721	0.023269	0.591090
2.141232	0.457815	-0.023198	2.047735	-0.018586	0.391716
1.648739	0.429053	-0.003927	1.799154	-0.010407	0.376446
2.651081	0.545673	-0.016407	2.645662	-0.025626	0.554343
2.745379	0.552752	-0.009675	3.035822	0.030117	0.575548
3.162904	0.595989	0.004597	3.020452	-0.018170	0.645270
2.916466	0.553571	0.022190	2.554150	0.010659	0.566034
3.010735	0.685743	0.030791	3.063026	0.015207	0.782328
2.687951	0.586414	0.011035	2.716632	0.016735	0.607253
2.041371	0.465723	0.000607	2.067707	0.006375	0.405938
3.211976	0.669677	0.018046	3.515981	-0.003591	0.740935
3.219557	0.607896	0.035486	3.266517	-0.012641	0.687842
2.740470	0.601735	-0.000194	2.655768	-0.016587	0.635770
2.656099	0.562807	0.016393	2.688134	0.006705	0.567066
2.701068	0.594325	-0.013961	2.751385	-0.009074	0.645554
2.599820	0.550790	0.021573	2.467613	0.004236	0.544487
2.734581	0.606764	0.000317	2.787736	0.023003	0.618606
2.648436	0.552430	-0.023764	2.460298	-0.018613	0.579575
2.606734	0.544492	-0.033392	2.633454	-0.014453	0.574267
1.539398	0.388037	-0.005467	1.464266	-0.002863	0.304993
3.052885	0.637690	0.034677	2.644275	-0.001479	0.670095
1.232801	0.357840	-0.006513	1.281022	-0.000305	0.250925
3.158654	0.612259	-0.032269	3.281588	0.007019	0.699647
2.988035	0.561798	0.031872	2.741939	0.018411	0.582082
2.198713	0.479904	0.013455	2.426513	0.024328	0.443988
1.900883	0.452245	-0.006869	1.687487	-0.015625	0.373296
3.064948	0.640459	0.001717	2.926355	-0.017014	0.699136
1.858901	0.443739	0.031852	1.848607	-0.002635	0.404753
2.513096	0.533425	-0.005089	2.233728	0.011744	0.527107
1.124044	0.336450	0.000096	1.124365	0.000016	0.226962
2.577275	0.549929	-0.022554	2.605556	-0.000820	0.532809
1.952279	0.416330	-0.037050	1.784412	0.013135	0.375652
2.523694	0.521301	0.002059	2.091163	0.027091	0.490225
1.847071	0.455116	-0.003114	1.940946	-0.008069	0.393947
2.623374	0.548108	-0.013259	2.331584	0.004574	0.570235
2.495630	0.591415	-0.020263	2.821915	0.017218	0.616252
2.188293	0.494887	-0.004540	2.473296	-0.015467	0.459903
1.796721	0.448026	-0.033794	1.960948	-0.030777	0.407084
2.220897	0.480435	0.018283	2.331771	0.012169	0.440073
1.211125	0.360402	0.003915	1.275611	0.001616	0.254547
3.037434	0.632128	-0.008354	3.212533	-0.005068	0.696060
3.294472	0.689246	-0.021840	3.434160	-0.022931	0.823400
1.674268	0.400062	0.000907	1.449673	-0.007204	0.307843
1.644283	0.392363	0.022773	1.609148	0.019535	0.330469
2.213658	0.468525	0.002024	2.322973	-0.017886	0.416251
1.553841	0.397868	0.023857	1.491389	0.002745	0.306802
2.074533	0.511914	-0.009141	2.279873	0.007366	0.488687
2.116735	0.478952	0.003047	2.352980	0.009021	0.452360
1.911089	0.449544	0.014274	2.114943	-0.004957	0.380844
1.750173	0.404437	-0.000517	1.850863	-0.000587	0.321166
2.778864	0.562907	0.006754	2.642616	0.005576	0.548253
2.840715	0.560125	0.002827	2.596650	0.020345	0.570185
3.436121	0.670989	-0.004465	3.018201	-0.024553	0.758931
1.890556	0.417908	-0.008392	1.857149	-0.002248	0.354327
1.098898	0.329669	-0.000000	1.098898	-0.000000	0.219780
2.456287	0.533113	0.002038	2.327139	0.001256	0.522538
1.253308	0.360263	0.002781	1.354006	0.001830	0.257722
1.402067	0.373874	-0.015647	1.470541	-0.032721	0.300809
1.993966	0.457743	-0.006143	1.729247	-0.004988	0.384247
2.600726	0.572028	-0.001699	2.521140	-0.001239	0.604356
1.124051	0.336287	0.000222	1.125240	-0.000009	0.227257
1.772573	0.430999	-0.019594	1.808082	-0.022182	0.366457
2.291033	0.537136	-0.024397	2.473689	-0.006679	0.504050
1.962431	0.480868	0.021188	2.049218	-0.018321	0.433786
2.756070	0.591222	0.019648	2.904633	-0.027409	0.632202
3.060291	0.649327	0.039326	3.311867	0.025326	0.738679
1.490661	0.399823	-0.004812	1.672969	0.006148	0.322418
1.796568	0.405281	-0.006935	1.647837	-0.003652	0.331756
2.381090	0.543238	0.008335	2.517834	-0.002750	0.528055
3.815380	0.711943	-0.001148	3.536851	-0.002465	0.854284
1.676436	0.429212	0.008503	1.562662	0.000407	0.341996
2.835687	0.599311	-0.032280	2.617195	0.004253	0.646914
1.680928	0.410396	0.004124	1.618983	0.006613	0.321321
2.100727	0.503309	0.004161	2.258786	-0.019690	0.485508
1.478920	0.374070	0.002958	1.343762	0.001239	0.289565
3.144893	0.622904	0.016260	2.791499	0.037444	0.671343
2.180334	0.508651	0.029563	2.214717	0.019518	0.485904
2.605216	0.576207	0.003194	2.596877	-0.002209	0.600032
1.805756	0.452853	0.021121	1.903035	-0.007301	0.418428
2.640159	0.585032	-0.023136	2.815691	0.005054	0.623091
2.479675	0.568025	-0.023791	2.468110	0.020383	0.585092
2.960783	0.620970	0.029422	2.857517	0.021784	0.692615
2.341752	0.537708	-0.031734	2.296499	-0.023279	0.530564
1.518927	0.395722	0.008866	1.702949	0.016641	0.317109
1.382766	0.370217	0.002117	1.471505	0.000676	0.268569
3.145354	0.641249	-0.014311	3.214253	0.002643	0.723513
2.888573	0.626362	-0.013431	2.782042	0.001034	0.664260
2.841186	0.605036	-0.011040	2.721512	-0.003536	0.674251
2.913238	0.545307	0.009615	2.421277	-0.025739	0.554806
2.616851	0.558723	0.028758	2.845565	0.036520	0.555259
1.907585	0.431586	-0.017142	1.840052	0.000059	0.381510
1.260204	0.355035	0.002009	1.282344	0.000034	0.250960
2.915606	0.617505	-0.008767	3.428691	0.019292	0.694269
2.949733	0.573745	-0.017405	2.962627	0.001596	0.576805
1.300664	0.357537	0.031267	1.217508	0.016497	0.276692
3.036523	0.593182	0.011378	2.893287	-0.007579	0.633311
2.753885	0.596045	0.032058	2.964310	-0.027642	0.675401
3.473294	0.672782	0.016589	3.199184	-0.038123	0.813000
1.150339	0.344177	0.001120	1.223997	0.000612	0.236334
2.999607	0.624273	0.025144	2.845460	0.011614	0.693327
1.211646	0.356957	0.015814	1.332822	0.016040	0.262782
2.983023	0.594091	0.019581	2.559370	0.003932	0.618357
1.713832	0.429802	0.025179	1.718184	0.005359	0.378596
1.917903	0.460889	0.028298	2.092921	0.008944	0.411535
1.809234	0.465476	0.013011	1.912337	0.019160	0.393565
2.293090	0.502954	-0.004544	2.032714	-0.008325	0.495481
1.594277	0.410220	-0.014781	1.619498	-0.035810	0.351965
3.199467	0.619226	-0.000531	3.032461	0.015264	0.684629
1.410700	0.373145	0.001600	1.347188	0.009515	0.274902
1.210096	0.357698	-0.001660	1.458230	0.001302	0.251757
3.005617	0.623450	-0.013414	2.782721	0.006748	0.670919
1.961899	0.444898	-0.002642	1.911835	0.006351	0.383918
2.225980	0.495320	-0.035906	1.927432	-0.023749	0.465006
1.862390	0.473754	0.002844	1.940776	0.016271	0.419481
2.509733	0.552317	-0.009775	2.542953	-0.009507	0.536491
1.582215	0.383786	0.021311	1.396552	0.001699	0.294262
1.595108	0.420764	0.003466	1.697696	0.007602	0.340081
1.653827	0.409598	-0.000673	1.618970	-0.001310	0.324080
1.695367	0.388389	0.017336	1.498544	0.000236	0.308858
1.683554	0.415203	0.012848	1.771793	0.035954	0.347737
2.355758	0.507586	-0.007412	2.476910	-0.009737	0.492801
3.032402	0.611042	-0.024792	2.968979	-0.018572	0.651608
2.552257	0.554166	-0.033962	2.349278	-0.021646	0.559728
1.129880	0.333223	-0.000049	1.111539	0.000007	0.223318
1.840234	0.441048	-0.004161	1.866865	0.000521	0.380506
1.746568	0.398453	-0.000906	1.647932	0.011115	0.312587
1.252465	0.358233	0.000573	1.211724	0.001778	0.251096
1.968974	0.504298	0.003603	2.196647	0.005056	0.460584
2.233393	0.488114	-0.008977	2.023759	0.017661	0.497499
1.629697	0.388777	0.010308	1.629723	0.027868	0.326910
1.989697	0.464231	-0.007855	1.929088	0.002855	0.424789
1.123183	0.336371	-0.000117	1.124677	0.000462	0.226531
1.438549	0.400808	-0.003237	1.753561	-0.007521	0.311630
1.268902	0.368485	-0.007988	1.248675	-0.002689	0.268965
2.344861	0.542028	-0.023162	2.304763	-0.006236	0.540666
3.006811	0.649627	-0.010043	2.879966	-0.022019	0.696278
3.290951	0.658152	0.003075	3.065176	-0.035134	0.746544
2.154605	0.479510	-0.000681	2.061116	-0.019046	0.470781
1.835705	0.472231	-0.004436	2.249821	-0.022830	0.415236
3.155768	0.657629	0.017023	3.042550	0.033221	0.747896
1.399707	0.384742	0.005612	1.535277	0.014718	0.293799
2.745739	0.596026	0.009077	2.449791	0.038078	0.609046
1.745587	0.400647	-0.016770	1.746621	-0.012727	0.322596
1.222697	0.359409	-0.001828	1.291897	-0.001386	0.255774
2.041671	0.426988	-0.003171	1.694684	-0.001337	0.350698
2.703535	0.580897	-0.029376	2.844894	0.009250	0.610249
2.859195	0.638195	0.017185	3.296974	0.019793	0.685851
2.060582	0.440921	-0.002081	1.746200	0.013974	0.363219
1.589172	0.411599	0.023817	1.633454	0.016123	0.332656
1.921567	0.480078	0.010686	2.136231	0.000471	0.415268
1.996171	0.420961	0.001876	1.876517	0.000369	0.369609
1.417988	0.392288	-0.006614	1.548093	-0.006246	0.293521
2.254998	0.471704	-0.004584	1.955670	-0.025582	0.439985
1.376672	0.365068	-0.000985	1.484022	0.000587	0.273009
2.831689	0.616548	0.002469	2.872990	-0.022603	0.657066
1.305288	0.353498	0.001014	1.292289	0.000458	0.252835
1.893544	0.423659	-0.002059	1.721416	-0.008019	0.351861
3.442524	0.649465	-0.009196	3.092454	-0.012642	0.746058
2.020728	0.446610	-0.014357	2.079025	-0.014737	0.375996
2.820004	0.592885	0.000440	2.745389	0.005542	0.624909
1.996405	0.483588	-0.010527	1.925050	-0.018558	0.422243
2.627163	0.540467	-0.035803	2.591670	-0.035606	0.563003
2.642866	0.576179	-0.031764	2.648888	-0.011362	0.601712
3.268229	0.637218	-0.034871	3.059680	-0.009470	0.690973
2.193779	0.473436	-0.037978	1.858800	0.008679	0.434999
1.148198	0.344255	0.001386	1.148208	0.001886	0.234733
3.225735	0.678338	0.011854	3.217946	0.014362	0.723357
3.249949	0.589048	-0.012718	2.899902	0.026474	0.657622
1.359278	0.386556	0.004331	1.760456	0.033143	0.304603
2.438250	0.502177	0.008806	2.462212	0.012064	0.462249
1.331190	0.365631	-0.000543	1.381391	0.000727	0.266446
2.152122	0.452320	0.032905	1.965814	0.003164	0.442687
1.330347	0.362592	0.001612	1.436347	0.000157	0.268529
1.348602	0.356091	-0.004214	1.293583	0.001028	0.263133
1.835795	0.415785	0.021847	1.812089	0.001493	0.355602
2.105378	0.512916	-0.022176	2.386653	-0.012184	0.499533
3.022345	0.603394	-0.021811	2.784169	-0.028800	0.658977
2.181361	0.497789	0.005848	2.127501	-0.015865	0.447793
3.218076	0.657290	0.010088	3.116543	-0.038696	0.759712
1.813922	0.441623	0.013481	1.714790	0.024859	0.370412
2.782419	0.609710	0.022572	2.878667	-0.002965	0.625930
1.258660	0.352865	0.000498	1.317591	0.000777	0.253617
1.931815	0.446965	0.008364	1.773875	0.010655	0.364923
2.688768	0.592343	0.031407	3.067867	0.011297	0.626651
1.761412	0.432590	0.015980	1.937703	0.011492	0.365541
1.909576	0.437039	-0.019850	1.567804	-0.012191	0.381164
2.777692	0.565616	0.026672	2.414816	0.023923	0.553705
2.352126	0.530105	-0.016831	2.488310	-0.014412	0.501874
1.151282	0.343695	-0.001144	1.152233	-0.002362	0.236594
2.760662	0.570968	-0.020886	2.634281	-0.006113	0.579169
3.544063	0.707077	-0.001223	3.228871	-0.001770	0.790824
2.844093	0.643729	0.018439	2.950813	0.002574	0.706006
2.291111	0.500159	0.005516	2.117149	-0.009708	0.465213
3.199487	0.646315	-0.021732	3.206727	-0.015889	0.750984
2.034654	0.472099	0.016367	2.251214	0.038734	0.449815
2.604494	0.575652	-0.016247	2.740160	-0.035488	0.572420
1.870494	0.418973	-0.002460	1.674082	0.002889	0.342793
1.613680	0.401736	0.010300	1.591620	0.002943	0.311287
1.578406	0.390409	-0.000406	1.584376	-0.002753	0.298935
1.784150	0.410539	-0.002155	1.647711	-0.004523	0.334175
1.947370	0.448374	0.002494	1.859503	-0.009462	0.377754
1.894301	0.456280	-0.014759	1.867536	-0.020092	0.401799
1.305728	0.378781	-0.007110	1.397581	-0.012471	0.280375
1.313469	0.360952	-0.000194	1.300743	-0.002454	0.256121
1.598163	0.388193	-0.009298	1.477345	-0.009136	0.307725
1.282079	0.356926	0.000766	1.294373	-0.001649	0.249692
2.606721	0.529619	0.000567	2.605731	-0.000964	0.534380
2.954610	0.643624	0.000199	3.357626	-0.000710	0.705497
1.098898	0.329669	-0.000000	1.098898	-0.000000	0.219780
2.134647	0.458865	0.004965	2.014143	0.011039	0.408793
1.878733	0.456554	-0.010205	2.124037	-0.007815	0.421165
1.347469	0.380012	0.004236	1.385741	-0.002477	0.277775
2.176459	0.489538	0.007013	2.076761	-0.030546	0.467954
1.635382	0.446234	0.013507	1.863670	0.012032	0.377550
1.634148	0.380479	-0.006416	1.466635	0.004179	0.299717
2.517319	0.564194	0.024689	2.688373	0.004525	0.580951
1.429806	0.372512	0.002980	1.352143	0.002761	0.273741
3.160086	0.631110	0.022669	3.020669	0.035245	0.676766
3.390932	0.669712	0.007043	3.498583	0.023814	0.802094
1.749425	0.416556	0.002199	1.641413	0.007585	0.323883
1.422587	0.379400	0.009266	1.348626	-0.000122	0.280113
1.335751	0.356939	-0.001096	1.375317	-0.001813	0.252119
1.212871	0.354455	0.002751	1.343779	0.001122	0.251750
2.238507	0.505228	0.003143	2.166853	0.035427	0.494069
1.508615	0.372713	0.003267	1.536142	0.018421	0.300276
2.296379	0.507268	0.002880	2.426325	0.022543	0.473087
3.607077	0.718390	0.001911	3.432312	0.008613	0.846681
1.268162	0.355371	0.000192	1.362733	-0.005317	0.252257
2.469404	0.549582	-0.003439	2.468227	0.029781	0.539177
3.162011	0.625507	-0.029281	2.926477	-0.032825	0.705289
3.138611	0.634642	-0.009654	3.032552	-0.016386	0.694834
2.228120	0.509407	0.009974	2.161526	0.000052	0.477167
3.095570	0.655426	0.003586	3.003241	-0.004625	0.731025
2.582965	0.603128	0.011618	2.797041	-0.013792	0.652613
2.439444	0.554119	-0.018048	2.785239	-0.020121	0.559571
2.299412	0.509973	0.000843	2.346778	0.021349	0.475727
1.860511	0.436481	0.021366	1.865511	0.031825	0.400557
3.074293	0.671672	-0.000942	3.129552	-0.001828	0.761882
2.148866	0.488171	-0.009108	2.208610	-0.002734	0.443786
3.010605	0.599744	0.002719	2.765238	0.007939	0.639626
2.511432	0.568784	0.014546	2.787111	0.018613	0.608985
2.549727	0.583383	-0.012529	2.640145	-0.031377	0.580478
2.280467	0.454433	0.001163	1.854715	-0.008060	0.391546
3.023220	0.648748	0.009880	3.221010	0.015093	0.755106
3.303220	0.668770	0.016651	3.195875	0.012967	0.795147
3.008908	0.647426	0.019375	2.730767	0.007674	0.676454
2.713344	0.481763	-0.004324	2.378951	-0.006933	0.501984
2.338150	0.563312	0.015405	2.620143	-0.003904	0.573423
1.191908	0.335749	-0.000666	1.151781	0.000541	0.230910
1.602462	0.373376	0.006973	1.275500	0.002913	0.276236
2.270567	0.486170	0.032083	2.218956	0.000968	0.484022
2.351485	0.490675	0.025337	2.152395	0.032000	0.468845
1.134732	0.333503	0.000212	1.111662	0.000036	0.223354
2.592357	0.566518	-0.000126	2.881456	0.025338	0.578389
2.408920	0.544363	0.000755	2.291187	-0.024792	0.526131
1.811301	0.414066	0.006362	1.529433	-0.000633	0.336047
1.593346	0.432282	0.004207	1.924751	-0.020387	0.357430
2.195601	0.491777	-0.011587	2.123438	-0.033040	0.456631
2.792079	0.626902	-0.023131	3.064358	-0.017586	0.718181
2.944753	0.613312	-0.028897	2.936563	0.001585	0.634623
1.611582	0.428132	0.008417	1.660527	0.006688	0.348493
1.192644	0.343494	0.000629	1.149639	-0.000030	0.233491
2.685724	0.541125	0.023842	2.412235	0.017814	0.548046
1.919564	0.454050	0.008894	1.913743	0.022312	0.407183
1.772586	0.391153	-0.016128	1.643364	-0.016159	0.311516
1.158372	0.344507	0.001301	1.318571	0.000874	0.241808
2.593530	0.576617	-0.002769	2.610424	-0.032599	0.569604
2.617473	0.517233	-0.006840	2.109592	-0.002266	0.485215
1.537622	0.391153	0.026705	1.626597	0.017558	0.312318
1.472159	0.387509	0.039421	1.387020	0.007618	0.323556
1.544536	0.397611	-0.000722	1.501958	-0.000522	0.307754
1.312503	0.364494	0.001267	1.307313	-0.001113	0.267117
1.841964	0.435473	-0.008255	1.868327	-0.012541	0.379349
1.098898	0.329669	-0.000000	1.098898	-0.000000	0.219780
1.318535	0.368580	0.004273	1.552714	-0.001229	0.272179
2.299396	0.495546	-0.031049	2.356110	0.002139	0.487651
1.798701	0.449266	0.007691	1.842827	0.005508	0.377721
1.290115	0.369775	-0.003437	1.439770	-0.015550	0.281527
2.012265	0.508467	0.018590	2.256186	-0.016515	0.482183
3.001624	0.615599	0.010221	3.066850	0.013845	0.642641
1.470692	0.398135	-0.009963	1.498535	-0.004488	0.309180
1.950613	0.437736	-0.033593	1.752808	-0.021798	0.396944
2.405613	0.519096	-0.019267	2.348271	-0.011323	0.505553
1.266320	0.345394	0.001775	1.162823	0.003251	0.238406
2.333319	0.498667	0.002553	2.214866	-0.006272	0.456619
2.151660	0.499291	0.021600	2.211360	0.025302	0.455676
2.378253	0.521979	0.011691	2.431624	0.018570	0.493996
2.222417	0.495945	0.024676	2.114226	0.012837	0.469793
1.517503	0.372049	0.012116	1.497316	0.006586	0.279830
2.440182	0.515453	0.002003	2.310702	-0.002576	0.489663
2.044896	0.464415	0.007947	2.214616	0.001688	0.428384
1.958413	0.425291	0.016828	1.660866	0.006069	0.359650
2.378976	0.512965	-0.017451	2.243345	0.006202	0.496390
2.536597	0.525674	-0.005290	2.377270	-0.022815	0.503703
1.439942	0.376103	-0.003506	1.521923	-0.007965	0.277592
2.180176	0.496576	-0.023001	2.277470	-0.035094	0.468808
3.059984	0.615812	-0.013605	2.939289	-0.018645	0.684248
1.170784	0.346781	-0.001200	1.355855	0.002083	0.243413
1.760784	0.388082	0.003229	1.499505	0.008060	0.302230
2.138198	0.476589	-0.013120	1.988773	-0.023107	0.427218
1.098898	0.329669	-0.000000	1.098898	-0.000000	0.219780
1.424252	0.376845	0.007091	1.276053	-0.000525	0.274503
2.075601	0.441101	0.014514	1.981317	0.010806	0.396746
2.660885	0.547716	0.018708	2.640644	0.007421	0.590588
2.922210	0.606468	0.000547	2.801040	-0.000844	0.657345
1.706605	0.415912	-0.013618	1.922931	-0.022080	0.346147
3.034454	0.649157	-0.006848	3.128731	0.021237	0.719420
1.678307	0.390515	0.005668	1.477137	0.023949	0.306218
3.255265	0.673209	0.022755	3.144842	0.037087	0.753223
3.332800	0.646133	0.034096	3.288564	0.019094	0.703563
1.261109	0.335318	-0.000238	1.117418	0.000058	0.225864
1.193737	0.335214	-0.003917	1.127651	-0.000754	0.235718
1.111170	0.332960	-0.000008	1.111927	0.000000	0.223434
1.628012	0.419214	0.004141	1.885838	0.005616	0.343919
2.488192	0.527109	-0.035089	2.013896	-0.018662	0.501081
1.152781	0.337047	0.000720	1.124787	0.000005	0.227192
3.176566	0.597628	0.028831	2.651590	0.010195	0.608379
1.544672	0.375160	0.001095	1.531589	0.000145	0.277875
1.505729	0.402641	0.007385	1.498351	-0.000465	0.301531
1.814436	0.407746	-0.002300	1.582128	-0.000729	0.330443
1.518834	0.391187	0.024364	1.868593	-0.011562	0.332526
2.924090	0.650805	-0.023647	3.310640	-0.022162	0.721308
1.505459	0.377900	-0.012415	1.507770	-0.003564	0.291049
2.365183	0.525290	-0.000809	2.190811	-0.008555	0.499673
1.574730	0.423237	0.005720	1.713456	-0.017823	0.358776
2.488612	0.580860	-0.027695	2.750514	-0.022814	0.571496
1.682276	0.401048	0.006874	1.647986	0.006461	0.331562
1.649458	0.387896	-0.006946	1.738756	0.001174	0.301352
2.164168	0.465836	0.008333	2.188412	0.037727	0.430449
2.795993	0.575282	-0.011935	2.656241	-0.020542	0.592836
2.193649	0.528314	-0.000841	2.508874	-0.027150	0.490864
2.161309	0.482042	0.011997	2.204270	0.016826	0.431520
1.552567	0.421485	0.002417	1.752611	0.010689	0.330613
1.934478	0.472819	-0.016343	2.040789	-0.014521	0.415473
1.976512	0.472468	-0.006584	2.009105	0.003829	0.412731
1.358279	0.387387	-0.005956	1.443300	-0.000854	0.290615
3.196536	0.673714	-0.006819	3.230105	-0.000829	0.760855
1.367085	0.361727	-0.002446	1.271057	-0.000740	0.259292
2.405563	0.520374	0.016710	2.439078	0.031455	0.501310
1.850693	0.453050	0.012161	1.704633	0.025008	0.390395
2.155742	0.508442	0.005033	2.242331	0.015862	0.490446
1.182433	0.331832	0.000313	1.108051	0.000062	0.224428
1.923835	0.464826	-0.011212	2.071457	-0.001725	0.400008
2.359569	0.527084	-0.014953	2.177159	-0.022329	0.487900
2.079829	0.513407	-0.007378	2.181907	-0.008728	0.483878
1.491579	0.408607	0.000197	1.711273	0.004874	0.316951
2.577116	0.540939	-0.020864	2.380475	-0.018287	0.548256
2.217494	0.507858	0.004281	2.074783	-0.020530	0.472535
1.422714	0.409951	-0.003793	1.722710	0.001221	0.315207
1.387636	0.358356	-0.005149	1.236989	-0.002023	0.254899
1.665968	0.414143	-0.002802	1.762862	-0.001826	0.330688
2.774595	0.589787	0.034922	2.416304	0.003024	0.618216
2.233049	0.481284	-0.005335	2.028020	0.007703	0.418697
1.628904	0.405798	0.018473	1.437405	-0.000272	0.332397
2.846862	0.595210	-0.029850	2.986565	0.025723	0.651104
2.289921	0.544232	0.007423	2.397598	0.016230	0.531314
1.163636	0.342637	-0.004644	1.254402	-0.019513	0.251037
1.707857	0.401746	0.001876	1.662149	-0.001694	0.319596
3.289877	0.696150	-0.006512	3.255277	-0.011664	0.813107
2.260556	0.503403	-0.014900	2.234606	-0.021634	0.495700
1.567991	0.375306	0.006610	1.370416	0.001558	0.285375
1.804466	0.395053	0.004647	1.474419	0.004397	0.317800
1.512503	0.373927	0.004724	1.691890	0.005370	0.298837
1.276295	0.360407	0.007309	1.274441	0.017102	0.272295
2.940733	0.586035	0.006826	2.940415	0.014964	0.627084
1.621554	0.378278	0.005515	1.598931	-0.020074	0.342598
1.345022	0.369636	0.003579	1.745268	0.020307	0.287799
3.402696	0.657886	-0.004255	3.344809	-0.023447	0.775572
2.703519	0.502957	-0.016522	2.181961	-0.020374	0.484910
2.756754	0.575154	-0.022903	2.756544	-0.031753	0.588826
1.547625	0.400457	0.000743	1.648150	0.009599	0.329335
1.684972	0.433864	0.013080	1.768615	0.016588	0.362802
2.852815	0.657571	0.014925	2.781390	0.006585	0.727733
2.834653	0.614478	0.015540	2.948476	-0.003417	0.643672
1.540583	0.388657	-0.000378	1.513418	0.006905	0.300284
1.332474	0.394411	-0.001245	1.442238	0.011813	0.291061
1.406910	0.363711	-0.018347	1.425406	0.005140	0.282109
1.751338	0.439806	0.000668	2.067717	0.009187	0.371802
1.198496	0.337493	0.000391	1.127542	0.000185	0.227773
3.624865	0.754593	-0.001980	3.552817	-0.027950	0.870917
1.538312	0.390272	-0.004124	1.533794	-0.006490	0.300586
1.660547	0.400943	0.003654	1.793482	-0.001438	0.316771
1.705795	0.415060	-0.038185	1.536038	-0.022674	0.337701
2.740858	0.573852	0.036467	2.751036	0.005043	0.555238
3.074944	0.633132	0.016132	3.151934	0.003119	0.681659
1.605156	0.387820	-0.001702	1.646607	-0.003729	0.302752
3.060312	0.672315	0.016257	3.268662	-0.023976	0.745584
3.423481	0.674324	0.034215	3.232410	-0.016404	0.805219
2.780073	0.583525	-0.030221	2.715430	-0.008831	0.594401
2.846843	0.572686	-0.033138	2.691890	-0.025220	0.610839
1.113030	0.332777	0.000025	1.111672	-0.000011	0.223888
1.681292	0.406960	0.006039	1.520296	0.001660	0.327410
1.670904	0.376000	-0.025288	1.368990	-0.004566	0.284847
2.037486	0.481101	-0.006983	2.224575	-0.001694	0.440961
2.228097	0.538648	0.003937	2.294403	0.011055	0.522027
2.910019	0.642427	0.011130	3.161738	0.039844	0.710643
2.303576	0.505826	-0.015480	2.327673	0.004841	0.459580
1.111708	0.332808	0.000061	1.112709	0.000045	0.223843
1.292988	0.347493	-0.000740	1.358906	0.000765	0.249649
2.109151	0.469740	0.020562	2.011596	0.000229	0.415186
1.137048	0.339584	-0.000038	1.139057	0.000125	0.231121
1.233948	0.340508	0.000489	1.154120	0.000315	0.239475
1.114180	0.334017	-0.000010	1.193267	0.000080	0.224424
1.976513	0.444256	0.008247	2.252971	0.012930	0.387495
1.641806	0.405816	0.003660	1.517227	0.009419	0.317002
2.494381	0.512436	-0.027257	2.336377	0.004214	0.495383
1.906185	0.451529	-0.014102	2.091905	0.001833	0.420411
1.294558	0.342739	-0.000488	1.151579	0.000007	0.238568
1.133175	0.338953	0.000038	1.307159	-0.001974	0.231163
3.073246	0.607069	0.009988	3.092645	0.010646	0.644652
3.108611	0.643809	0.027549	3.054522	-0.020201	0.723441
3.451068	0.611869	0.036915	3.139406	0.002557	0.682641
2.463101	0.535901	-0.031754	2.843396	0.001706	0.557431
2.407652	0.496624	0.008311	2.221669	-0.000924	0.466085
2.060850	0.474873	0.001956	2.133652	-0.022417	0.449644
1.737906	0.408991	-0.004399	1.606349	0.003429	0.322313
3.000647	0.622493	-0.001230	2.823264	0.013951	0.672124
1.667392	0.391786	0.001940	1.394746	0.005673	0.304826
1.181452	0.342248	-0.000149	1.154602	-0.000252	0.238006
2.256730	0.508237	-0.002545	2.308406	0.018133	0.495092
1.999838	0.480118	-0.003942	2.106614	0.001435	0.424320
3.031976	0.586964	0.000046	2.553045	0.018848	0.579408
1.646724	0.416504	-0.001162	1.921038	-0.001054	0.342321
2.579680	0.528580	-0.009042	2.232766	0.011936	0.505318
2.341136	0.507112	-0.018230	2.546221	-0.026433	0.475862
2.866247	0.585050	0.002125	3.051886	0.007730	0.639101
1.415741	0.367752	-0.002189	1.360469	-0.004676	0.263217
1.655179	0.405089	-0.003762	1.746245	0.000763	0.332506
2.056390	0.453516	-0.003179	2.018447	0.035383	0.437131
3.340603	0.640404	-0.002095	3.091404	-0.011540	0.688231
1.307024	0.355609	-0.001512	1.274861	0.001366	0.252108
1.911290	0.424787	-0.002804	1.803248	-0.018577	0.360702
3.324573	0.604112	-0.006527	3.053741	-0.013565	0.700745
2.099295	0.453226	-0.009365	2.050959	-0.019194	0.400519
1.098898	0.329669	-0.000000	1.098898	-0.000000	0.219780
2.489086	0.560976	0.029963	2.558739	-0.000110	0.601278
1.201173	0.356884	-0.000111	1.290191	-0.000497	0.253390
1.912395	0.447405	-0.036756	1.918833	-0.038321	0.397285
2.118615	0.454853	-0.001023	1.860633	0.000277	0.405150
2.331984	0.526282	0.008642	2.501677	-0.017065	0.551834
1.903989	0.422670	-0.013892	2.029895	-0.004991	0.374634
2.660586	0.558942	0.002666	2.755515	-0.016721	0.579455
1.720829	0.475255	0.019225	1.830265	-0.028451	0.422893
1.260118	0.358769	-0.003867	1.214886	-0.006421	0.254632
2.356414	0.546542	-0.005923	2.389772	0.032945	0.547029
2.742218	0.564010	0.005639	2.737398	0.010685	0.567325
1.417825	0.372327	-0.006856	1.444197	-0.004222	0.269937
2.534071	0.549580	-0.026589	2.880051	-0.012841	0.577442
2.613623	0.584239	0.001388	2.548455	0.014615	0.585121
1.931373	0.440093	0.020035	2.188968	0.004648	0.391969
1.884039	0.490060	-0.002827	2.176570	-0.013863	0.467739
3.419922	0.661925	-0.001284	3.170683	-0.023830	0.760566
1.123143	0.336564	-0.000036	1.123326	0.000038	0.226432
2.097508	0.487499	0.006698	2.153623	-0.013395	0.434227
1.815735	0.419543	-0.008271	1.712843	0.001520	0.355884
2.196744	0.479386	-0.004176	2.056809	0.007500	0.444397
1.111113	0.333017	-0.000080	1.111278	-0.000087	0.223148
1.695524	0.410571	-0.005115	1.749080	0.001046	0.334353
1.456953	0.387093	-0.006973	1.689959	-0.024792	0.308423
1.677266	0.408354	-0.002295	1.773348	0.004674	0.335381
1.632700	0.397394	0.001081	1.453054	-0.002781	0.308005
2.432130	0.561256	-0.007613	2.493875	0.001808	0.559597
1.370038	0.393007	0.002803	1.643176	0.012918	0.308809
1.220308	0.338520	-0.000034	1.168182	0.000097	0.230455
1.256437	0.357270	-0.000918	1.289026	-0.001606	0.250130
1.113446	0.332765	-0.000032	1.111803	-0.000047	0.224331
3.284645	0.621297	0.009582	2.885142	0.019478	0.705157
1.393047	0.374118	0.018456	1.324018	0.031637	0.302060
2.188396	0.483153	0.010136	2.284694	0.030267	0.444386
2.666505	0.534522	-0.019501	2.450383	-0.036926	0.530283
2.026872	0.471592	-0.002630	2.068526	-0.007252	0.415230
1.123283	0.336437	0.000021	1.124059	0.000233	0.226722
2.275969	0.508866	0.002010	2.369866	0.024502	0.497291
1.472103	0.374738	0.032991	1.720064	0.007942	0.324741
1.713055	0.397826	0.003140	1.614346	-0.000121	0.309458
2.818374	0.556380	-0.023582	2.637379	-0.000146	0.567886
2.984960	0.653307	-0.021630	3.399281	-0.000159	0.725927
1.720494	0.418394	-0.015884	1.844862	-0.000162	0.360037
2.323219	0.522947	0.018129	2.403021	0.027693	0.483431
1.898406	0.472183	-0.019976	2.013914	0.009558	0.427793
1.456173	0.386585	0.031199	1.433219	0.016049	0.310041
1.888317	0.468542	0.019726	1.968867	0.009302	0.441519
1.400372	0.364845	0.003404	1.343607	0.001722	0.269069
1.629938	0.401122	-0.004408	1.444051	0.000689	0.322144
1.229472	0.345405	-0.000175	1.163312	0.000111	0.240326
1.858353	0.442415	-0.024068	1.947275	-0.017514	0.383872
1.612311	0.368531	0.003373	1.289973	-0.000264	0.265198
1.439346	0.353178	0.000572	1.293255	-0.001328	0.256376
3.464279	0.684880	-0.018279	3.058416	-0.016836	0.785836
2.186168	0.528053	0.022816	2.391013	-0.004419	0.504374
3.376403	0.661986	0.016327	3.626184	0.007998	0.753278
1.730936	0.448827	0.005970	1.954525	-0.003255	0.394757
1.421322	0.365873	-0.001293	1.302099	-0.002929	0.263223
3.145388	0.594395	-0.030315	2.932052	0.007546	0.629083
2.536290	0.568964	-0.015202	2.319989	0.017865	0.583362
2.453945	0.541330	0.011660	2.375992	0.018011	0.517056
2.637684	0.592133	0.037645	3.269745	0.001376	0.643524
2.503826	0.493396	-0.001196	2.261055	-0.015260	0.458454
1.176898	0.348105	0.000369	1.338205	0.000169	0.244037
1.449807	0.379808	-0.004719	1.285685	-0.000586	0.281033
1.285820	0.349562	0.000187	1.611562	-0.001461	0.259422
2.428925	0.520450	0.010019	2.497378	0.020989	0.514867
2.542304	0.543026	-0.013433	2.708003	0.001348	0.566329
1.962100	0.434741	-0.001673	1.827274	-0.006619	0.378383
3.020505	0.653631	-0.000738	3.323092	-0.017348	0.791554
1.672262	0.415271	-0.034109	1.512459	-0.013927	0.345946
2.086033	0.493415	0.015991	2.401474	-0.003964	0.473260
2.511834	0.525718	0.020586	2.262235	-0.020379	0.511005
1.745940	0.438569	0.002709	1.903470	-0.003952	0.353432
1.434633	0.370585	-0.001105	1.553238	-0.001421	0.277977
1.729549	0.456518	0.008880	2.271600	0.009720	0.409456
1.670712	0.408076	0.007295	1.591854	0.018278	0.326959
1.959100	0.453211	0.002135	1.908487	0.005567	0.381964
2.691853	0.577109	0.001660	2.693853	0.000591	0.585278
1.698901	0.411430	0.001511	1.419391	0.000999	0.320317
1.391166	0.370613	0.003656	1.454364	0.001798	0.279173
1.984066	0.479217	0.032404	2.161752	0.002246	0.424454
1.790809	0.417875	-0.010971	1.653583	-0.007286	0.349242
1.322871	0.357078	-0.015645	1.350603	-0.003481	0.259645
2.105615	0.487752	0.005338	1.975644	-0.001039	0.455674
3.026742	0.622505	-0.019693	2.914176	-0.032742	0.673825
2.927328	0.633094	-0.004143	3.038795	-0.009226	0.683489
2.403602	0.518707	0.011407	2.567603	0.012067	0.490639
1.258420	0.369891	-0.002856	1.590041	-0.002221	0.264892
2.892776	0.576086	-0.002753	2.784317	0.029598	0.599420
2.044450	0.443254	-0.005993	1.769989	-0.034298	0.419285
1.838391	0.454534	-0.009234	1.925646	0.001058	0.406685
2.048642	0.481505	0.006059	2.170283	0.020537	0.431666
1.783082	0.415777	0.012009	1.638294	0.028295	0.329027
2.318568	0.521198	0.005369	2.219980	-0.004413	0.498010
1.716314	0.402819	0.002604	1.523679	-0.012360	0.342147
1.224237	0.344079	-0.000337	1.317078	-0.000448	0.237242
2.180479	0.506303	-0.008874	2.199720	0.015169	0.477601
2.883694	0.545804	-0.022618	2.489501	-0.015178	0.558528
3.166619	0.632812	-0.008275	3.313843	-0.017931	0.693508
1.866420	0.458470	0.004478	2.091905	-0.016545	0.395895
1.580210	0.399084	-0.001346	1.713527	-0.003933	0.314295
2.204373	0.476275	0.012532	2.247551	-0.014074	0.446355
1.270030	0.354362	0.005231	1.342975	0.006226	0.255241
2.699787	0.542037	-0.011116	2.416938	0.013023	0.533098
1.560689	0.407945	-0.005297	1.559206	0.004538	0.319528
1.895832	0.461916	-0.019745	1.842565	-0.000430	0.410324
2.574958	0.523954	-0.015436	2.371699	0.009529	0.497470
2.804516	0.608835	0.011986	2.918576	-0.011574	0.630655
2.569106	0.493272	0.008487	2.384249	-0.013017	0.463667
2.172726	0.482501	0.001987	2.094089	-0.013064	0.446995
2.355808	0.464865	-0.001512	2.317115	0.006829	0.435757
2.044579	0.483398	0.022114	2.136189	0.026722	0.455845
1.409485	0.354507	-0.000974	1.280912	-0.000821	0.246397
2.955010	0.540761	-0.015748	2.471801	-0.006876	0.560651
1.183769	0.352263	-0.000392	1.238961	0.000779	0.242808
1.154824	0.342450	0.000092	1.154352	-0.000130	0.237593
2.743590	0.557024	-0.032078	2.811083	-0.013976	0.585485
1.918579	0.424042	-0.011631	1.777276	-0.027046	0.362987
2.500829	0.529962	0.001613	2.451285	0.035074	0.509945
2.388380	0.475694	0.019205	2.147169	0.024584	0.439856
2.385237	0.559190	-0.016986	2.425278	0.023246	0.570617
1.279878	0.357611	0.000808	1.344347	0.001245	0.253995
2.872372	0.624088	0.018298	2.978305	-0.005396	0.671605
1.342335	0.358471	0.003370	1.296006	0.000529	0.252104
1.678193	0.388888	-0.006867	1.525458	-0.003485	0.302497
1.738457	0.436295	0.010143	1.817719	-0.004424	0.363284
1.970162	0.403874	0.011258	1.674476	0.033427	0.345615
1.874596	0.389605	0.000676	1.458814	0.000420	0.302114
1.173256	0.350943	0.002143	1.327758	-0.000204	0.242883
2.859668	0.617421	-0.035209	2.919189	-0.016620	0.656726
1.924077	0.476895	-0.024857	1.969802	-0.025204	0.448609
2.283446	0.527380	0.019327	2.708757	-0.001038	0.508448
3.094327	0.594807	0.001042	2.691121	0.033601	0.616036
1.917139	0.447605	0.004041	2.246007	-0.011709	0.385962
1.202283	0.345701	-0.000342	1.255157	0.000534	0.239539
3.184728	0.638246	0.002470	3.054541	0.006069	0.684029
2.871486	0.592398	-0.000974	3.076518	0.039919	0.637412
2.541321	0.506087	-0.006448	2.177071	0.031862	0.479804
1.738640	0.416468	-0.009997	1.819784	-0.006511	0.329072
1.493058	0.378715	-0.004635	1.621664	0.004968	0.296056
2.782389	0.628565	0.002614	3.015951	0.007423	0.680017
1.710557	0.429723	0.008227	2.064074	0.008294	0.362351
3.283823	0.680212	0.009922	3.434022	-0.007479	0.749168
3.048896	0.669704	-0.011792	3.330208	-0.018021	0.764010
1.532586	0.379602	-0.033050	1.555563	-0.002371	0.302771
1.207539	0.355536	0.016454	1.304593	-0.021038	0.279086
3.350436	0.669973	0.015611	3.460275	-0.039705	0.777548
1.559364	0.380735	0.013097	1.401229	0.014427	0.315268
1.978362	0.481249	0.008930	1.940474	0.029226	0.425174
2.020590	0.479292	-0.008007	2.066058	-0.008898	0.431516
2.184456	0.461491	-0.014574	1.930436	-0.011156	0.466570
1.240957	0.368573	0.005473	1.397742	0.007290	0.266022
1.135277	0.340444	0.000659	1.135561	0.000978	0.230712
2.298648	0.486630	-0.004286	2.265097	-0.004677	0.448076
3.088100	0.666517	0.031704	3.373031	-0.007233	0.764985
1.901587	0.443751	0.014300	1.793477	-0.034890	0.414219
2.387714	0.531939	-0.003104	2.333970	0.007106	0.519786
2.137437	0.490179	0.027050	1.879467	-0.008539	0.439613
1.865966	0.416724	-0.029274	1.505334	-0.004577	0.336438
1.845071	0.414978	-0.010030	1.646081	0.006851	0.340324
2.307850	0.495621	0.002082	2.462887	-0.024104	0.471858
1.706463	0.386715	0.007834	1.489483	0.002386	0.320381
2.010747	0.446436	0.007520	2.008439	0.002237	0.408312
1.972987	0.416836	0.006522	1.769397	0.001730	0.335475
1.237135	0.365345	-0.003784	1.266111	-0.011997	0.263022
1.385412	0.373868	-0.029184	1.444477	-0.014270	0.292218
2.843185	0.535180	-0.029293	2.695781	-0.034798	0.555755
2.587682	0.534277	-0.029324	2.770452	-0.023182	0.527899
2.087532	0.453770	-0.001279	1.967984	0.006321	0.402019
2.854485	0.544262	-0.006827	2.589357	-0.017317	0.535767
2.564214	0.574670	-0.029644	2.617736	-0.004910	0.575126
2.666620	0.593699	0.004054	2.939849	0.005257	0.612951
2.341323	0.467347	-0.016443	2.037229	-0.021370	0.440149
2.908515	0.596073	-0.015103	2.621969	-0.008936	0.614493
1.505569	0.400593	-0.003513	1.620675	0.003497	0.311610
2.449647	0.501073	-0.023409	2.205680	-0.004135	0.447795
2.254451	0.452703	-0.001701	1.938031	-0.001643	0.393381
2.382685	0.522753	-0.035793	2.444345	-0.034535	0.507520
2.703877	0.525403	-0.010726	2.520847	-0.027333	0.547420
1.098898	0.329669	-0.000000	1.098898	-0.000000	0.219780
3.122023	0.611150	0.001851	2.891974	0.037430	0.657681
1.532468	0.390949	0.003938	1.577601	0.008178	0.295445
2.935243	0.598527	0.032321	2.771455	0.002676	0.643444
2.879703	0.610031	-0.017297	2.868784	-0.002168	0.667080
2.236006	0.491688	0.005261	2.271737	-0.017694	0.450836
1.820298	0.406484	0.001372	1.576352	0.013051	0.328258
1.519269	0.387975	-0.017419	1.478960	-0.004030	0.306193
1.098898	0.329669	-0.000000	1.098898	-0.000000	0.219780
1.998962	0.448958	-0.016418	1.767388	-0.001143	0.427853
2.605054	0.566969	-0.032837	2.986683	-0.003091	0.583955
1.371774	0.376401	-0.002326	1.602376	-0.004754	0.288132
1.338871	0.361627	-0.002934	1.532165	-0.003914	0.269599
3.092617	0.580403	-0.000813	2.695009	-0.011231	0.621198
1.406830	0.368813	0.001307	1.426947	-0.004741	0.270723
1.156052	0.331960	-0.000346	1.114270	-0.000061	0.226847
1.635953	0.410422	-0.001876	1.965222	-0.003023	0.330604
2.326754	0.512220	-0.005643	2.346240	-0.003919	0.515716
1.690541	0.409896	-0.008409	1.685587	-0.004262	0.352224
2.762689	0.563302	0.016688	2.580501	0.010473	0.572746
1.121998	0.335150	0.000233	1.216919	0.000401	0.228173
1.758350	0.435529	-0.007487	2.115143	-0.012118	0.372348
1.648254	0.430607	-0.009926	1.884905	0.004837	0.354039
2.151307	0.483952	0.000594	1.989313	0.003244	0.439351
2.421088	0.557159	0.002526	2.843140	0.038338	0.564922
2.858853	0.616274	-0.017112	2.886732	-0.007770	0.679946
2.402363	0.569849	0.003342	3.087991	-0.002630	0.602050
2.830980	0.530459	0.030722	2.478089	0.002510	0.499974
1.711804	0.407491	-0.016054	1.670663	-0.013202	0.348052
2.741864	0.576632	-0.015376	2.826853	-0.028914	0.590772
2.694298	0.585921	-0.014272	2.914924	-0.013378	0.603678
2.421466	0.525207	-0.012029	2.481888	0.002159	0.509299
1.582492	0.403663	-0.000184	1.727081	-0.003932	0.318033
2.090980	0.514741	-0.028102	2.081842	-0.036303	0.469590
2.170823	0.469011	-0.007497	1.888557	0.008819	0.421926
1.580218	0.402045	0.003052	1.845131	0.010031	0.312803
1.901763	0.433206	0.013754	1.913309	0.008768	0.371925
2.253458	0.529009	-0.018575	2.363177	-0.000921	0.512751
1.761262	0.417465	0.000187	1.763379	-0.009298	0.346495
2.093629	0.476703	0.007861	1.992528	0.009128	0.427851
1.994326	0.463557	0.015603	2.063693	0.030061	0.434601
1.884024	0.442757	-0.002527	2.128637	0.001880	0.378890
1.875102	0.407525	-0.011859	1.833066	-0.008864	0.340815
2.556260	0.567801	-0.011050	2.587989	0.033181	0.573249
1.489201	0.363457	-0.008928	1.325798	0.002020	0.273266
1.470222	0.408452	-0.001761	1.837684	-0.001013	0.318427
2.310067	0.504221	0.020879	2.172831	0.017734	0.457320
1.326870	0.358133	-0.003315	1.320479	-0.024466	0.261447
1.586067	0.417326	0.011571	1.667364	0.009083	0.341030
1.098898	0.329669	-0.000000	1.098898	-0.000000	0.219780
3.310457	0.669574	0.001027	2.985365	0.034535	0.771422
1.748359	0.450694	-0.008291	1.795534	-0.016217	0.374717
1.696834	0.439253	0.010382	1.995243	0.024468	0.412939
1.717907	0.448990	0.029054	1.894202	0.014864	0.399395
2.448512	0.485243	-0.009776	2.188998	0.008378	0.440485
2.109697	0.477564	-0.001186	2.277805	0.021955	0.422084
1.805416	0.435169	-0.005038	1.605800	0.004249	0.354914
1.941129	0.445863	-0.007979	1.880438	0.003824	0.370643
2.145006	0.477233	-0.002269	1.915218	-0.004142	0.473905
1.968864	0.449189	0.003440	1.910296	-0.016089	0.383777
3.643499	0.720630	-0.022896	3.780388	-0.025874	0.877997
2.085647	0.493078	-0.014232	2.129576	-0.034928	0.459145
2.338207	0.566580	0.001858	2.614030	-0.038911	0.539884
3.134178	0.618622	0.010522	2.769455	-0.036299	0.672033
2.359614	0.509788	-0.007008	2.486337	-0.016109	0.465751
1.696786	0.399608	-0.007013	1.687191	-0.002310	0.317048
2.341149	0.513439	-0.035557	2.398024	-0.024567	0.478948
2.986822	0.604172	0.032931	2.937027	0.033782	0.670882
3.177796	0.697946	0.021370	3.569005	0.022582	0.794389
2.648596	0.583442	0.028224	2.927338	0.011365	0.608259
2.375324	0.516774	-0.001774	2.483257	0.011345	0.502532
1.117139	0.334575	0.000004	1.210585	-0.000277	0.225942
2.681535	0.570347	-0.027171	2.535045	-0.008108	0.556915
1.428557	0.399737	0.004718	1.792654	-0.002078	0.309971
2.828299	0.603469	-0.022676	2.670172	-0.014759	0.626733
2.522240	0.538075	0.030546	2.617693	-0.006608	0.537345
1.142508	0.333652	0.001099	1.217376	0.000879	0.231663
1.111065	0.332968	0.000050	1.111842	0.000023	0.223124
1.557335	0.370880	-0.002355	1.290984	-0.002697	0.281718
2.604851	0.560743	-0.008188	2.504019	-0.010082	0.567294
1.426879	0.376683	-0.004351	1.354181	-0.006151	0.285317
1.294721	0.346713	-0.002803	1.162909	-0.001897	0.241977
1.314326	0.371846	0.002021	1.258355	0.002810	0.271192
1.182899	0.352494	-0.000512	1.282529	-0.002125	0.245613
1.141041	0.339503	-0.000779	1.135734	-0.000059	0.230861
1.667477	0.364034	-0.003952	1.340016	-0.002624	0.278153
2.274414	0.461871	0.007970	2.029690	-0.001252	0.414756
1.882716	0.438772	-0.007281	1.727210	-0.001660	0.365518
1.753126	0.407457	0.009000	1.534621	-0.014763	0.330112
1.395795	0.366438	0.002691	1.370604	0.003383	0.277142
2.274227	0.498641	-0.030713	2.193008	-0.024782	0.464114
1.678517	0.391241	-0.005324	1.589103	0.002022	0.301713
1.293955	0.370983	0.004090	1.654841	0.001072	0.272041
1.398591	0.381331	0.029321	1.347851	0.014843	0.303686
2.077978	0.460657	0.034473	1.882537	0.013819	0.413916
2.029252	0.474681	0.005256	2.013674	0.011018	0.413742
1.364049	0.376275	-0.001095	1.316797	-0.000351	0.272976
2.688484	0.537807	0.023053	2.576525	0.000427	0.524942
2.665177	0.568259	0.005802	2.600732	0.035668	0.553152
1.459192	0.372718	0.005210	1.338204	0.013235	0.316358
2.158604	0.475871	0.004909	2.031892	-0.009198	0.476335
1.848794	0.445213	0.004825	2.078764	0.017837	0.376735
2.822872	0.619087	0.007212	2.897099	0.026485	0.664866
2.174266	0.501201	-0.021213	2.334648	-0.002475	0.492238
2.158547	0.508169	-0.015124	2.173593	-0.031436	0.488156
2.929419	0.615821	-0.001727	2.835866	-0.008406	0.694268
2.441806	0.534362	0.011670	2.516144	-0.005552	0.552143
1.731424	0.428249	0.017759	1.771538	-0.002695	0.361027
2.006013	0.462527	0.007473	2.135224	0.020559	0.426499
2.833950	0.570670	-0.030481	2.755901	-0.019050	0.592077
1.932066	0.464101	0.000833	1.984289	-0.031461	0.426959
1.474974	0.395318	-0.008645	1.625573	0.004296	0.315587
1.400393	0.386197	-0.004684	1.434894	0.001974	0.288389
1.587542	0.397861	0.001275	1.797386	0.001558	0.311080
1.783545	0.398403	0.017192	1.639462	0.003817	0.311083
2.029974	0.468002	-0.011394	2.050207	-0.003550	0.416672
3.348010	0.662934	-0.001859	3.374181	-0.007021	0.749135
2.707648	0.573208	0.006230	2.474929	0.008179	0.567881
1.241361	0.341320	-0.000647	1.144530	-0.000325	0.234189
2.362270	0.478219	0.014640	1.948785	0.027273	0.447964
2.856769	0.587838	0.029926	3.179491	0.028434	0.616334
2.179278	0.495432	0.010505	2.205477	0.007449	0.457474
3.059353	0.584555	-0.004878	2.805721	0.032140	0.615659
2.556553	0.528966	-0.019461	2.442981	-0.017158	0.525314
3.063362	0.635784	-0.035522	3.241483	-0.034014	0.712232
1.298155	0.364735	-0.000077	1.401267	0.000271	0.258992
1.486465	0.376395	0.002403	1.444609	-0.001985	0.272959
2.567390	0.550008	0.011272	2.564538	0.020579	0.553290
1.221524	0.361102	-0.003058	1.345037	0.001924	0.254075
1.098898	0.329669	-0.000000	1.098898	-0.000000	0.219780
1.352659	0.364089	-0.001651	1.290054	0.010210	0.298415
1.290197	0.360080	-0.003303	1.395280	0.005837	0.267703
3.384607	0.744741	0.030294	3.593397	-0.008972	0.851163
2.782010	0.597919	0.020710	2.858518	-0.020668	0.655821
3.162799	0.626846	-0.013480	3.171447	-0.008733	0.704756
3.091275	0.664916	-0.033213	2.941921	-0.024460	0.779538
2.697875	0.586036	0.027290	3.008501	0.015333	0.586565
1.576194	0.360312	0.003752	1.239847	0.002105	0.270332
2.713171	0.602195	-0.012610	2.673783	0.003883	0.630438
1.442317	0.378521	0.005596	1.487100	0.010026	0.285226
1.754147	0.443969	0.007661	1.931528	0.021296	0.402413
2.635389	0.544387	0.003587	2.560215	0.002476	0.539139
1.555935	0.406713	0.014506	1.682537	0.011258	0.332916
2.666617	0.535140	-0.032173	2.286766	-0.011717	0.536108
1.317355	0.356749	0.001762	1.333067	0.000724	0.254867
2.478772	0.533807	0.029535	2.624824	0.010629	0.524138
2.812350	0.625675	0.031976	2.832795	0.026263	0.686591
2.773429	0.574160	0.009783	2.540374	0.015979	0.592041
2.372839	0.518292	-0.003594	2.184131	-0.006185	0.498486
1.275172	0.356304	-0.000469	1.202368	0.000176	0.252724
1.900259	0.446799	-0.005531	1.876742	0.000882	0.402554
2.984018	0.625411	-0.039603	3.043747	-0.025519	0.673962
2.212137	0.516913	-0.019089	2.520679	-0.012699	0.529686
1.228329	0.343967	0.001426	1.153668	0.000120	0.236603
2.501359	0.529039	-0.035536	2.388647	-0.007494	0.515469
3.743638	0.732631	0.019571	3.492345	0.004088	0.871453
1.608391	0.418870	0.018184	1.710068	0.028686	0.345562
2.108882	0.492802	0.033948	2.351908	0.008379	0.495051
2.267044	0.508905	-0.008276	2.506293	-0.011928	0.488778
1.795005	0.424422	-0.002373	1.758889	0.000488	0.355169
2.516400	0.535253	0.025710	2.433823	0.037778	0.542611
2.721277	0.576415	-0.000815	2.682533	-0.021698	0.596750
1.787928	0.411798	0.012793	1.766419	0.020372	0.338531
1.896795	0.466983	-0.016136	1.978256	-0.020885	0.407320
1.875374	0.421156	0.003909	1.643198	0.002965	0.363273
1.468803	0.387949	0.025946	1.455720	0.004200	0.306388
1.370437	0.382919	0.005380	1.366949	0.010167	0.282012
3.336920	0.670759	-0.016601	3.550735	-0.022900	0.766430
1.848006	0.422682	0.002441	1.877496	-0.011773	0.367988
1.943903	0.468356	-0.023433	2.053134	-0.021970	0.404494
1.630489	0.421967	0.000383	1.825365	-0.002240	0.328128
2.951132	0.642153	-0.007380	3.257149	-0.001013	0.683732
1.182457	0.349638	-0.015142	1.285525	-0.000374	0.270067
1.211772	0.337672	-0.000722	1.126960	-0.000190	0.228681
1.303837	0.359839	-0.001009	1.583226	-0.000918	0.258303
3.086333	0.629308	0.020795	3.002004	-0.020879	0.719970
2.777891	0.630502	-0.038059	2.841089	-0.004159	0.651566
1.973249	0.462789	0.024884	1.845091	0.003369	0.428074
2.384622	0.530006	0.022508	2.460991	0.025913	0.506116
2.230416	0.453821	-0.012934	1.855026	-0.012628	0.418126
2.193630	0.501054	0.002236	2.336934	-0.000629	0.455991
3.068872	0.613045	-0.002554	3.010448	0.009072	0.660818
2.552919	0.590417	-0.004744	2.684512	-0.019702	0.608112
1.856403	0.422522	0.001431	1.790171	-0.005726	0.354345
2.337857	0.471924	-0.005742	2.096769	-0.015851	0.429565
2.943465	0.663055	0.028120	3.219822	0.000528	0.729834
2.166238	0.440758	0.008627	1.755759	0.010429	0.382005
2.372464	0.566387	0.008818	2.427927	-0.016215	0.552626
2.198137	0.481938	-0.006891	2.090682	-0.016929	0.444767
1.894603	0.465936	-0.011772	2.031460	-0.027930	0.403406
1.730925	0.418054	-0.011407	1.549203	0.001213	0.345835
1.879221	0.454827	-0.006171	1.841463	-0.008011	0.397742
1.715362	0.410970	-0.027772	1.667579	-0.015900	0.351236
2.211512	0.542646	0.020697	2.781568	-0.004541	0.527098
1.589976	0.401537	0.017805	1.522490	0.003791	0.319267
2.060436	0.454370	-0.016454	2.046701	-0.004403	0.401196
1.741092	0.451514	0.008577	2.086554	0.017421	0.384069
2.826375	0.556726	0.027963	2.535174	-0.005792	0.581898
2.323757	0.502396	-0.010213	2.183478	-0.029006	0.480761
1.110896	0.333072	0.000020	1.110915	0.000019	0.222987
2.775328	0.575663	-0.001515	2.598946	-0.030806	0.594633
1.379299	0.407812	-0.003051	1.616312	0.003100	0.315968
1.802066	0.405450	0.002945	1.659839	0.007186	0.315027
3.249093	0.602677	-0.015900	2.979108	0.000611	0.674317
1.271111	0.377401	-0.003189	1.531070	-0.005963	0.279112
3.646019	0.707973	-0.002632	3.213995	0.012164	0.843842
2.349120	0.546878	0.025054	2.542245	0.030292	0.572051
1.682775	0.408730	0.005018	1.661201	0.004734	0.316294
1.787254	0.421620	0.004468	1.492814	-0.002261	0.347035
2.505562	0.508120	-0.006831	2.336920	0.009179	0.478148
1.624987	0.369355	-0.001819	1.385145	0.001916	0.272605
2.372455	0.531661	0.016048	2.567665	-0.001988	0.512364
1.973777	0.447244	-0.013433	1.812176	-0.030604	0.410457
2.424587	0.519745	-0.021306	2.081367	0.008585	0.501410
1.241373	0.348415	-0.000017	1.173206	0.000625	0.241618
1.153433	0.342788	-0.001743	1.172995	-0.000861	0.238397
2.582013	0.538762	0.034233	2.527745	0.007107	0.522368
2.821067	0.535814	0.017665	2.544472	0.005512	0.539021
1.152800	0.343952	0.000561	1.195561	0.000725	0.235282
2.542637	0.564946	-0.032364	2.826311	-0.031328	0.577135
1.516705	0.384853	-0.006526	1.719689	-0.003222	0.296594
1.289472	0.342671	-0.000891	1.160880	0.000217	0.241877
1.229350	0.364232	0.000282	1.244314	-0.002998	0.255065
2.137430	0.462822	0.013243	1.825261	-0.010515	0.400568
1.876511	0.465749	0.007769	2.036795	0.021342	0.429500
2.670404	0.536641	-0.011548	2.499283	-0.020285	0.535246
1.705406	0.455159	-0.011057	1.958571	0.035497	0.420882
1.612239	0.414565	-0.010566	1.833205	-0.011793	0.343146
2.641417	0.582575	-0.017607	2.892914	-0.025029	0.573475
1.404111	0.347515	-0.009026	1.234728	-0.003494	0.267186
3.362746	0.647605	-0.016339	2.835362	-0.013677	0.716731
2.439933	0.589722	-0.023652	2.713704	-0.023859	0.620314
1.145180	0.335958	-0.000054	1.209147	-0.000538	0.232499
2.121839	0.484053	0.000586	2.300394	-0.038596	0.464494
1.443758	0.386917	0.000771	1.358327	0.000872	0.289433
1.543807	0.415025	-0.000069	1.654229	-0.001338	0.329557
2.967528	0.546275	0.005149	2.306785	0.019487	0.533138
2.701606	0.590480	-0.035297	2.695716	-0.034858	0.628339
2.564698	0.586666	0.001253	2.820369	-0.017652	0.600862
1.848057	0.422556	0.004117	1.690562	0.017801	0.345537
2.984591	0.606571	-0.004336	2.994755	-0.005141	0.625739
1.904214	0.445047	-0.012790	1.750468	-0.015869	0.384323
1.880801	0.441942	-0.007172	1.621482	-0.011245	0.365186
2.488477	0.492642	-0.001759	1.952281	-0.005516	0.477921
1.620672	0.428128	0.001335	1.693256	-0.004764	0.342677
2.540329	0.550299	-0.017560	2.498642	0.026739	0.557189
2.205419	0.508165	-0.036455	2.163008	-0.028233	0.489253
1.806588	0.421915	-0.028536	1.903002	0.001379	0.385356
2.427505	0.529429	0.034231	2.450657	0.030992	0.555207
1.157988	0.347350	0.000028	1.166897	-0.000736	0.238017
1.192675	0.353867	0.000552	1.197278	0.002785	0.245158
2.979808	0.661611	0.001650	3.038813	-0.004251	0.738359
2.227320	0.511752	0.036227	2.222007	0.034591	0.487595
2.932739	0.610369	-0.014087	2.795728	-0.030835	0.622576
2.189784	0.506510	0.007451	2.257438	-0.015657	0.494316
1.947321	0.467324	-0.002677	2.216346	-0.000480	0.413584
2.740057	0.589442	0.007325	2.960768	-0.001667	0.604679
1.640422	0.385298	-0.000266	1.785787	-0.002298	0.307592
1.227360	0.338079	-0.000200	1.173797	0.000202	0.231232
2.100567	0.461241	0.031592	2.004526	0.000361	0.429115
2.605980	0.576484	-0.016054	3.008551	-0.007270	0.578301
1.623655	0.363535	-0.013281	1.247325	0.018698	0.291289
1.445210	0.400158	-0.006828	1.737885	-0.013042	0.319514
1.681905	0.403486	0.007228	1.575713	0.013510	0.318118
3.091372	0.625008	0.010904	2.839925	0.022867	0.699123
2.659433	0.589702	-0.016022	2.832666	-0.026094	0.608944
1.455070	0.393088	0.004971	1.702756	0.004768	0.293641
2.758279	0.520078	0.001737	2.387769	-0.038630	0.537510
1.260357	0.361882	-0.002775	1.219641	0.000035	0.255357
1.443512	0.392299	-0.004784	1.357218	-0.001031	0.301902
1.995664	0.455353	0.004398	2.035968	0.001249	0.402025
1.262074	0.352849	0.020426	1.254433	0.004468	0.254777
1.824899	0.458154	-0.003086	2.213375	0.002544	0.411607
1.477337	0.374573	-0.002595	1.511956	0.000388	0.281901
2.704105	0.603026	0.021227	2.644592	0.014489	0.626545
1.756897	0.412370	0.017851	1.757053	0.013027	0.353801
1.122992	0.336826	-0.000648	1.123856	-0.000791	0.227305
3.579170	0.702896	-0.005404	3.386053	-0.015850	0.832039
2.291935	0.516835	-0.011722	2.427991	-0.024477	0.496352
1.821013	0.454450	0.009449	1.746903	0.028601	0.430681
1.359205	0.375203	0.011775	1.384464	0.000480	0.286164
1.952675	0.453625	-0.037366	1.921716	-0.031012	0.410987
1.839709	0.452774	-0.027571	2.091931	-0.009310	0.400876
3.483540	0.681025	-0.009380	3.275068	-0.004696	0.794260
1.327434	0.358550	0.000415	1.398027	0.000078	0.257823
2.059663	0.457398	-0.004530	1.930137	0.018453	0.418054
2.065889	0.469127	-0.011533	1.878080	0.000578	0.415055
1.127138	0.337462	-0.000169	1.206499	-0.000014	0.227894
2.806584	0.564315	0.024856	2.468582	0.026645	0.575190
1.729243	0.396645	-0.033530	1.631100	-0.013701	0.333095
2.304262	0.542009	0.022183	2.517595	0.027308	0.545938
1.859375	0.477411	0.007545	2.223119	0.028318	0.411266
3.055855	0.640373	0.018930	3.185275	0.012333	0.730810
2.872868	0.627136	0.011325	3.116244	0.005974	0.700472
2.572270	0.575616	-0.025259	2.857691	0.003353	0.589634
1.231767	0.339277	0.004983	1.198504	0.019808	0.240988
2.761512	0.572566	-0.004494	2.888850	-0.004419	0.586460
2.614678	0.574096	0.015222	2.576945	0.008461	0.599242
1.756367	0.410069	0.004415	1.614768	0.021341	0.351283
1.668118	0.447100	-0.006392	1.947045	0.000096	0.370996
2.388559	0.507765	0.025067	2.420079	0.006864	0.484375
2.380385	0.492118	0.000028	2.230641	0.007552	0.444817
1.849851	0.454042	0.007307	2.072731	-0.004594	0.388658
2.032738	0.506146	-0.006017	2.236412	0.001036	0.459200
1.869546	0.425604	0.028105	1.522755	0.017390	0.352509
1.253442	0.349839	0.001000	1.273767	0.001788	0.242582
1.547225	0.402697	0.003953	1.582377	-0.003166	0.308492
1.611113	0.410300	-0.026321	1.624738	0.011132	0.350480
2.827444	0.598360	-0.031912	2.659914	-0.010800	0.638503
2.531339	0.548115	-0.033841	2.642174	-0.032732	0.569784
3.240755	0.616907	0.021005	3.272996	0.022753	0.673831
1.281110	0.374639	-0.002213	1.437919	0.004079	0.271222
1.477865	0.402359	0.004836	1.444856	0.006608	0.317892
3.119526	0.625033	-0.021805	3.246241	0.018498	0.705502
2.891701	0.590463	-0.001216	2.683137	0.026954	0.606420
1.545696	0.397354	0.031475	1.552341	0.027004	0.324710
1.353207	0.374927	-0.002970	1.399218	-0.003518	0.279978
2.580702	0.518241	-0.008048	2.338363	0.030417	0.498575
2.629341	0.582277	0.005611	3.078772	0.038033	0.619074
1.760280	0.431286	0.025501	1.771054	-0.021661	0.389607
1.519783	0.421751	0.025412	1.682888	0.027062	0.350189
2.965957	0.617086	-0.021059	2.986367	-0.007755	0.649032
1.972643	0.428733	-0.001203	1.773831	-0.000900	0.354539
2.524205	0.498643	-0.005999	2.294932	-0.020191	0.468306
1.588305	0.377125	0.039540	1.527627	0.012011	0.308014
1.381584	0.367801	-0.021905	1.317984	-0.004084	0.278926
3.246064	0.673467	-0.009326	3.316849	-0.000181	0.783487
1.403730	0.358789	0.003254	1.226776	0.003722	0.263289
1.757804	0.448603	-0.013706	1.996545	-0.012260	0.412775
2.974940	0.625544	-0.035407	2.929415	-0.028242	0.679954
2.815292	0.654343	-0.024247	2.973821	-0.020920	0.712697
2.359584	0.487687	-0.008177	2.136254	-0.005571	0.445162
2.245781	0.466524	0.001956	2.125463	0.018503	0.432106
1.743513	0.424773	0.007180	1.800048	0.033793	0.386523
2.281219	0.453507	-0.025374	1.747889	-0.013674	0.397110
2.246782	0.513500	0.006139	2.012127	-0.014721	0.497715
2.301656	0.504140	0.037652	2.357028	0.014111	0.485443
1.580883	0.368926	0.005232	1.439071	0.004703	0.283255
1.323869	0.368289	0.019740	1.337631	0.031050	0.289727
1.809084	0.396852	-0.000295	1.451514	0.000738	0.304213
1.427934	0.384489	0.005898	1.578358	0.023307	0.302793
3.133275	0.708801	-0.002072	3.313245	0.018827	0.806131
2.947397	0.614384	0.002723	2.623615	0.018634	0.644208
2.431092	0.545250	-0.010521	2.462319	-0.022461	0.551278
2.265180	0.559649	-0.001829	2.964487	-0.003797	0.545390
2.944151	0.622049	-0.004301	2.924104	-0.011052	0.694921
3.095975	0.624019	-0.009771	3.124547	-0.020415	0.709902
2.277265	0.478985	-0.015324	2.027812	-0.023441	0.439224
2.412942	0.544764	-0.020037	2.582960	-0.003181	0.544604
1.136004	0.339911	0.000091	1.137516	0.000972	0.230710
2.246052	0.466354	0.002157	1.972888	0.021013	0.427938
3.432185	0.676738	0.003271	3.126409	0.033733	0.771607
1.477140	0.353574	0.003604	1.282907	0.000007	0.253504
1.552646	0.395162	0.003291	1.643877	-0.005340	0.312569
3.421856	0.634869	0.019133	2.967664	0.003932	0.714632
2.237578	0.518604	0.034974	2.069052	0.013205	0.471740
1.997551	0.476522	0.003538	2.303208	-0.014683	0.422336
2.643879	0.562485	0.013716	2.538533	-0.017561	0.537820
1.999477	0.461780	-0.000416	2.270870	0.005672	0.423336
2.829351	0.628780	0.000435	3.234384	0.003761	0.696828
1.098898	0.329669	-0.000000	1.098898	-0.000000	0.219780
1.991689	0.455095	-0.018246	1.973789	-0.004890	0.386465
2.048929	0.464633	-0.027238	1.909514	-0.023216	0.415907
1.122989	0.336436	0.000008	1.123924	-0.000139	0.226224
1.921284	0.455001	-0.020529	1.683320	-0.017209	0.385244
2.079270	0.488545	0.005056	2.400256	0.025122	0.464043
1.816192	0.462307	0.028370	2.032078	0.008183	0.397218
2.530166	0.513071	0.018339	2.013554	0.004714	0.490661
2.023825	0.517203	0.008308	2.217977	-0.011397	0.491878
1.785510	0.439218	0.017233	1.912905	0.032723	0.384300
1.216107	0.356840	-0.005024	1.347859	-0.007339	0.263794
3.058750	0.663344	-0.013737	2.684938	-0.000525	0.735241
3.277098	0.607027	-0.017311	2.899868	0.006289	0.653190
2.031227	0.449832	0.035881	1.778116	-0.017975	0.421059
1.801380	0.441202	0.020855	1.939287	-0.010748	0.411024
2.706609	0.537765	0.005338	2.398250	0.005300	0.519589
1.732197	0.431836	0.004584	1.745479	0.035344	0.388243
1.496272	0.378414	0.004322	1.339476	0.004751	0.278434
2.492147	0.537644	0.034494	2.187575	0.025961	0.537148
2.696655	0.580200	-0.026844	2.910830	0.001170	0.602787
1.646289	0.413858	0.002491	1.601822	-0.000112	0.322993
3.255691	0.647507	-0.024900	2.736531	-0.031686	0.740513
1.425390	0.369227	-0.001753	1.372001	-0.000273	0.270672
1.988819	0.470025	0.001751	1.962452	0.039103	0.463320
1.806468	0.432910	0.004322	1.970204	-0.005170	0.358398
2.141607	0.480438	0.009692	2.428775	0.009097	0.438878
1.696319	0.413745	0.012623	1.756379	0.002598	0.345674
1.839880	0.446802	0.029983	2.096765	0.000508	0.406594
1.602915	0.437869	0.000066	1.832964	-0.000306	0.362262
1.241997	0.363121	0.002145	1.483510	0.003110	0.258640
1.881041	0.435380	-0.017468	1.850275	-0.001843	0.369234
1.646951	0.407384	0.008788	1.506007	-0.010220	0.320421
2.770156	0.631998	0.011630	2.797067	0.035017	0.682387
2.170025	0.515365	0.010582	2.332190	0.020301	0.537030
3.003499	0.615332	0.007716	3.190991	0.002792	0.641649
1.487565	0.377770	-0.003842	1.463309	-0.000876	0.274327
2.768837	0.555392	-0.006584	2.493807	-0.000652	0.576862
2.857713	0.604741	-0.004057	2.838860	-0.000237	0.651209
1.111140	0.333068	-0.000010	1.111032	-0.000013	0.223013
1.439750	0.374821	0.002856	1.515548	-0.017109	0.299339
2.269771	0.505053	0.018236	2.083319	-0.000591	0.487109
1.341684	0.354040	0.031394	1.197024	0.015927	0.267914
1.128943	0.335779	0.000418	1.131309	0.001216	0.230605
2.895786	0.607204	-0.003884	2.806710	-0.001255	0.661273
2.123160	0.473587	-0.005301	2.057631	-0.002094	0.421159
2.426468	0.526290	0.010452	2.315076	0.021702	0.509888
2.679086	0.525503	0.003008	2.598315	0.003344	0.522633
1.439928	0.401064	-0.003505	1.682721	0.003754	0.308331
1.379011	0.398756	0.009967	1.775571	0.034950	0.327279
1.624349	0.420874	-0.000533	1.824499	-0.002412	0.341809
1.262734	0.359801	-0.003471	1.218805	-0.000511	0.252157
1.806467	0.437410	-0.010647	1.952788	-0.007728	0.373036
1.163843	0.346893	-0.000164	1.162088	-0.000133	0.237509
1.185013	0.351916	-0.000641	1.435803	-0.000198	0.246902
3.022603	0.563710	-0.022335	2.653912	0.002213	0.630364
2.060240	0.483842	-0.009837	2.109498	0.006001	0.448612
2.662261	0.578060	0.002811	2.743444	0.019541	0.616521
1.541816	0.420286	0.009876	1.816664	0.030351	0.356674
1.922391	0.425785	0.002837	1.745305	0.005228	0.347420
3.115148	0.625126	-0.016540	2.907489	0.015012	0.668964
1.590923	0.417395	-0.007208	1.687227	0.010010	0.342804
1.379528	0.354742	-0.001184	1.342604	0.001696	0.256887
2.359537	0.534454	0.030605	2.360476	-0.010607	0.560522
1.723168	0.403723	0.007903	1.650942	0.003350	0.322573
1.905179	0.435172	-0.026720	1.637698	-0.003534	0.378296
2.354106	0.500687	-0.015338	2.431723	0.017091	0.483193
2.390677	0.523944	-0.001047	2.205946	0.011453	0.495250
2.690854	0.573748	0.003001	2.821271	0.001055	0.576463
1.098898	0.329669	-0.000000	1.098898	-0.000000	0.219780
1.547287	0.390324	0.000164	1.481892	-0.010431	0.298477
2.001091	0.484567	-0.022128	2.246055	-0.002454	0.464800
2.222516	0.481124	-0.011191	1.759447	-0.002643	0.452588
2.359306	0.519115	-0.000253	2.600118	-0.003230	0.495408
1.890487	0.446134	-0.009262	1.970637	-0.008370	0.387189
1.682546	0.422885	-0.005598	1.818331	0.006434	0.340843
3.140324	0.661884	0.002174	3.232195	-0.006475	0.720150
2.921919	0.587888	0.007660	3.073541	0.019876	0.676076
3.073281	0.625868	-0.002453	2.906216	-0.007944	0.654649
2.086703	0.462608	-0.024121	2.155293	-0.017551	0.443377
2.882029	0.622395	-0.034853	2.939725	-0.012031	0.669353
3.693778	0.712951	0.001019	3.340727	0.022582	0.834679
1.869559	0.433255	0.006390	1.731177	0.009305	0.383270
3.149622	0.630604	-0.019365	3.099514	-0.030672	0.701669
3.259622	0.684012	-0.015891	3.180601	0.022562	0.791171
2.289761	0.539894	-0.008770	2.285530	0.010791	0.518233
1.289492	0.356378	-0.002957	1.365068	-0.000980	0.254026
1.406362	0.366925	-0.000164	1.394258	0.000754	0.273750
1.202140	0.357648	0.000008	1.359193	-0.001389	0.251337
1.779502	0.425563	-0.000525	1.804045	0.005690	0.344429
1.561278	0.394763	-0.005628	1.507443	0.004500	0.302977
2.368174	0.491970	-0.007263	2.329595	-0.014631	0.474973
1.098898	0.329669	-0.000000	1.098898	-0.000000	0.219780
2.952797	0.619439	-0.030774	2.901045	-0.012171	0.660388
2.951190	0.570785	-0.007539	3.022644	-0.017954	0.589810
1.098898	0.329669	-0.000000	1.098898	-0.000000	0.219780
1.469749	0.353960	-0.001305	1.196591	0.000355	0.253671
2.284371	0.441138	-0.023912	1.793967	-0.016029	0.381932
3.211294	0.656462	-0.012068	3.107252	-0.027070	0.721501
1.271571	0.372191	-0.000224	1.469114	-0.007265	0.276614
2.638495	0.573028	-0.010884	2.642825	0.014877	0.592442
1.577681	0.402696	0.000636	1.936468	-0.007168	0.332391
1.111117	0.333068	-0.000013	1.110938	-0.000006	0.223061
2.538366	0.584726	0.004638	2.657403	0.025192	0.605446
1.510942	0.372110	0.001812	1.359943	0.002894	0.285958
2.694495	0.574263	0.002713	2.697357	0.008331	0.600927
1.122825	0.336871	0.000790	1.123401	0.000783	0.227263
2.747782	0.612884	0.003946	2.924235	-0.039646	0.673149
2.737672	0.507813	-0.003801	2.312979	-0.011581	0.482436
2.176774	0.481628	0.007153	2.031311	0.002833	0.446711
1.714521	0.418718	0.003328	1.573136	0.019769	0.368549
1.128260	0.336656	-0.000497	1.168471	0.000268	0.227427
2.838433	0.633837	0.002054	3.141893	0.002572	0.702919
2.953631	0.597589	0.006793	2.670388	0.006851	0.616383
1.501367	0.377254	0.009344	1.504966	0.009155	0.289112
1.199791	0.341101	0.002108	1.225684	0.000678	0.237097
2.214404	0.503383	0.022731	2.009824	0.023117	0.485436
1.802014	0.439546	-0.025379	1.712866	-0.028984	0.371401
1.804137	0.389263	0.002145	1.597483	0.000614	0.296935
2.189591	0.445264	-0.030749	1.902844	-0.002918	0.390337
1.316688	0.369230	-0.032018	1.341574	-0.034159	0.301251
2.044011	0.463769	-0.032391	2.077418	-0.029553	0.446989
2.947164	0.599242	-0.008536	3.110522	-0.018194	0.624373
1.347508	0.379495	-0.006576	1.410793	-0.006323	0.275564
1.244566	0.347207	-0.001774	1.339684	0.000541	0.239693
1.312971	0.359905	-0.002605	1.224310	0.000049	0.254798
1.586055	0.421291	-0.007939	1.632592	0.036319	0.368964
1.751185	0.420281	-0.012613	1.671353	-0.007415	0.348889
2.519022	0.521867	0.014865	2.533713	0.004156	0.500035
1.393016	0.370977	0.002943	1.366743	0.001877	0.268591
1.225846	0.344249	-0.000947	1.268465	-0.001956	0.240418
1.726290	0.400060	0.007745	1.474269	0.003797	0.314028
1.111249	0.333033	0.000018	1.111027	0.000015	0.223143
1.427843	0.357338	0.026394	1.328174	0.004883	0.270779
1.361325	0.361887	0.005548	1.363265	0.000076	0.273323
1.171254	0.345733	0.005452	1.248887	0.012575	0.250120
2.140566	0.488669	0.002693	2.237223	-0.020727	0.462898
1.190422	0.353300	0.000019	1.192560	-0.000386	0.244785
1.243218	0.339560	0.001182	1.142934	0.000018	0.235076
2.381514	0.542116	0.020444	2.638312	0.010120	0.548388
1.664469	0.400984	0.005768	1.709138	0.019869	0.341914
2.795309	0.628257	-0.008907	2.716939	-0.013765	0.685210
1.098898	0.329669	-0.000000	1.098898	-0.000000	0.219780
1.397918	0.394535	-0.009670	1.614755	-0.013375	0.304198
2.071781	0.487215	-0.031390	2.249997	-0.026663	0.473793
3.404399	0.733534	-0.015692	3.325243	0.016199	0.872387
1.110952	0.333073	0.000006	1.111047	0.000004	0.223004
1.439169	0.387604	-0.004345	1.405083	0.003918	0.297644
2.777186	0.618754	0.034765	2.990829	0.019896	0.678817
2.832108	0.579862	-0.007919	2.607211	0.032975	0.614068
1.303974	0.358236	-0.000623	1.342686	0.001134	0.263868
1.788243	0.425098	-0.007843	1.661463	-0.001121	0.347742
1.900516	0.431831	-0.014836	1.987306	-0.006660	0.352667
2.490468	0.543368	0.035342	2.255778	0.014155	0.536866
1.170848	0.347305	-0.001016	1.207979	-0.000259	0.239505
1.352834	0.372845	-0.004552	1.263240	-0.001109	0.273663
1.519738	0.386421	-0.001311	1.533559	-0.008912	0.307758
1.451527	0.349516	0.000206	1.253005	-0.000753	0.257145
1.286736	0.363026	-0.000432	1.275692	-0.000232	0.257706
1.258038	0.351749	0.002091	1.254124	-0.000450	0.251859
1.689706	0.425821	0.012134	1.712468	0.004577	0.340483
1.640987	0.419503	-0.001136	1.666755	0.005645	0.339450
2.369040	0.516511	0.015395	2.292539	0.001518	0.502358
1.629583	0.376773	-0.024787	1.497915	-0.002589	0.290822
3.260783	0.721671	-0.001522	3.513990	-0.009679	0.883074
2.371338	0.518861	-0.037582	2.623551	-0.014395	0.520049
3.615436	0.738254	0.022110	3.613256	-0.001537	0.897992
2.669688	0.554801	0.036102	2.661874	0.011320	0.544609
1.390904	0.370440	-0.000433	1.258990	-0.000023	0.272142
2.098972	0.525269	0.020700	2.130667	0.020545	0.475342
1.515873	0.369791	0.000382	1.345232	-0.000405	0.271436
1.774216	0.432010	-0.014294	1.894329	-0.012359	0.378235
1.832286	0.438687	-0.020949	1.724103	-0.017857	0.370373
1.808481	0.464148	0.001236	1.884768	0.001408	0.411775
1.674248	0.383047	-0.008769	1.651571	0.002137	0.298388
2.796934	0.572693	-0.007988	2.782704	0.000668	0.609685
1.319126	0.374922	-0.005402	1.546933	-0.000802	0.276835
1.705652	0.436415	0.037496	1.752273	0.015854	0.390808
1.240067	0.340520	0.000385	1.245597	0.000843	0.240222
1.212181	0.359605	-0.001786	1.356821	-0.004204	0.255736
2.018629	0.442227	-0.030732	2.072957	-0.006655	0.420800
1.148867	0.343261	0.000286	1.150321	-0.000459	0.233567
3.004143	0.588159	-0.010458	2.904630	0.039987	0.630687
2.881040	0.628663	-0.021202	3.129984	0.023255	0.693901
2.501937	0.529903	0.001112	2.542692	0.006523	0.512945
1.856695	0.461944	0.004986	2.183819	0.018414	0.391407
1.453846	0.396517	0.007860	1.485621	0.005082	0.305112
2.509765	0.567493	-0.033899	2.477671	-0.012434	0.575239
1.448601	0.354093	-0.017822	1.209143	0.015645	0.281524
1.289017	0.351122	0.000108	1.185933	-0.002485	0.246507
1.223200	0.364570	0.002387	1.337388	0.001345	0.256485
2.516747	0.523010	-0.013341	2.140312	-0.024827	0.526864
1.413066	0.389026	-0.000067	1.333315	0.001263	0.284934
2.245797	0.499789	0.000583	2.177971	0.028949	0.481722
1.493723	0.385650	0.001207	1.490872	-0.009126	0.297173
1.475584	0.388274	0.009049	1.340459	-0.000531	0.306712
1.136642	0.339779	0.000041	1.137486	0.000046	0.230610
1.725627	0.428090	-0.027728	1.823126	-0.007305	0.353916
1.452179	0.357519	-0.000293	1.628101	-0.001723	0.268299
2.625879	0.547653	0.011048	2.623226	-0.028604	0.554105
3.346579	0.676595	-0.000096	3.298645	0.012506	0.776716
2.235461	0.503711	-0.011241	2.376193	0.005792	0.510917
1.199112	0.337485	-0.000631	1.196961	-0.000001	0.228995
2.728340	0.534156	0.006724	2.377310	-0.022442	0.503388
2.605896	0.551634	-0.009269	2.592642	-0.002667	0.544010
3.325810	0.636132	-0.000012	2.857134	-0.007131	0.722013
2.006098	0.456595	0.009246	1.936154	-0.011596	0.402629
1.162493	0.345625	-0.001388	1.233925	-0.000989	0.241810
1.142771	0.341182	0.000001	1.236327	0.000351	0.233133
2.108425	0.484516	-0.026881	2.418489	-0.027020	0.459627
2.042027	0.463784	-0.006248	1.927670	-0.000251	0.414574
3.000406	0.612514	0.002841	2.908677	-0.006015	0.680475
2.600575	0.541584	0.018666	2.530814	-0.018841	0.517998
2.072410	0.448700	-0.000391	1.887600	0.017479	0.389768
1.800236	0.433394	0.000563	1.791204	0.003142	0.349084
1.345639	0.360430	0.002317	1.235143	0.000857	0.259414
2.132219	0.522337	0.015655	2.399021	0.011114	0.492541
1.310814	0.344455	0.000055	1.161358	-0.000025	0.241477
2.509854	0.554604	0.001808	2.738582	0.001528	0.521341
1.685503	0.413013	0.003560	1.553868	0.003951	0.331593
1.594960	0.391463	0.000498	1.570131	-0.003259	0.303898
2.177422	0.479681	0.026545	2.012120	-0.004966	0.455657
1.990059	0.474063	0.007754	2.108684	0.014810	0.448340
1.443957	0.380185	0.034200	1.420655	0.034587	0.314050
1.438631	0.352377	-0.002371	1.231954	-0.002655	0.246427
1.650621	0.396615	-0.006618	1.643720	0.003935	0.316756
3.125719	0.664339	0.008693	3.054249	-0.017093	0.713360
1.749889	0.394671	0.005713	1.504799	0.029922	0.346905
1.217066	0.353949	0.001712	1.358513	0.002681	0.258052
1.206664	0.337876	0.000179	1.130299	-0.000494	0.230421
1.353298	0.374783	-0.000132	1.451388	0.006294	0.287166
1.960058	0.439055	0.013783	2.056137	0.028900	0.396280
1.737702	0.431649	0.012259	1.931168	0.014602	0.391124
1.226121	0.346044	0.000207	1.251810	0.000305	0.238589
1.618550	0.377929	0.003283	1.404491	0.003284	0.281300
1.098898	0.329669	-0.000000	1.098898	-0.000000	0.219780
1.541384	0.388147	0.000317	1.551921	-0.001375	0.306809
3.001878	0.683990	0.000496	3.013580	0.014614	0.742103
1.972279	0.465746	-0.012752	1.988904	-0.005645	0.406945
2.125072	0.490518	-0.005491	2.081095	-0.008526	0.445612
2.459699	0.534163	-0.022403	2.219201	-0.015791	0.520343
1.513137	0.391633	-0.031999	1.579309	-0.015118	0.316046
1.173531	0.340001	0.003288	1.163098	0.006601	0.242605
2.762194	0.508129	0.023875	2.205963	0.007211	0.532896
1.182493	0.347135	-0.018580	1.272849	-0.015837	0.256837
1.526210	0.386293	-0.003649	1.465728	0.000764	0.297831
2.041507	0.490690	-0.006839	1.785669	-0.037795	0.429749
1.188436	0.355314	0.000482	1.210130	-0.002620	0.247470
1.191682	0.335065	0.000281	1.122032	0.000336	0.228428
2.037739	0.484677	-0.019714	1.894874	0.020893	0.419478
1.512728	0.375747	0.011497	1.322727	0.003933	0.281802
3.363308	0.668055	0.012764	3.118430	-0.022041	0.751646
2.382942	0.535911	0.013815	2.254055	0.031723	0.516514
1.547333	0.416111	0.014909	1.734370	0.026000	0.347363
1.487318	0.389971	-0.007476	1.567673	-0.004433	0.302896
1.763514	0.382049	-0.006390	1.562671	-0.001636	0.297544
1.316437	0.355869	-0.003354	1.223945	0.000012	0.258035
2.915763	0.643379	-0.008122	3.319660	-0.004302	0.700171
2.855108	0.579564	0.005113	2.707797	-0.008616	0.603100
1.699806	0.425269	0.003470	1.661294	0.002812	0.367428
1.559473	0.394564	0.005037	1.567641	0.000365	0.299443
2.936275	0.626236	-0.014505	3.275858	0.001096	0.665333
2.552298	0.509087	0.015511	2.351589	0.003173	0.491326
2.428364	0.495995	-0.007585	2.325300	0.013252	0.478195
1.828548	0.448811	-0.015299	1.893935	0.007488	0.387054
1.910877	0.444202	0.006346	1.864159	0.018995	0.416667
2.813166	0.626184	0.027992	2.972428	0.021366	0.656222
2.783802	0.564146	0.012690	2.720647	-0.037321	0.576615
1.907138	0.460123	-0.002611	2.088809	-0.012044	0.396527
1.333005	0.354109	0.001401	1.426987	0.004244	0.264189
2.693402	0.583030	0.010159	2.595637	-0.023564	0.612731
1.159456	0.344342	-0.000547	1.333186	-0.002315	0.243780
1.694757	0.420252	-0.010510	1.747750	0.003706	0.349752
1.850350	0.441357	0.002142	1.910133	-0.025071	0.372217
3.082279	0.614657	0.001468	3.037821	0.038650	0.695332
1.164097	0.334787	-0.000042	1.165805	-0.000129	0.224504
1.423131	0.382115	-0.002940	1.546973	-0.000671	0.299119
1.950391	0.457214	0.026573	2.025564	0.031734	0.415745
2.948798	0.608223	0.017479	2.738187	0.029343	0.626740
1.098898	0.329669	-0.000000	1.098898	-0.000000	0.219780
1.701016	0.420921	-0.002559	1.748079	-0.006472	0.356493
1.794666	0.418823	-0.007924	1.658320	-0.009875	0.335611
1.337908	0.371615	-0.003182	1.526237	-0.008528	0.273083
1.448653	0.382567	0.018794	1.437363	0.014485	0.311327
1.817836	0.451252	0.013567	1.651874	0.036342	0.391963
2.271714	0.469526	-0.009305	1.975201	-0.002274	0.441906
2.533900	0.525764	0.014569	2.486874	0.007899	0.522237
2.607749	0.553413	-0.024676	2.488803	-0.008478	0.531195
1.779828	0.437130	0.001906	1.858001	0.007497	0.354492
2.336191	0.549456	0.015689	2.477838	-0.011026	0.504468
1.721038	0.442271	-0.004276	1.890710	0.006511	0.388635
1.361001	0.374639	-0.003539	1.263821	0.000094	0.268678
1.272504	0.352127	-0.003508	1.228936	-0.001448	0.246188
2.190912	0.450210	0.013371	1.985048	0.004796	0.384785
2.201011	0.484328	-0.027032	1.932940	-0.012952	0.438523
1.348790	0.371148	-0.004369	1.476222	-0.004044	0.283849
1.245685	0.344649	-0.000671	1.154198	-0.000181	0.236190
2.245393	0.520792	-0.015105	2.513052	-0.006402	0.505017
3.000694	0.595033	0.034882	2.670133	0.004436	0.630288
1.545429	0.418541	-0.000350	1.590642	-0.010702	0.340729
3.171185	0.620856	0.034788	3.074475	-0.003385	0.686447
1.862023	0.474812	-0.005190	1.901286	0.003931	0.402919
1.385388	0.381389	0.005173	1.396477	0.000542	0.278902
1.152438	0.341689	-0.000149	1.238160	-0.000071	0.233867
2.937069	0.592461	-0.014833	3.074627	0.006924	0.644625
2.622550	0.574804	0.023722	2.552181	0.016126	0.584498
1.617748	0.421650	0.001159	1.787790	-0.005368	0.328727
2.789804	0.615760	-0.001590	2.692163	0.016246	0.642853
3.357808	0.622865	-0.003082	2.709441	-0.012661	0.747626
2.250293	0.527524	-0.004310	2.462894	-0.006801	0.496694
2.157432	0.479903	-0.005676	1.923426	-0.000912	0.421728
1.451952	0.377807	-0.002913	1.486823	-0.003703	0.283786
2.815778	0.578261	0.019201	3.088973	0.010947	0.606662
1.845626	0.411320	-0.000315	1.584749	-0.003606	0.327932
2.921770	0.589458	0.008722	2.968341	0.006012	0.637226
1.287488	0.365666	0.000106	1.240692	-0.001484	0.262146
1.503857	0.407322	0.011046	1.514611	0.005188	0.325319
2.661362	0.582544	-0.010170	2.800294	0.022381	0.604774
2.229654	0.481358	-0.031385	2.227012	-0.038790	0.474636
1.625950	0.397040	-0.005032	1.511647	-0.004696	0.314375
1.398843	0.351802	0.002347	1.237775	0.014501	0.258782
2.686871	0.523348	-0.010097	2.181064	-0.003294	0.491181
1.660056	0.428792	0.005673	1.847242	0.004602	0.360304
1.098898	0.329669	-0.000000	1.098898	-0.000000	0.219780
1.310000	0.380618	-0.018358	1.503830	-0.030493	0.299251
2.462428	0.527187	0.033540	2.380759	0.010998	0.524726
1.227025	0.339109	-0.000446	1.186145	0.000532	0.231558
1.362908	0.390258	-0.000548	1.515219	0.000389	0.294313
1.380465	0.356603	-0.000592	1.223817	0.002849	0.261681
2.471378	0.521258	0.008784	2.295654	-0.011822	0.553756
3.325036	0.614023	-0.026634	3.150054	0.018783	0.656680
1.419801	0.372130	0.001483	1.338251	0.001348	0.269626
2.258317	0.477155	-0.004321	2.008887	0.009219	0.436718
2.217685	0.469447	-0.032552	2.329970	0.011302	0.444207
2.915683	0.643753	-0.018992	3.417588	-0.010493	0.747791
1.229675	0.345810	-0.000234	1.165611	-0.000297	0.241525
1.321087	0.377144	-0.000208	1.327701	-0.002978	0.282530
1.973928	0.455225	0.009161	1.824162	0.032023	0.421685
1.840594	0.457109	0.018506	1.876655	0.001825	0.400031
2.964221	0.593494	0.009766	2.683096	0.015969	0.643613
1.103665	0.330914	0.000126	1.191152	0.000545	0.222445
1.098898	0.329669	-0.000000	1.098898	-0.000000	0.219780
3.041323	0.647756	-0.027655	2.972028	-0.021535	0.725989
1.351959	0.372430	-0.002757	1.380103	-0.003148	0.270705
2.642674	0.532610	0.001924	2.450067	0.006477	0.492472
1.727757	0.413660	0.002979	1.700138	-0.005859	0.333370
2.930770	0.586161	0.001866	2.526066	-0.001080	0.630832
1.630620	0.402913	0.000753	1.649070	0.003698	0.317726
3.081806	0.604680	0.019086	2.925466	0.003646	0.639967
3.158668	0.609894	0.007929	2.869600	-0.026851	0.667053
1.841849	0.404008	-0.009919	1.632051	-0.001477	0.338801
2.356733	0.489403	-0.022525	2.446876	-0.010411	0.503026
2.812280	0.638068	0.033431	3.197629	-0.004404	0.692392
1.275480	0.359772	-0.000625	1.280463	0.001603	0.251484
2.520335	0.553785	0.005331	2.670847	0.001527	0.538019
1.732966	0.453004	0.011287	2.027231	0.001248	0.401873
1.964001	0.458396	-0.007941	1.898814	0.000693	0.402827
1.442376	0.396253	-0.006696	1.701435	-0.030601	0.312412
2.417969	0.484146	-0.036425	2.031814	-0.021809	0.452505
1.385169	0.355501	-0.012392	1.191616	-0.005540	0.253318
1.831874	0.465220	0.006488	2.232489	0.004573	0.411898
1.925058	0.412130	0.005709	1.594505	0.010065	0.331497
2.076122	0.457576	-0.017428	1.993048	-0.002963	0.403236
1.122210	0.335137	0.000067	1.190860	-0.000011	0.228915
2.217212	0.514995	-0.011761	2.574957	-0.013160	0.465713
2.382924	0.501652	0.027883	2.045556	-0.009800	0.483464
1.114342	0.331743	-0.000593	1.180670	-0.002872	0.231427
1.781435	0.432647	0.000874	1.784444	0.002438	0.352678
1.136118	0.338510	-0.000070	1.209643	-0.000422	0.232581
2.945783	0.655208	0.017510	3.058797	0.008095	0.726279
1.424389	0.379992	-0.002279	1.311117	-0.009032	0.284108
1.782292	0.434352	0.025503	2.122921	0.008395	0.369443
2.504494	0.548636	0.019230	2.305733	-0.021457	0.524449
1.789272	0.414912	0.002447	1.545741	0.007923	0.329400
2.958485	0.576809	-0.006930	3.062085	0.003664	0.602614
2.835334	0.632598	-0.024529	2.973580	-0.000596	0.664040
2.612686	0.601678	-0.015272	2.650767	0.018176	0.677750
1.399856	0.365470	-0.003544	1.316692	-0.001450	0.263293
1.124512	0.336071	-0.000072	1.127698	-0.000897	0.228065
2.218332	0.508902	-0.004890	1.923209	-0.009197	0.468630
1.234430	0.366457	0.000730	1.479146	-0.000961	0.259191
2.041333	0.466237	0.017321	1.989945	-0.018118	0.431584
3.029602	0.629107	-0.020393	2.977381	-0.035275	0.662437
3.534377	0.699259	0.000059	3.338235	-0.005165	0.806332
3.019915	0.590396	0.020510	2.992863	0.024944	0.619746
2.026020	0.435708	0.006296	1.748429	-0.009304	0.362084
2.330767	0.500305	-0.019006	2.426399	-0.022151	0.487507
1.166756	0.342178	0.000161	1.310121	-0.000546	0.233610
2.114149	0.487379	0.004368	2.121268	-0.007878	0.444966
2.725203	0.594282	-0.008537	3.001314	-0.023461	0.629132
2.556684	0.579200	-0.026654	2.724514	0.028967	0.586672
2.373614	0.526635	-0.018883	2.273389	0.018177	0.536338
2.022656	0.473644	-0.009340	2.052177	0.004357	0.417373
1.274031	0.371737	-0.006933	1.556682	0.000047	0.278160
2.859115	0.594213	0.021634	2.725443	0.010352	0.645765
1.098898	0.329669	-0.000000	1.098898	-0.000000	0.219780
2.423716	0.572896	-0.001254	2.867937	0.006706	0.570262
1.765648	0.455848	0.032442	1.682671	0.017908	0.406209
2.824491	0.617871	0.015827	2.823134	0.026933	0.645728
1.451657	0.392325	0.004992	1.466592	0.020090	0.312570
2.653062	0.547412	-0.008037	2.449173	-0.017459	0.542865
2.203761	0.501437	-0.001449	2.160920	-0.006803	0.466642
2.707916	0.577392	-0.005021	2.619030	-0.005123	0.575750
2.814538	0.591795	-0.000526	2.949401	0.005701	0.607019
2.518988	0.516182	0.016660	2.387222	0.038355	0.516468
1.304600	0.347987	0.025794	1.228576	0.004472	0.257036
1.264427	0.337793	0.026478	1.142451	0.004715	0.244261
3.269584	0.630340	0.018177	2.950834	0.007693	0.705894
1.742749	0.431484	0.000677	1.668009	0.010467	0.348763
2.836053	0.622839	-0.027243	3.133745	-0.031686	0.645220
1.705832	0.400427	-0.012070	1.714819	-0.028560	0.356325
2.454198	0.512521	0.016108	2.238710	-0.015401	0.515438
2.041953	0.482495	0.031281	2.272271	0.019872	0.445807
1.494122	0.377235	0.002564	1.333691	0.003084	0.279560
2.862858	0.611921	0.025789	3.080046	0.021358	0.656301
1.389144	0.363717	-0.001718	1.324297	0.001175	0.268207
2.769466	0.605706	0.029495	2.949302	-0.017256	0.669593
1.969032	0.457539	0.003356	2.119527	0.010805	0.410287
2.553670	0.559420	-0.024086	2.662172	-0.001612	0.558511
2.537078	0.545002	0.004146	2.586797	-0.014028	0.530553
1.936767	0.422109	0.011444	1.838004	0.003763	0.373471
1.897442	0.420069	-0.003703	1.797143	-0.005967	0.352094
2.520838	0.533345	0.006260	2.526692	0.013575	0.541511
2.734088	0.561148	0.016222	2.548451	0.033117	0.573819
2.440926	0.514902	-0.002537	2.464441	-0.005049	0.492833
1.753807	0.408599	0.003363	1.607016	-0.008618	0.326368
1.152695	0.343349	-0.000351	1.148908	-0.000198	0.235350
1.786648	0.473453	-0.013005	2.198418	-0.002832	0.415678
1.616458	0.443342	-0.000960	2.006094	0.016315	0.380509
3.056934	0.617938	-0.016701	3.179496	0.022648	0.672326
1.365931	0.358435	0.007876	1.345260	0.002699	0.262236
1.110965	0.333061	-0.000060	1.110960	-0.000022	0.222967
3.206822	0.644735	0.004478	3.023042	0.008666	0.711779
1.496549	0.410975	0.009017	1.767911	-0.003063	0.332478
2.508985	0.518662	-0.002822	2.699741	0.007894	0.495855
1.832467	0.403040	-0.007354	1.547462	0.027177	0.355508
1.856107	0.445870	-0.034492	2.147820	0.024825	0.409333
2.827650	0.588752	-0.023553	2.860280	0.018191	0.629776
2.982422	0.618019	0.008070	2.786492	0.007910	0.651590
1.644913	0.434129	-0.024849	1.638054	-0.022470	0.379962
2.100730	0.470833	0.003111	2.346878	0.006130	0.437815
3.000323	0.566458	-0.036078	2.548695	0.013457	0.661476
2.017529	0.491403	0.028804	1.889094	-0.015222	0.453817
2.151636	0.477082	0.014545	2.363685	0.000696	0.449226
1.167116	0.346024	0.000538	1.169233	0.001988	0.240068
3.243376	0.697683	-0.003774	3.186375	0.033471	0.759784
1.730542	0.414309	0.007797	1.770101	0.008540	0.329810
1.490878	0.406189	0.014403	1.864702	0.037703	0.347681
1.202674	0.331479	-0.000051	1.107822	0.000010	0.224028
1.810580	0.486113	-0.002048	1.943398	-0.037565	0.432519
1.898796	0.467650	-0.003872	1.941870	-0.005485	0.401631
2.238048	0.497211	-0.012207	2.342010	0.009838	0.492104
2.230984	0.496373	0.006610	2.248082	0.003498	0.460060
3.270063	0.723420	0.005750	3.525865	0.006868	0.853198
1.368900	0.359874	0.000540	1.550789	0.000813	0.260962
3.270097	0.651256	0.003314	3.101799	-0.000246	0.740412
2.140718	0.480322	0.006087	2.095066	-0.000899	0.426663
2.046081	0.462658	-0.010823	2.072850	-0.001702	0.416115
1.421982	0.389732	-0.004003	1.419867	0.005664	0.290519
2.673821	0.574462	0.020160	2.746377	0.022289	0.599051
2.118300	0.473823	0.039418	2.465536	0.023365	0.432081
1.542741	0.398172	0.016088	1.483474	0.032823	0.325779
1.503070	0.414238	0.004126	1.600119	-0.006648	0.324178
1.213991	0.359563	0.001332	1.341393	0.002323	0.255988
1.875627	0.430310	0.004619	1.898327	0.001902	0.361803
2.864840	0.599226	0.007786	3.416914	0.004253	0.629849
1.128755	0.335639	0.000363	1.142545	0.000999	0.231489
3.079813	0.635312	0.006234	3.099154	-0.018847	0.681777
1.362931	0.346705	-0.000297	1.251620	-0.000079	0.245354
1.459728	0.364265	-0.000524	1.407503	0.001552	0.257398
1.372814	0.353961	0.002115	1.317900	0.000824	0.248622
2.098456	0.481167	-0.004227	2.060319	-0.003102	0.443587
2.108613	0.471151	0.035768	2.134332	0.010900	0.424615
1.111004	0.332914	0.000028	1.111900	0.000006	0.223153
3.236654	0.678138	-0.007181	3.468073	-0.006934	0.782366
2.861347	0.605660	-0.009710	3.082719	-0.010244	0.663973
1.597643	0.417029	-0.002246	1.710749	0.003421	0.334820
2.254249	0.490664	-0.007968	2.380427	-0.005602	0.449691
1.288091	0.360250	0.001094	1.441246	-0.000515	0.261479
2.540978	0.585631	-0.003233	2.767248	-0.015630	0.589985
1.331617	0.370530	0.006428	1.510787	0.000150	0.281457
1.332566	0.373052	-0.003682	1.325187	-0.005580	0.282558
1.913951	0.435639	0.017956	1.719073	0.013291	0.362576
2.036588	0.442552	-0.013602	1.758351	-0.002680	0.390467
1.244861	0.356417	0.000096	1.209055	-0.000453	0.252559
1.982370	0.453505	0.029027	1.776045	0.018615	0.393253
1.127544	0.335139	-0.000135	1.186119	0.000397	0.230787
2.565752	0.551267	0.018282	2.884836	0.003431	0.586964
1.828920	0.447295	-0.039572	1.768814	-0.010535	0.381172
1.926316	0.464368	0.030722	1.922493	0.007843	0.392707
3.069360	0.630768	-0.019742	3.005731	-0.001386	0.701864
2.559591	0.553048	0.002095	2.523759	-0.010615	0.507814
1.204678	0.331664	-0.001023	1.108824	-0.000151	0.225461
1.301109	0.377950	0.007320	1.502814	0.001834	0.283010
1.479873	0.377774	-0.001261	1.622922	-0.001918	0.297895
1.418282	0.372242	-0.001208	1.474763	-0.003175	0.279178
2.243731	0.530874	0.008852	2.562984	-0.011224	0.496097
1.158337	0.343992	0.004728	1.180022	0.002439	0.238265
2.806317	0.602447	0.002184	3.003359	-0.001870	0.658236
1.747295	0.460661	-0.001003	1.905674	-0.006179	0.403134
1.742692	0.402951	-0.010906	1.549737	-0.004893	0.335501
2.709581	0.579464	0.021641	2.370099	0.008443	0.607134
2.967412	0.600118	0.027866	2.950398	-0.004942	0.625820
3.607002	0.697924	0.031470	3.201662	-0.018327	0.855611
1.412285	0.399928	0.032631	1.489986	0.033364	0.333835
1.451979	0.374162	0.002574	1.531760	0.001285	0.283164
2.422034	0.527563	-0.033483	2.419010	-0.035905	0.510028
1.717526	0.390490	-0.033413	1.516000	-0.019368	0.324191
1.324590	0.371320	0.004071	1.447396	0.004565	0.279997
2.450541	0.555797	-0.013883	2.637634	-0.013068	0.556080
2.521984	0.564170	0.001394	2.692005	0.014540	0.565248
2.755311	0.620951	0.019994	3.142842	0.014340	0.663405
1.476659	0.400090	0.030210	1.495593	0.031025	0.340158
3.129664	0.584997	0.015895	2.841952	0.028235	0.592140
2.791944	0.574843	-0.011143	2.589097	-0.017140	0.578391
2.089518	0.440479	-0.000281	1.938701	-0.009146	0.378982
1.686918	0.426026	0.001765	1.662430	0.003780	0.340153
2.063491	0.476704	0.007979	1.875431	0.009905	0.420980
1.343858	0.360207	0.000142	1.342211	-0.000445	0.257405
1.939244	0.448578	-0.037131	1.959405	-0.010949	0.399139
2.123830	0.446155	-0.013716	1.698003	-0.019299	0.413390
1.630878	0.408616	0.010611	1.631327	0.025263	0.344654
1.812001	0.456190	0.012016	1.897355	0.030315	0.409949
1.914110	0.449908	0.012508	1.759659	0.016568	0.381620
2.244460	0.510254	-0.012958	2.350354	-0.015405	0.481871
1.222668	0.348571	-0.032218	1.178291	-0.016980	0.262933
1.563825	0.391250	-0.019714	1.525150	-0.038432	0.342314
1.760690	0.402650	-0.007209	1.691649	-0.003483	0.319153
1.801403	0.434817	-0.031142	1.993648	-0.025885	0.388378
1.242023	0.348980	-0.001165	1.173176	-0.002157	0.242019
1.098898	0.329669	-0.000000	1.098898	-0.000000	0.219780
1.308529	0.354799	0.000664	1.274112	0.000377	0.255247
1.542345	0.384284	0.000031	1.509477	0.004727	0.293758
1.776157	0.401707	-0.012709	1.678587	0.004115	0.327183
1.323057	0.364992	0.003196	1.410684	0.007297	0.263657
3.003362	0.645989	0.004676	3.215400	-0.012619	0.718719
1.373523	0.377038	-0.002569	1.390337	-0.006868	0.283608
2.143752	0.486405	0.004207	2.178281	0.019539	0.441932
1.596402	0.361689	0.001105	1.271717	-0.002147	0.269001
1.792366	0.432528	-0.015542	1.895498	-0.002471	0.360180
2.648675	0.568358	-0.031269	2.694468	0.016391	0.586274
2.012484	0.454690	-0.005125	1.937171	-0.004206	0.387926
2.679878	0.534885	-0.031379	2.456179	-0.016941	0.534051
1.443489	0.389795	-0.007906	1.436377	-0.002397	0.306079
1.150500	0.343919	-0.000837	1.148273	0.001416	0.234779
2.135994	0.482019	-0.026702	2.133520	-0.008360	0.451382
1.683095	0.374384	0.005171	1.440435	0.002588	0.281571
1.286439	0.361904	-0.000113	1.305238	-0.000713	0.259626
1.163892	0.347035	0.000628	1.163118	0.000307	0.238361
1.558724	0.386524	-0.003732	1.395404	-0.002601	0.294390
1.268236	0.374152	0.001451	1.305178	0.015869	0.272605
1.916287	0.428784	0.001304	1.929850	0.008464	0.374286
1.110930	0.333033	0.000015	1.111013	0.000004	0.223052
1.802225	0.452252	-0.034807	1.929655	-0.035501	0.408952
1.712816	0.424803	-0.009575	1.826383	-0.008384	0.355516
2.604150	0.523979	-0.011570	2.483260	-0.027728	0.529378
1.595122	0.371607	0.004477	1.438883	-0.001219	0.281606
2.246621	0.478889	-0.025410	2.179746	-0.025171	0.461846
1.625773	0.398398	-0.012408	1.401582	-0.008493	0.303571
3.201920	0.673763	-0.019884	3.203413	0.005237	0.757198
2.103872	0.471795	-0.019713	2.082538	0.013595	0.429609
2.189872	0.535402	-0.019126	2.272075	0.015385	0.520310
1.276853	0.359647	0.000410	1.344963	-0.000177	0.256826
3.502058	0.701771	0.015452	3.555923	0.011824	0.852183
2.439208	0.514458	0.027975	2.069418	0.005969	0.487977
2.513035	0.544534	0.033209	2.323396	0.001872	0.551168
1.556911	0.349466	0.002450	1.345596	-0.000145	0.256935
1.371081	0.356735	-0.000096	1.345979	0.000726	0.253902
3.232237	0.659351	0.022205	3.171369	0.023469	0.793869
2.509943	0.536138	0.009791	2.751996	-0.015213	0.508853
2.646795	0.529132	0.010913	2.176798	0.020078	0.508662
3.236938	0.660211	-0.013528	2.910968	0.008440	0.729857
2.441452	0.534395	-0.037970	2.623171	-0.003197	0.520303
1.779532	0.407240	-0.004495	1.599616	0.011423	0.337088
1.421237	0.396790	-0.000208	1.563965	0.010004	0.308989
1.155870	0.338256	0.000673	1.223928	-0.000483	0.229846
1.222170	0.338261	-0.000522	1.194446	0.000031	0.229939
2.446898	0.520232	0.016765	2.362816	0.008931	0.505430
1.881471	0.415246	0.005132	1.858656	-0.009063	0.335233
2.520769	0.531618	0.012301	2.514819	0.012201	0.507788
1.287161	0.355618	0.001778	1.289404	0.001426	0.251727
3.145175	0.666843	-0.005152	3.102703	-0.005844	0.735858
1.244711	0.364455	-0.005681	1.306598	-0.009378	0.269124
1.385708	0.372448	-0.001269	1.362775	-0.008846	0.290362
3.353203	0.640336	0.011547	2.947086	-0.007919	0.721576
1.895595	0.460241	0.000717	2.013984	-0.006094	0.403233
1.490059	0.364236	-0.004839	1.239637	0.001538	0.267961
1.656253	0.382761	0.001224	1.616190	0.003692	0.301275
2.569330	0.539999	-0.031839	2.551301	-0.034793	0.567197
1.538274	0.391842	0.008802	1.737426	-0.002646	0.308733
1.098898	0.329669	-0.000000	1.098898	-0.000000	0.219780
1.796321	0.425770	0.011101	1.804556	0.006176	0.348741
1.555307	0.388798	-0.002141	1.494545	-0.004869	0.303147
2.631357	0.596931	-0.000724	2.926673	0.038014	0.629268
2.531476	0.566255	0.001907	2.752608	0.017053	0.581764
1.476047	0.381303	0.003324	1.424029	-0.005129	0.288097
3.251751	0.648115	-0.002629	3.461245	-0.031266	0.735327
2.443720	0.501039	-0.008582	2.146556	0.008894	0.460960
1.675478	0.409330	-0.000309	1.779958	0.000346	0.324006
2.053884	0.472452	-0.020386	2.353962	-0.015906	0.423436
1.464682	0.388048	0.020624	1.403321	0.022223	0.307326
1.098898	0.329669	-0.000000	1.098898	-0.000000	0.219780
2.732982	0.572769	0.004053	2.750916	0.012505	0.600988
2.149151	0.449720	-0.001673	2.140081	0.007684	0.382604
2.559598	0.524886	-0.000403	2.299833	-0.017503	0.516251
2.738611	0.607530	0.015210	2.894581	0.018490	0.636637
2.259329	0.511617	0.019453	2.417245	0.005722	0.488347
3.205603	0.619921	-0.008234	3.233618	-0.014379	0.703330
2.449032	0.541557	-0.035920	2.667184	-0.027374	0.542984
1.098898	0.329669	-0.000000	1.098898	-0.000000	0.219780
2.518593	0.568681	0.012973	2.724610	0.007886	0.558599
1.359520	0.374066	0.022244	1.519533	0.012796	0.304295
2.410412	0.492957	0.032523	2.328115	0.014486	0.466210
1.962476	0.434278	0.014128	1.940162	0.009397	0.377196
1.445514	0.356991	-0.004268	1.380455	0.002583	0.260398
1.098898	0.329669	-0.000000	1.098898	-0.000000	0.219780
1.953046	0.422363	0.000389	1.793266	0.003182	0.355124
2.991273	0.648765	0.000005	2.907456	-0.039683	0.714978
2.664966	0.513146	0.026691	2.207419	0.031140	0.495339
2.375034	0.504511	0.002376	2.520832	0.005402	0.495409
2.646856	0.575691	0.003332	2.446816	0.020760	0.579447
2.288835	0.507427	0.005434	2.225997	-0.037925	0.492801
3.152703	0.642839	0.007536	2.903730	-0.035307	0.740431
2.327107	0.504055	0.008492	2.049372	-0.006667	0.503995
2.702476	0.564205	-0.029366	2.702832	0.006221	0.590733
2.314354	0.539224	0.008629	2.520582	0.028714	0.555085
1.169834	0.345736	-0.001689	1.182937	0.000265	0.241676
1.110992	0.332994	0.000025	1.111527	0.000018	0.222996
1.250569	0.351139	-0.000195	1.186164	0.002088	0.243866
1.489997	0.365466	0.000686	1.341116	0.002036	0.267315
1.931345	0.449448	0.002412	1.825541	-0.002169	0.392727
3.236677	0.633514	-0.030309	3.333012	0.012609	0.685845
2.012179	0.499086	0.020868	2.327767	0.027386	0.478382
1.098898	0.329669	-0.000000	1.098898	-0.000000	0.219780
1.581086	0.392851	0.001194	1.871441	-0.000569	0.303937
1.588909	0.405272	-0.007100	1.660861	-0.027146	0.354624
2.442140	0.570848	-0.015394	2.757468	0.008960	0.596820
1.538335	0.370717	-0.000908	1.382112	-0.003254	0.275187
2.003154	0.454798	0.013417	1.911144	-0.008134	0.388566
2.192479	0.498782	-0.008406	2.368614	0.026822	0.487085
3.160530	0.592210	-0.030229	3.103167	-0.002847	0.649164
3.142548	0.666876	-0.017034	3.126019	-0.001019	0.741098
2.057866	0.465396	0.007680	1.895038	0.003290	0.422126
2.492692	0.539613	0.035512	2.383353	0.013089	0.539928
1.935931	0.447325	-0.014962	2.171506	0.013558	0.435471
3.091900	0.671004	0.016264	3.352770	0.013697	0.748154
1.499184	0.375247	0.001874	1.433557	0.000257	0.281519
1.852360	0.467976	0.028864	2.125424	0.033039	0.421566
1.746553	0.431521	-0.022551	2.108700	-0.037030	0.387235
2.306412	0.450724	0.006303	1.944117	0.005018	0.401636
1.594509	0.384407	-0.004398	1.442042	-0.002976	0.300554
3.060836	0.651418	0.015469	3.342956	-0.025744	0.716070
1.174213	0.350819	-0.000584	1.178916	-0.000910	0.241761
1.112802	0.332863	0.000028	1.111350	0.000021	0.223819
1.898690	0.423268	-0.010466	1.779699	-0.004261	0.356883
1.920793	0.429530	-0.008920	1.853300	-0.012246	0.356954
1.664288	0.374310	0.017158	1.415100	0.015178	0.296541
1.203983	0.334024	-0.000087	1.115273	0.000063	0.224909
2.157526	0.466454	0.018262	1.807129	-0.006828	0.407387
1.699109	0.423219	0.009295	1.787651	-0.010496	0.345861
1.345627	0.362447	-0.001907	1.432650	0.000723	0.271666
2.591204	0.555437	-0.003825	2.734917	0.005300	0.568377
3.166780	0.681839	0.023462	3.279386	0.026621	0.768812
2.273002	0.544520	0.007895	2.511330	-0.004159	0.519938
2.531619	0.530413	-0.005113	2.299990	0.001891	0.494285
2.559147	0.591432	0.000575	2.752224	0.009873	0.612844
2.646901	0.567153	-0.005144	2.483341	0.008210	0.600178
3.233655	0.680792	-0.010864	3.170036	0.005117	0.780813
2.590930	0.552777	0.014256	2.478002	0.001700	0.535228
3.062359	0.610984	0.015125	3.030822	-0.016763	0.686048
1.506808	0.375637	-0.040003	1.352217	-0.035725	0.310498
1.191903	0.349903	-0.001370	1.183076	-0.001497	0.244387
1.664470	0.420995	-0.018178	1.649068	-0.005460	0.349428
2.053746	0.483611	-0.014319	2.025385	-0.019162	0.434940
1.395005	0.402405	-0.007156	1.470892	-0.021334	0.333572
2.239573	0.517906	-0.002288	2.477350	-0.022064	0.512767
1.435656	0.383152	-0.030097	1.362330	-0.013781	0.304910
3.004067	0.627667	0.021505	2.841915	-0.006493	0.649636
1.936271	0.429671	0.012893	1.790230	0.012216	0.375821
1.450574	0.375411	0.004181	1.471110	0.002488	0.280688
2.338865	0.531076	-0.015370	2.373636	0.006034	0.521683
1.334961	0.367883	-0.000284	1.243604	0.002648	0.265159
2.066311	0.478263	0.004958	2.028430	-0.000828	0.420914
1.332399	0.347660	-0.000757	1.251866	0.000463	0.242519
2.983103	0.617198	0.012486	3.091512	0.020748	0.693411
1.523329	0.404135	0.019477	1.686280	0.010946	0.329994
3.031447	0.607290	-0.035526	2.997016	0.000525	0.657531
2.429429	0.489227	0.025573	2.131165	0.019595	0.434635
3.257614	0.634699	0.014501	3.282869	-0.003213	0.703330
3.486119	0.735669	-0.009529	3.104728	0.038301	0.840839
2.430520	0.511141	0.007027	2.616418	-0.030030	0.466414
2.212773	0.538604	0.014675	2.456579	-0.006631	0.494804
1.342927	0.372258	-0.018858	1.381501	-0.005322	0.281835
1.976185	0.446798	0.014713	1.932330	0.014212	0.384799
2.536892	0.534213	0.004685	2.479644	0.001932	0.502920
1.676322	0.386315	-0.003200	1.483836	0.000144	0.289017
1.330274	0.364691	0.004218	1.362396	0.003096	0.265607
2.689816	0.567012	-0.001764	2.570323	-0.029798	0.578058
2.069064	0.491986	0.013717	2.159663	-0.004817	0.426838
2.889099	0.626987	-0.004180	3.049716	0.022657	0.673173
3.069611	0.561665	-0.011426	2.859967	-0.024804	0.559434
2.005566	0.470355	-0.015925	2.080707	-0.000112	0.457503
1.931817	0.434727	0.003820	1.803371	0.005942	0.365761
1.271424	0.348697	-0.001051	1.175080	0.002496	0.244475
2.546054	0.531076	0.038695	2.147915	-0.006164	0.534549
2.307026	0.499999	-0.009167	2.070893	-0.011765	0.461125
1.638124	0.411756	0.008063	1.609120	0.008185	0.333054
1.851946	0.446262	0.012071	1.944960	0.005200	0.384975
1.642617	0.406073	0.002389	1.747227	0.013460	0.339017
3.071679	0.616162	0.028417	2.840714	0.005083	0.703798
2.345696	0.508374	0.020778	2.144380	-0.030741	0.504779
2.227431	0.495418	0.007802	1.955686	0.007345	0.449594
1.562954	0.393035	-0.003182	1.558939	0.002425	0.305887
2.832409	0.577891	-0.015181	2.930023	0.006708	0.591628
1.559720	0.393776	-0.007247	1.651859	-0.003504	0.304117
1.722146	0.436754	0.012624	1.800640	-0.000999	0.358614
2.664006	0.514444	-0.030536	2.492854	-0.016655	0.506250
2.608225	0.568119	-0.020573	2.587796	-0.039486	0.587934
2.850642	0.569225	-0.003373	3.071021	-0.019191	0.592323
1.388424	0.373437	0.000998	1.386042	0.001104	0.278886
2.380075	0.507042	0.007714	2.210699	-0.017702	0.456063
1.339316	0.361687	-0.003666	1.225287	-0.001990	0.260225
1.399818	0.365124	0.012296	1.483204	0.009454	0.282000
2.843492	0.568453	-0.031201	2.595395	-0.029194	0.582624
1.468127	0.376815	-0.006728	1.387658	-0.006089	0.285641
1.478760	0.389573	0.007665	1.510051	0.006815	0.295183
1.548354	0.400141	-0.006617	1.674698	0.002380	0.316353
2.654344	0.563112	0.009635	2.538559	0.021298	0.568991
1.395919	0.382576	0.008965	1.363265	0.003024	0.293925
2.309270	0.520725	0.029061	2.183359	0.024792	0.468753
3.140043	0.655068	0.030301	2.844920	-0.016143	0.722266
1.639179	0.426016	-0.006466	1.761055	-0.001524	0.343275
2.356499	0.495402	-0.007360	2.217623	0.011676	0.475283
3.066980	0.656305	0.024130	3.115201	0.031758	0.730564
1.739511	0.432954	0.012783	1.720788	-0.025023	0.383292
1.485179	0.389202	0.000772	1.729779	0.000486	0.288400
1.111477	0.333045	-0.000004	1.111056	-0.000005	0.223076
1.098898	0.329669	-0.000000	1.098898	-0.000000	0.219780
2.419709	0.558269	0.007589	2.309188	0.015373	0.528858
3.436122	0.681226	-0.024442	3.350745	-0.008448	0.765284
1.175345	0.351386	-0.001146	1.175438	-0.001785	0.242722
3.239447	0.629270	0.000762	2.989954	0.009991	0.681428
2.616916	0.570519	-0.027348	2.886544	-0.018235	0.603219
1.189585	0.353527	0.003069	1.285857	0.002511	0.253022
2.418383	0.551269	0.003658	2.542704	0.000013	0.588441
1.645492	0.410449	0.005127	1.676399	-0.002486	0.336186
1.123989	0.336072	-0.000274	1.126822	0.000429	0.227034
1.369772	0.370743	-0.006770	1.357172	-0.002213	0.281177
1.751456	0.429288	-0.012676	1.838130	-0.016234	0.365183
2.863562	0.634523	0.010126	3.048368	-0.012027	0.682055
2.055324	0.458826	-0.036330	1.883217	0.004480	0.403863
2.543502	0.522626	-0.013988	2.275677	0.017896	0.520230
3.191512	0.624433	0.009014	3.039864	0.009246	0.666902
2.123388	0.438027	0.009766	1.802264	-0.002470	0.406457
2.819424	0.644400	0.006547	3.016084	-0.001197	0.716195
1.241841	0.347902	-0.000026	1.242714	0.000077	0.245796
3.426499	0.628280	-0.012344	3.001511	-0.007381	0.730286
2.674778	0.576057	-0.021308	2.820619	-0.039871	0.605862
1.816459	0.446178	0.025858	1.770500	0.008502	0.377963
1.951977	0.486897	0.001207	2.138661	-0.013484	0.433603
1.515124	0.381220	-0.000453	1.642754	0.000584	0.286434
2.647724	0.525237	0.005842	2.646880	0.003719	0.534186
2.768290	0.605773	-0.039225	3.006117	0.010358	0.636969
2.637109	0.553041	0.035758	2.493334	0.017984	0.565198
1.871173	0.391836	-0.008834	1.503149	0.005359	0.319891
2.204486	0.529907	-0.002078	2.460736	0.016591	0.501195
1.373271	0.371811	0.000728	1.267774	-0.001080	0.271329
2.649137	0.609416	-0.010430	2.633924	-0.028376	0.647212
2.925060	0.610426	-0.021588	3.101318	-0.014282	0.702683
1.636409	0.406318	0.000994	1.730595	0.006801	0.325798
1.267588	0.360284	-0.006863	1.236755	-0.006138	0.259118
2.815395	0.589909	-0.015880	2.783946	-0.035637	0.634295
1.607458	0.378273	-0.004136	1.560083	0.000300	0.287841
1.707347	0.406446	-0.005894	1.470816	-0.014391	0.340786
1.488873	0.400119	-0.007652	1.514829	-0.005467	0.306829
1.513044	0.389391	-0.000144	1.658556	-0.000644	0.305200
2.873093	0.620800	0.025040	2.882996	-0.003608	0.677680
1.162516	0.345709	0.000857	1.227865	0.000167	0.239377
2.737145	0.552233	-0.006365	2.769801	0.031516	0.582938
2.139994	0.533298	-0.009222	2.288655	-0.039574	0.510708
2.960392	0.640790	-0.009372	3.023721	-0.037096	0.713521
1.850979	0.395138	-0.009431	1.711899	-0.014372	0.343869
1.860894	0.498857	-0.009603	2.232541	-0.001995	0.447554
1.748094	0.433282	-0.016606	1.651323	-0.007681	0.368640
2.218853	0.490805	-0.005138	2.127081	0.004439	0.442440
3.153585	0.616153	0.026903	3.113254	-0.005475	0.682686
2.988612	0.584781	-0.007446	2.840876	-0.025209	0.638577
1.287196	0.355996	0.033447	1.226376	0.034295	0.281729
1.098898	0.329669	-0.000000	1.098898	-0.000000	0.219780
1.973421	0.465203	0.003622	1.975165	0.008577	0.402244
1.473183	0.383328	-0.017143	1.846754	0.006831	0.321749
1.505001	0.391357	0.003560	1.749317	0.002024	0.301636
1.633684	0.422623	-0.012813	1.805771	-0.018060	0.351413
2.239187	0.487868	-0.029615	2.065999	-0.010856	0.451898
1.439441	0.372482	-0.002968	1.650807	-0.002142	0.282600
1.246192	0.343695	-0.001109	1.225272	-0.000124	0.238711
1.515352	0.380152	0.001014	1.601379	0.000332	0.294330
2.178216	0.434537	-0.013556	1.747548	0.004342	0.402916
1.607368	0.398861	-0.028125	1.653361	0.003966	0.319929
2.626079	0.527392	0.017717	2.466357	0.018766	0.533643
1.338908	0.346827	0.002112	1.177870	0.000055	0.246695
1.152287	0.333480	0.000033	1.112304	-0.000022	0.223784
3.098002	0.622834	0.012216	3.236147	0.005257	0.677461
2.208436	0.494769	0.007105	2.236384	0.012607	0.472503
1.972215	0.499073	-0.017805	2.267329	-0.020774	0.459285
1.382631	0.385617	0.004095	1.492676	0.009055	0.287084
1.750096	0.411298	-0.007957	1.594798	0.008462	0.327208
1.508946	0.393749	0.004747	1.404792	0.001466	0.298670
2.276168	0.513222	-0.021343	2.470549	-0.017210	0.493306
3.380825	0.693734	-0.018583	3.680126	0.013939	0.823646
1.486030	0.374802	0.001161	1.583708	-0.000072	0.272004
2.636458	0.571970	-0.031907	2.762360	-0.028976	0.604386
1.471068	0.359977	-0.011357	1.227306	-0.010710	0.273478
3.526305	0.713075	-0.034464	3.453673	-0.008772	0.842138
1.802147	0.431461	-0.011868	1.765121	-0.006996	0.363967
1.886426	0.452827	0.006889	1.855013	0.002908	0.380573
1.394655	0.382293	0.001301	1.697061	-0.003238	0.290352
1.921812	0.479532	0.004526	1.825784	0.020740	0.445381
1.111011	0.333084	0.000037	1.111035	0.000040	0.223042
2.724566	0.564717	-0.000024	2.505215	-0.024532	0.581637
1.162720	0.347014	0.000174	1.192934	-0.000566	0.237896
1.958365	0.489934	-0.012909	2.123061	0.003444	0.441601
1.098898	0.329669	-0.000000	1.098898	-0.000000	0.219780
1.355712	0.374297	0.003540	1.430479	0.001475	0.270011
3.163104	0.671755	0.018079	3.109542	0.000401	0.792782
1.316113	0.362328	0.001987	1.327669	-0.000674	0.255600
1.749013	0.407941	-0.000120	1.772576	0.005998	0.324165
1.746888	0.423288	0.007445	1.612763	0.012295	0.335215
1.908153	0.469740	-0.008270	1.993293	-0.008771	0.409395
1.949998	0.451748	0.003075	1.729516	0.023746	0.417091
2.033844	0.500292	0.014419	2.283216	-0.002301	0.444475
1.501238	0.393567	-0.002052	1.641584	-0.000450	0.308379
2.674802	0.543167	-0.021690	2.833045	0.020582	0.565398
2.553310	0.560115	0.016240	2.708413	0.010114	0.552609
1.704464	0.412999	-0.011469	1.618210	-0.000587	0.323055
2.359774	0.549242	-0.003192	2.431632	0.017580	0.546834
1.383685	0.363321	-0.004671	1.363115	-0.000986	0.263340
2.710466	0.563645	0.005249	2.906908	-0.007380	0.596449
1.988704	0.494639	-0.004822	1.982184	-0.011522	0.473680
3.039928	0.652570	-0.014893	3.331451	-0.012996	0.743300
2.403172	0.483363	0.039645	2.158752	0.000270	0.456082
2.329583	0.535399	0.014614	2.615282	0.013536	0.501761
1.951362	0.433058	0.012892	1.872936	0.001168	0.392662
2.085634	0.496088	0.035640	1.960552	0.020036	0.466277
2.420617	0.563863	0.013598	2.662146	0.038904	0.582023
2.612374	0.598710	0.008698	3.055153	-0.022223	0.636786
1.933700	0.430926	0.003302	1.982427	0.001405	0.346941
1.161396	0.338269	-0.014214	1.130066	-0.004535	0.235190
2.131420	0.499078	-0.027893	2.290832	-0.013258	0.479382
2.891039	0.591644	-0.003020	2.913208	0.005383	0.604598
2.429199	0.542068	0.000526	2.557500	0.032310	0.519777
2.265453	0.507549	-0.028588	2.347058	-0.028483	0.494251
2.007871	0.425602	0.006244	1.690372	-0.010140	0.361964
2.127892	0.493584	0.008563	2.242069	0.016506	0.443800
2.602791	0.579252	-0.036242	2.551061	0.033343	0.563316
1.922025	0.437996	0.031417	1.935274	0.019969	0.378591
1.961744	0.484730	-0.019702	2.093825	-0.008785	0.444503
1.579126	0.411918	0.000936	1.870209	0.007372	0.333480
1.910121	0.403047	0.004037	1.630565	0.007844	0.325132
2.850153	0.698952	-0.007627	3.231096	0.005583	0.760728
2.865819	0.572616	-0.019290	2.748943	0.003322	0.589650
3.169014	0.636240	0.024727	3.052532	0.010885	0.714487
2.651882	0.602435	-0.015566	2.992130	0.018448	0.644153
2.908550	0.628143	-0.007599	3.022806	0.009212	0.687825
1.138364	0.339542	0.000369	1.135975	-0.000025	0.230008
3.212044	0.665157	-0.016012	3.723944	0.005055	0.747186
2.312000	0.518613	-0.006302	2.678936	0.003523	0.503476
1.123799	0.336487	0.000210	1.123212	0.000029	0.226411
2.044954	0.447368	-0.007539	2.085116	-0.000780	0.385498
1.702232	0.416362	0.009814	1.599859	0.013221	0.340500
2.200468	0.522838	0.027295	2.598770	-0.003577	0.504518
1.624235	0.422054	-0.019571	1.837273	-0.017634	0.344551
1.933158	0.496769	-0.013568	2.214467	0.010716	0.464623
1.595511	0.377519	0.002123	1.689859	0.001820	0.288591
1.483893	0.372931	0.004781	1.472871	0.005760	0.276589
2.730918	0.598377	-0.010798	3.032762	0.003933	0.615429
2.429757	0.507978	-0.002945	2.133298	0.012778	0.466940
2.862804	0.554997	-0.024207	2.543903	-0.011039	0.542110
1.556655	0.413624	0.003816	1.517313	-0.000335	0.322539
1.991687	0.471755	-0.007429	2.242583	0.023429	0.452616
2.104449	0.482465	0.001904	2.011690	0.010503	0.431120
3.383289	0.630343	0.017001	2.961012	0.010266	0.680365
2.372023	0.497863	0.026845	2.223143	0.010043	0.465394
1.813733	0.402323	-0.006011	1.619976	0.006721	0.331912
2.151583	0.499322	-0.023753	2.266055	-0.011882	0.471991
1.315219	0.362910	-0.000626	1.484354	0.001372	0.257151
3.306249	0.692641	0.006967	3.538511	0.006907	0.833047
1.690191	0.420289	0.009938	1.734397	0.009220	0.341762
1.715238	0.407714	-0.000550	1.842822	-0.005822	0.329766
2.356650	0.548351	-0.025663	2.510968	-0.028067	0.535954
1.722870	0.430653	0.010221	1.699517	0.029966	0.371066
2.911157	0.586190	0.015294	2.934766	0.036816	0.616578
2.969399	0.607342	0.000487	2.625636	-0.021434	0.663106
1.725527	0.420367	-0.037884	1.821339	-0.035738	0.365191
1.571550	0.401224	-0.010020	1.591760	-0.014847	0.325629
2.231774	0.519720	0.017842	2.349805	-0.022360	0.503095
1.881136	0.436723	-0.013233	2.079698	-0.029678	0.393585
1.139116	0.339679	-0.000292	1.136480	-0.000033	0.231265
3.220398	0.640698	0.038201	3.143397	0.021171	0.711681
1.523195	0.381729	-0.035611	1.503327	-0.015521	0.315118
3.080040	0.655872	-0.028318	3.257025	-0.023182	0.737494
2.197937	0.477403	-0.021706	1.955128	-0.001852	0.470305
2.611890	0.533044	-0.006949	2.652290	0.019478	0.524741
2.532939	0.562164	0.027842	2.568506	0.009679	0.555020
2.969850	0.615100	-0.009976	3.051227	-0.013630	0.637233
1.714621	0.414082	-0.000821	1.770139	-0.004241	0.328155
2.588590	0.563140	-0.012251	2.538552	-0.017784	0.558204
1.566033	0.397137	-0.007205	1.633237	-0.004034	0.313310
1.352449	0.392556	0.008331	1.670680	0.033049	0.327127
1.435473	0.383430	-0.004027	1.363395	0.002942	0.287776
1.984148	0.476050	-0.027130	1.999897	-0.011619	0.432646
1.214126	0.334281	-0.000540	1.119651	-0.000022	0.227003
1.550006	0.385280	-0.000804	1.751490	-0.002621	0.298105
1.238229	0.362560	-0.002758	1.343403	-0.000337	0.257704
1.841126	0.407123	-0.003178	1.538004	-0.006689	0.323763
1.665772	0.408102	0.001918	1.547286	0.014051	0.350859
2.221714	0.498752	0.008058	2.231774	-0.007970	0.447637
2.236733	0.474253	0.009447	2.055577	0.002687	0.417217
1.223397	0.348596	-0.000473	1.259207	0.001251	0.247767
2.648240	0.588370	-0.001829	2.639187	-0.023153	0.625350
3.305402	0.686214	-0.003917	3.367428	-0.014967	0.750885
1.451029	0.359971	-0.007204	1.311480	-0.004818	0.259788
3.394670	0.658219	-0.014481	3.047279	-0.001340	0.746879
1.111018	0.333043	0.000084	1.116622	0.000176	0.223185
1.100744	0.330601	0.000013	1.150006	0.000147	0.220488
2.196411	0.501077	-0.001579	2.388638	0.034077	0.496820
1.274964	0.353316	0.000780	1.314576	-0.000725	0.246262
1.621531	0.389980	-0.000834	1.352819	-0.006923	0.297074
1.694183	0.393293	0.005945	1.588890	-0.011984	0.313425
1.853265	0.455587	-0.015194	1.891859	-0.013200	0.411106
2.865373	0.550567	-0.019226	2.670400	-0.022227	0.563130
1.407219	0.367436	-0.020626	1.385907	-0.030271	0.283406
3.162246	0.644456	-0.007816	3.539752	0.026006	0.742490
2.519503	0.535445	0.028084	2.520918	0.032864	0.520605
1.451495	0.389009	-0.001770	1.491335	-0.004763	0.299436
1.172768	0.349219	0.000548	1.246313	-0.001194	0.242695
2.035652	0.470161	-0.016837	2.043834	-0.016653	0.414221
1.195119	0.352752	-0.000183	1.191847	-0.000569	0.248223
1.670546	0.421053	-0.014240	1.710391	-0.000054	0.354648
2.877774	0.619230	0.033134	2.923255	-0.005145	0.670139
1.960970	0.483546	-0.020208	2.164815	-0.030524	0.429032
3.049062	0.643267	0.012792	3.087258	-0.014942	0.711037
1.261537	0.372222	-0.005296	1.454855	0.000639	0.273659
2.656844	0.537049	-0.003446	2.561195	-0.024755	0.533356
2.223644	0.474868	-0.013279	2.175001	-0.033480	0.446466
1.990225	0.477073	0.005865	2.086677	0.028249	0.433248
2.642768	0.584768	0.036776	2.577885	0.020394	0.567364
2.643546	0.570856	0.028776	2.644562	0.025334	0.600421
1.923539	0.462912	0.008985	1.785462	0.014681	0.440900
2.481943	0.542679	-0.005562	2.627706	0.004029	0.525714
2.102716	0.434835	0.009878	1.616771	0.007371	0.352976
3.529019	0.639525	-0.037361	3.129793	-0.038307	0.704722
2.961674	0.592082	-0.007236	2.825487	0.038323	0.649398
1.283343	0.378261	0.022888	1.493714	0.027876	0.303593
1.769975	0.391407	0.002256	1.458751	0.007142	0.295854
2.012608	0.480238	-0.016621	2.383197	-0.024225	0.446015
1.482712	0.402258	-0.001231	1.549227	-0.025444	0.317098
1.589949	0.402379	0.001287	1.544402	-0.002211	0.315731
2.051938	0.446654	-0.011838	1.811961	-0.011850	0.399512
1.596578	0.410603	-0.003446	1.900428	-0.004589	0.332707
2.027906	0.468394	0.008142	2.002639	-0.000666	0.394602
1.913863	0.452514	0.007521	1.938328	0.003633	0.390923
1.639917	0.397131	-0.003924	1.477521	-0.005032	0.322034
2.901043	0.587780	0.016852	2.541573	0.000713	0.627086
2.971586	0.611441	0.037628	3.112792	0.006458	0.643996
1.808438	0.441002	-0.008386	1.792601	0.002104	0.376154
2.304394	0.521719	-0.017898	2.203056	0.014236	0.523337
1.537237	0.390837	0.009864	1.594311	0.000211	0.302459
1.098898	0.329669	-0.000000	1.098898	-0.000000	0.219780
1.697258	0.407131	-0.004708	1.766819	-0.003674	0.318031
1.285081	0.374518	-0.002168	1.504096	0.000033	0.276408
2.462132	0.539963	-0.000155	2.491849	0.004826	0.515434
2.542792	0.577306	-0.015291	2.621486	0.013464	0.600525
3.088632	0.679604	-0.012471	3.307321	0.009555	0.784560
1.153230	0.344825	0.001136	1.257198	-0.000248	0.235292
2.117338	0.511178	-0.002928	2.229287	-0.028011	0.459856
2.848381	0.554524	-0.002782	2.412482	0.000574	0.562301
2.373169	0.565527	-0.035077	2.763616	-0.017384	0.607442
2.426909	0.523056	0.034060	2.413965	0.033637	0.503460
2.208135	0.493010	-0.000439	2.184960	0.018194	0.446310
2.253131	0.494841	0.010692	2.016438	0.011992	0.454876
3.172364	0.641045	-0.034264	3.168607	0.011774	0.662984
1.550925	0.402970	-0.021210	1.694995	0.001709	0.318900
1.273310	0.375119	0.000200	1.372663	-0.000851	0.273326
1.339448	0.367951	-0.003282	1.241371	-0.003438	0.262584
1.223755	0.333852	0.000077	1.132748	-0.000071	0.229329
3.231948	0.690877	0.008844	3.509788	-0.009685	0.804264
1.680409	0.390517	0.015374	1.640509	-0.019298	0.324297
2.060708	0.477706	-0.015811	1.984177	-0.014233	0.426392
2.071301	0.453560	-0.015500	1.966115	-0.011720	0.407841
2.588259	0.500739	-0.004969	2.190102	0.002823	0.484228
2.815372	0.578598	0.032756	2.980275	0.007574	0.591572
1.933404	0.474999	-0.022406	2.081522	-0.028891	0.418822
1.444211	0.394991	0.017309	1.715664	-0.017629	0.336990
3.280112	0.641442	0.006795	2.726215	-0.004858	0.688783
1.934655	0.449071	-0.017124	1.798576	-0.002972	0.388540
2.096554	0.470005	0.016949	1.916600	0.020409	0.401191
2.174654	0.501043	-0.025366	2.090981	0.002923	0.480537
2.216677	0.446754	-0.000079	1.913677	-0.014563	0.397800
1.941170	0.415645	0.011438	1.798915	0.026314	0.384131
1.682269	0.383990	-0.003767	1.569048	-0.000293	0.296897
1.554745	0.350264	-0.001923	1.256330	-0.003352	0.255946
3.005215	0.657893	-0.011114	3.184454	-0.006661	0.728436
2.897143	0.616077	-0.020305	2.839083	-0.008551	0.661347
2.516151	0.516825	0.001565	2.577192	0.035657	0.516927
1.797626	0.424569	0.023442	1.827985	0.003349	0.339152
2.678873	0.546620	-0.014690	2.569297	-0.016325	0.583169
2.204470	0.513015	-0.027734	2.124845	-0.014053	0.443306
1.686846	0.406015	-0.036310	1.889943	-0.003235	0.358780
2.389563	0.552130	0.007544	2.279541	0.005854	0.533087
2.184286	0.518841	-0.009796	2.541678	0.004616	0.498324
1.636588	0.445521	-0.030777	1.995143	-0.000792	0.416741
2.867515	0.639112	0.010842	2.819746	-0.001979	0.672467
2.749751	0.575374	0.003934	2.510645	0.018207	0.572519
1.704845	0.414349	0.008454	1.682772	0.002281	0.334937
2.348222	0.515148	-0.008084	2.295560	0.004953	0.489475
1.132200	0.337362	-0.003917	1.124464	-0.001903	0.229152
2.637197	0.556493	0.020215	2.391348	0.004290	0.550094
2.461677	0.536955	0.005539	2.534158	0.014891	0.547290
2.466937	0.503128	0.006441	2.209866	0.024077	0.474399
2.359952	0.505209	-0.025763	2.273838	0.030382	0.488599
1.676846	0.415001	0.030923	1.652144	0.033464	0.362544
1.764914	0.417398	0.035466	1.726053	0.020519	0.358439
1.226012	0.338100	-0.000376	1.132166	0.000201	0.230299
1.461122	0.360257	-0.000837	1.438632	-0.001711	0.254742
2.489116	0.498586	-0.002219	2.449421	-0.009489	0.483908
1.502126	0.382775	-0.004809	1.531267	-0.008843	0.293013
2.388927	0.497500	-0.012974	2.305066	0.021039	0.462149
1.098898	0.329669	-0.000000	1.098898	-0.000000	0.219780
3.141991	0.653754	-0.026116	3.462482	-0.011608	0.714231
1.557682	0.407573	-0.024872	1.648848	-0.016890	0.334806
2.027031	0.491810	0.021944	2.113844	0.004685	0.480855
2.734289	0.608939	0.025114	2.827149	0.026259	0.635576
2.976051	0.631837	-0.017257	3.043311	-0.015171	0.672705
1.199194	0.331076	-0.000226	1.105950	-0.000117	0.223894
2.991730	0.641191	-0.014412	3.051359	0.006327	0.683810
2.174709	0.484735	0.000318	1.932471	-0.015444	0.463965
2.894707	0.654312	0.008736	3.369639	-0.016883	0.716160
2.000803	0.419879	0.003425	1.720262	0.014710	0.349875
3.811034	0.736028	-0.006302	3.440683	0.018838	0.878613
1.611616	0.394290	-0.001705	1.562518	0.005236	0.307048
3.306947	0.708500	-0.002665	3.073776	-0.012001	0.803974
1.296801	0.380396	0.005651	1.491575	0.002596	0.281139
1.308301	0.368541	-0.002510	1.271060	-0.000224	0.267775
2.597685	0.549360	0.014777	2.623630	0.014770	0.570498
1.112225	0.331723	-0.000021	1.177856	-0.000323	0.226517
3.415544	0.699378	0.029596	3.075932	0.030100	0.793238
3.341395	0.698662	0.025704	3.353492	0.017416	0.809123
1.252733	0.368149	0.015731	1.390328	0.029362	0.285422
1.758017	0.421301	-0.014928	1.789763	-0.014615	0.373308
2.693439	0.589283	-0.003765	2.576781	0.004963	0.593961
1.681144	0.421692	-0.008369	1.700614	-0.006443	0.354650
3.314607	0.630446	0.014500	3.332614	0.012463	0.705214
1.708191	0.382578	0.000165	1.556998	0.010766	0.302269
1.496088	0.374412	-0.004941	1.270378	0.001613	0.278057
1.805209	0.436242	0.022241	1.799161	0.021723	0.379031
1.737353	0.413692	0.039630	1.743993	0.027324	0.359252
1.288980	0.375175	-0.001632	1.402648	0.006738	0.279102
1.334631	0.352464	0.001036	1.429365	0.003943	0.261115
1.591295	0.389433	-0.003453	1.502197	0.000499	0.308547
1.774663	0.453725	0.018131	1.882760	0.039983	0.412726
2.240132	0.504526	-0.034222	2.278783	-0.038036	0.472940
1.328020	0.364201	0.002553	1.333087	0.001588	0.263555
2.101764	0.491225	-0.028692	2.260459	-0.010206	0.441283
2.873787	0.589198	-0.003153	2.577378	-0.021644	0.612732
1.164099	0.338629	-0.000107	1.268543	-0.000271	0.230146
2.941479	0.618505	-0.025519	3.251681	0.018554	0.653279
2.146070	0.485342	-0.005076	2.119257	0.000510	0.440524
3.006414	0.664609	0.031923	3.291190	0.001163	0.741549
2.291502	0.452397	-0.028382	2.105744	0.001815	0.422095
1.987309	0.450940	-0.002682	2.220020	-0.029381	0.393912
1.497229	0.387498	-0.002727	1.523752	-0.005179	0.297309
3.210342	0.623091	0.025865	2.858129	0.004475	0.676299
2.662702	0.542205	-0.003304	2.716793	0.008457	0.514807
2.664802	0.558098	-0.019989	2.394550	-0.039517	0.554550
1.597499	0.379570	-0.027669	1.491954	-0.007926	0.296161
1.863794	0.438453	-0.003247	1.945448	-0.029106	0.381807
2.454162	0.567892	0.014710	2.619920	0.025949	0.581426
1.206754	0.332910	-0.001153	1.203187	0.000047	0.226477
1.504676	0.384358	-0.014102	1.493480	-0.003741	0.300503
2.320406	0.519184	0.019378	2.757128	-0.002303	0.508607
1.864778	0.464335	0.012326	2.084107	0.000366	0.442436
1.153352	0.341303	0.002457	1.257798	0.001804	0.242356
3.436894	0.698470	-0.003174	3.377048	-0.000205	0.824617
1.631611	0.369010	-0.005989	1.262953	-0.003390	0.271218
3.223654	0.663279	-0.000563	3.400233	-0.006130	0.739897
1.872832	0.441258	0.005402	1.935997	-0.007694	0.370301
1.452054	0.393462	0.006056	1.523177	-0.000626	0.301733
2.702842	0.594776	0.006752	2.588019	0.016491	0.612678
2.763573	0.599560	0.007411	2.706668	0.015681	0.601739
2.314645	0.500959	0.007703	2.271446	-0.004286	0.450606
1.379144	0.391954	-0.033983	1.395307	-0.028360	0.316871
1.764610	0.404407	0.004990	1.619862	0.009399	0.338393
1.363202	0.353739	-0.001300	1.379171	-0.001843	0.253426
1.207967	0.339959	0.000564	1.247223	-0.001247	0.238387
1.098898	0.329669	-0.000000	1.098898	-0.000000	0.219780
1.403269	0.388339	0.003488	1.425613	0.007111	0.301551
2.082734	0.449777	0.008819	1.930966	0.011503	0.382597
2.455944	0.529998	0.005871	2.273209	-0.001009	0.500307
2.468043	0.534013	0.025753	2.359889	0.034149	0.531897
1.713318	0.420877	0.003322	1.701322	0.008280	0.341861
3.251316	0.706124	0.000869	3.283421	0.022971	0.816794
1.128428	0.337182	0.000086	1.300548	0.001133	0.231006
1.868665	0.462267	0.004544	2.015376	0.004923	0.400113
2.470008	0.477876	0.001517	2.221054	-0.004258	0.446098
1.786426	0.413772	-0.001510	1.684908	0.005012	0.321571
1.730852	0.430796	-0.001058	1.705775	-0.029544	0.361598
3.298305	0.703999	0.006225	3.404160	0.004282	0.815755
2.146972	0.456967	0.013121	2.062392	0.038109	0.406710
1.809524	0.430077	-0.012890	2.104966	-0.001230	0.362972
1.747734	0.427529	0.025571	1.809996	-0.007368	0.393841
1.807206	0.445401	-0.016173	2.036600	-0.009426	0.373394
2.023933	0.454567	0.024157	2.153300	0.010790	0.407965
1.787903	0.432369	0.004093	1.763892	-0.005922	0.345727
3.185063	0.642840	-0.010296	3.252066	-0.001563	0.683577
3.227796	0.629306	0.008624	3.214537	0.005078	0.720417
3.487612	0.666746	0.027544	3.083194	0.009096	0.732441
3.218417	0.636543	-0.031794	3.274669	-0.032700	0.695474
2.152294	0.483002	-0.023353	1.990416	-0.034875	0.441676
1.487418	0.379592	-0.008536	1.534626	-0.007416	0.289927
1.777501	0.432371	0.005282	1.673382	-0.006603	0.350499
1.287938	0.350225	0.022871	1.185682	0.014490	0.271416
1.334270	0.370983	0.033489	1.419484	0.018322	0.295560
1.623333	0.415007	0.009451	1.654275	-0.001297	0.341369
1.604976	0.420683	-0.006493	1.792630	-0.012895	0.349979
2.583806	0.552111	-0.011842	2.906039	-0.002958	0.601774
1.549458	0.422414	0.003333	1.743792	0.008347	0.342290
2.173050	0.486449	0.032409	2.185946	0.010063	0.448476
1.934202	0.438103	-0.003720	1.947414	-0.003490	0.356898
1.841786	0.439111	0.000337	1.978073	0.007752	0.357349
2.422074	0.514101	-0.007389	2.515093	-0.000133	0.511720
2.631915	0.606102	-0.015115	2.757565	-0.008018	0.655139
2.001373	0.431345	0.021902	1.652442	0.003931	0.356568
1.244693	0.360210	-0.034122	1.243372	-0.033231	0.286956
1.903778	0.467804	0.007004	2.223945	-0.003586	0.417253
2.368795	0.545804	0.003007	2.265085	-0.010631	0.521167
2.042374	0.434756	-0.000990	1.855656	-0.015460	0.362162
1.767129	0.410376	0.010781	1.692036	0.008416	0.338896
1.623402	0.412081	0.004385	1.718965	0.000803	0.335378
2.699883	0.518766	0.019335	2.350781	0.017212	0.484490
2.061886	0.479615	-0.014371	2.023274	-0.034858	0.440576
1.617253	0.416653	-0.007534	1.796910	-0.004342	0.333266
1.390332	0.390610	0.003197	1.586576	0.006583	0.300961
1.655948	0.421541	0.020999	1.903287	0.011674	0.346789
1.260678	0.366759	-0.001241	1.574823	-0.001245	0.267784
1.601847	0.401939	0.039243	1.597260	0.013641	0.356733
1.601924	0.408568	-0.003726	1.690437	0.000972	0.320885
2.056255	0.464387	-0.020571	1.934846	-0.020694	0.416471
2.956741	0.628712	0.008989	2.801595	-0.006428	0.709895
1.198510	0.347450	-0.000107	1.237837	0.000832	0.238686
1.845131	0.420871	-0.019205	1.547530	-0.007139	0.349700
1.111078	0.333034	0.000006	1.111081	0.000049	0.223032
2.202113	0.468890	-0.001947	2.264820	0.005986	0.424096
1.313565	0.356954	-0.006831	1.198588	-0.001700	0.254072
1.915304	0.395448	0.003479	1.597562	0.001195	0.317391
1.589971	0.413235	-0.014035	1.639665	-0.018772	0.354563
1.162799	0.344233	0.000054	1.238147	-0.001460	0.239429
1.819922	0.459073	0.003843	1.976802	-0.015811	0.427759
1.195676	0.343839	0.000749	1.245112	0.002587	0.243565
2.598528	0.584268	-0.007008	2.905808	-0.000767	0.605687
1.110918	0.333035	0.000007	1.111280	0.000004	0.222927
1.160747	0.333993	0.003263	1.174032	0.000816	0.237846
3.132187	0.601249	0.000054	2.637897	-0.024810	0.638050
1.437930	0.363847	-0.001197	1.554932	-0.001982	0.269668
1.340231	0.358989	0.001006	1.427037	0.000794	0.266532
1.445807	0.365651	0.006047	1.248441	0.005681	0.277301
2.740290	0.588066	0.009518	2.897193	-0.012343	0.622721
1.138467	0.339422	-0.000252	1.138503	0.000120	0.231778
1.778430	0.409728	-0.009861	1.685111	0.037613	0.368987
2.218046	0.558298	-0.018035	2.330925	0.006238	0.559894
2.039173	0.503042	-0.023370	2.284635	-0.029527	0.497886
1.944078	0.456675	0.017229	1.903244	0.008993	0.414141
1.922688	0.412746	0.015379	1.764941	0.013723	0.349198
2.280589	0.484177	0.014418	2.370993	0.030292	0.448638
2.236936	0.477238	0.009695	2.114760	0.022797	0.488459
1.126774	0.336532	-0.000081	1.381194	-0.000693	0.230421
2.503529	0.553947	-0.022873	2.831659	-0.009708	0.579480
1.607345	0.419574	-0.006384	1.705486	-0.000936	0.334463
1.407880	0.386561	0.004112	1.403251	-0.000588	0.285745
3.383551	0.676711	-0.002368	3.384247	-0.034753	0.779918
2.091488	0.470347	-0.008847	2.254805	-0.000415	0.451564
1.519306	0.388877	-0.008136	1.334549	-0.001068	0.293076
2.113868	0.465721	-0.000568	1.950013	0.017807	0.397345
1.588221	0.416129	-0.039007	1.654200	-0.021457	0.357806
1.867935	0.433694	0.002637	1.719931	-0.005976	0.362827
1.662824	0.413955	0.000224	1.641847	0.015070	0.328785
1.632534	0.443645	0.032312	1.946657	0.020922	0.378572
1.512394	0.383219	0.005792	1.424114	0.003570	0.299048
2.240003	0.497982	0.003116	2.513485	-0.016115	0.464022
3.078917	0.613997	-0.013742	3.169867	-0.007616	0.657524
3.070761	0.644195	-0.027621	3.210928	-0.006282	0.735230
1.523591	0.395583	0.002161	1.445801	-0.004935	0.304473
1.746931	0.412922	0.001771	1.782354	0.004115	0.328211
2.632016	0.525540	0.031290	2.383205	0.021392	0.508676
1.457557	0.421963	0.001522	1.635843	-0.004721	0.329967
2.382951	0.507304	-0.019214	2.547053	-0.008679	0.490287
1.960211	0.439576	0.000868	1.932543	-0.006959	0.376676
2.161331	0.520988	-0.031170	2.388272	0.007456	0.498299
1.098898	0.329669	-0.000000	1.098898	-0.000000	0.219780
1.385251	0.373767	-0.017025	1.358581	-0.005657	0.273815
2.126702	0.490411	0.021139	2.194462	0.020160	0.460153
1.561785	0.406112	0.001629	1.486795	0.004177	0.315395
1.330534	0.351474	-0.000995	1.310619	-0.001464	0.252441
1.506005	0.421737	0.010570	1.506718	0.005493	0.374760
2.608921	0.549636	0.010478	2.507035	0.002810	0.528458
3.083973	0.656398	-0.000633	3.002413	0.006515	0.753949
1.856499	0.423171	-0.011661	1.779023	0.010220	0.374419
1.899362	0.429452	0.015223	1.655339	-0.006872	0.363060
2.703062	0.564370	0.001233	2.553963	-0.008858	0.575244
2.570216	0.561703	-0.031327	2.746865	0.009658	0.572448
2.254037	0.481192	0.015309	1.966145	0.004271	0.430499
1.374905	0.365309	-0.001471	1.437120	0.003483	0.273589
1.932032	0.453573	-0.007916	1.927099	-0.001116	0.402653
2.319815	0.535792	0.005558	2.816370	-0.008042	0.510059
1.721860	0.414656	0.037177	1.706325	0.015014	0.355586
1.304372	0.374449	-0.003695	1.508547	-0.004749	0.286277
2.450181	0.569476	-0.009425	2.524347	-0.002659	0.579057
1.098898	0.329669	-0.000000	1.098898	-0.000000	0.219780
2.295867	0.516615	0.025035	2.212999	0.000802	0.489867
1.295277	0.372002	-0.002755	1.462598	-0.000286	0.275960
2.564461	0.551478	0.006266	2.563068	-0.008401	0.544556
3.050387	0.630611	-0.038476	3.091683	-0.005447	0.689687
1.312931	0.361366	0.001288	1.292597	0.000687	0.256825
1.855161	0.465068	0.000682	1.867512	0.010029	0.388716
1.535941	0.369233	0.020089	1.259267	0.005602	0.283870
2.384189	0.511674	-0.003175	2.362530	-0.021146	0.520431
3.448834	0.755506	0.010469	3.613134	-0.006819	0.886440
1.640674	0.393646	-0.019989	1.633370	0.019787	0.327090
1.974008	0.455995	0.005493	2.065805	0.034114	0.399798
1.554164	0.392482	-0.001721	1.542023	0.005642	0.299963
2.878984	0.608704	0.010555	3.084565	0.013419	0.677092
2.743388	0.589133	-0.003774	2.778780	-0.011098	0.615176
3.100348	0.640830	-0.001560	2.906122	-0.011064	0.678569
1.656760	0.405248	-0.018083	1.643834	-0.011029	0.332239
3.070248	0.627043	-0.018201	3.051079	-0.025684	0.663990
2.907066	0.595682	-0.018000	2.765311	-0.003910	0.614106
3.066430	0.660417	-0.017310	3.379389	0.017865	0.730448
2.594820	0.547555	0.006589	2.798572	0.005882	0.564132
2.518956	0.579984	-0.030442	2.966030	-0.001940	0.599343
1.177412	0.343822	0.011453	1.153556	0.004688	0.240617
1.314223	0.372182	-0.009943	1.375919	-0.010958	0.281841
1.123429	0.336508	0.000065	1.123440	0.000129	0.226591
2.144307	0.478027	-0.007964	2.274570	-0.003543	0.426980
1.395958	0.360974	-0.001957	1.272484	0.001488	0.267321
2.489008	0.501046	-0.029589	2.488572	0.002499	0.453866
2.031627	0.439032	0.012708	1.894696	0.016658	0.401066
1.757428	0.432695	-0.009351	1.592744	-0.005820	0.351918
2.843077	0.610699	0.023739	2.972969	-0.011776	0.658151
1.113553	0.332726	0.000025	1.111735	0.000062	0.224149
1.962639	0.427628	0.028251	1.951870	0.026982	0.392012
1.746208	0.419673	0.019638	1.575990	0.023135	0.362324
3.231467	0.682817	0.005965	3.513123	-0.024133	0.836728
3.084190	0.629285	-0.028266	2.957760	0.018973	0.697911
1.530050	0.376940	0.001208	1.367879	0.000336	0.274734
2.270536	0.490178	0.014737	2.117412	-0.023258	0.460408
2.440017	0.583721	-0.033782	2.447774	-0.015045	0.585024
1.789425	0.428385	0.009382	1.581815	0.000207	0.376187
1.360847	0.353294	0.013224	1.284163	0.008420	0.255942
2.262024	0.494077	-0.012337	2.074865	-0.005244	0.436054
1.904374	0.476806	0.007061	2.007823	0.024314	0.438453
3.158364	0.661078	0.013948	3.415126	-0.012423	0.745437
2.087115	0.468911	-0.039598	2.133392	-0.019399	0.441943
2.991731	0.569657	-0.016240	2.746223	0.035452	0.598983
1.453831	0.374749	0.003116	1.607913	0.000924	0.286136
2.001032	0.461005	-0.012247	2.106954	-0.021341	0.404962
1.691206	0.396979	-0.009279	1.568686	-0.000131	0.297366
2.143237	0.488565	-0.006234	2.014738	0.014672	0.464719
2.666331	0.554831	-0.014877	2.650803	-0.016916	0.551870
1.580645	0.394526	-0.007800	1.676298	-0.012141	0.324821
1.224710	0.339843	-0.000238	1.208179	-0.000014	0.235128
2.572308	0.513366	0.014109	2.485312	-0.016698	0.510173
2.480877	0.543394	0.005204	2.790063	0.002211	0.535364
2.447173	0.574635	-0.016281	2.623552	-0.036655	0.583068
1.911005	0.429635	0.007414	1.570331	0.002525	0.358473
2.992293	0.576959	0.032261	2.929692	-0.021916	0.594169
2.786068	0.614829	-0.004610	2.958268	-0.023438	0.642554
1.447310	0.391763	-0.000803	1.428807	0.000670	0.306243
1.437343	0.389948	-0.005359	1.529624	-0.020345	0.306327
3.562032	0.704943	-0.009831	3.303859	-0.018535	0.824452
1.656410	0.415768	-0.012302	1.635547	-0.012964	0.358640
1.707266	0.426508	0.012873	1.931770	0.031417	0.379496
1.976318	0.449786	-0.013584	1.748041	-0.034345	0.407780
2.993612	0.654914	-0.040040	3.323147	-0.028976	0.745973
2.715676	0.577115	-0.018012	2.654885	-0.012624	0.600375
1.098898	0.329669	-0.000000	1.098898	-0.000000	0.219780
2.297930	0.512229	-0.024627	2.201009	-0.011268	0.473760
2.063590	0.492482	0.017880	2.041201	0.004929	0.443074
1.515398	0.394920	0.007800	1.572741	0.004405	0.296501
3.255804	0.622515	0.033387	2.960067	-0.017781	0.720728
1.288827	0.370728	-0.001099	1.326512	-0.003743	0.277270
1.272917	0.348374	0.000339	1.397653	-0.002216	0.246513
1.146893	0.342045	0.000596	1.219332	-0.000032	0.234235
1.838713	0.447246	-0.011383	1.850148	-0.002013	0.367830
2.633329	0.565443	-0.026093	2.772498	-0.014208	0.609924
3.405646	0.680975	0.012786	2.998182	0.002833	0.779173
3.127162	0.684432	-0.021035	3.068962	0.030968	0.770799
1.833011	0.444758	-0.039088	1.821494	-0.035217	0.406085
1.266221	0.353391	0.002298	1.282852	0.002155	0.249856
2.896864	0.645949	-0.003193	3.250744	0.013083	0.704455
3.422648	0.659347	-0.006896	3.144810	0.000555	0.752250
1.524077	0.425866	-0.008809	1.654672	0.002230	0.347157
1.367505	0.369969	0.001022	1.381920	0.004851	0.268554
2.324104	0.505095	-0.022106	2.121248	-0.040019	0.484324
1.271908	0.353014	-0.000005	1.189264	-0.001059	0.247714
1.356031	0.369538	0.017276	1.377382	0.016558	0.284030
1.614287	0.393647	0.003443	1.642336	0.006155	0.305391
3.185127	0.695323	-0.008407	3.466124	-0.009135	0.786880
1.925004	0.460443	-0.014657	1.871818	-0.018292	0.406330
2.921736	0.584234	0.009996	2.619022	0.028375	0.655008
1.621868	0.397495	0.034649	1.460684	0.032396	0.335107
1.339346	0.389635	0.002233	1.403136	0.003454	0.283552
1.130228	0.337815	-0.000264	1.222879	0.000003	0.229804
1.666093	0.424233	0.009834	1.833896	0.022741	0.361129
1.823091	0.425946	0.001747	1.716355	-0.001340	0.349162
1.165856	0.347696	-0.000197	1.214912	-0.000463	0.238404
1.993071	0.469792	-0.017116	2.158119	-0.007945	0.415650
1.996049	0.444198	-0.034079	2.016079	-0.010062	0.419260
2.113280	0.478766	-0.032892	2.027085	-0.010861	0.422254
1.588045	0.429016	-0.003380	1.979637	-0.001643	0.354580
3.536923	0.661398	-0.009948	3.538854	-0.013693	0.770681
1.200341	0.337392	0.000229	1.125778	-0.000301	0.227699
1.123676	0.336529	0.000003	1.123429	-0.000041	0.226726
2.688034	0.571378	-0.011628	2.825747	-0.021651	0.594474
1.416525	0.383870	-0.011103	1.649206	-0.034345	0.311882
2.483373	0.576370	0.002565	2.620070	0.030244	0.599553
1.343043	0.358389	0.000188	1.219439	-0.000648	0.259951
3.167529	0.635634	0.017719	3.023948	0.019433	0.685523
1.585995	0.389425	0.007501	1.487736	0.008220	0.302978
1.625808	0.388391	-0.002042	1.349392	0.001865	0.295397
1.109058	0.331704	0.000033	1.204411	0.000140	0.224905
1.112020	0.332931	0.000006	1.111007	0.000025	0.223452
1.339726	0.378973	-0.005191	1.558308	-0.026755	0.286575
1.503254	0.381194	-0.005358	1.605821	-0.002380	0.305402
1.479400	0.388462	0.006541	1.592933	0.001378	0.306385
2.456602	0.558171	-0.008062	2.534982	-0.039319	0.556450
1.884943	0.455286	-0.021453	2.204195	0.012460	0.413728
2.357391	0.514187	-0.029671	2.154563	-0.018393	0.489025
2.283569	0.506961	-0.023783	2.124071	0.020193	0.484161
2.661179	0.584882	-0.036064	2.694750	0.004217	0.607034
3.296194	0.615517	-0.018594	2.951863	0.001019	0.664952
1.126075	0.337595	-0.000077	1.178893	-0.000101	0.227788
3.245532	0.647274	0.001150	3.283887	0.011770	0.723484
2.684407	0.561519	-0.021810	2.836660	0.004464	0.567899
1.516972	0.388086	-0.017061	1.713415	-0.018894	0.306170
2.631812	0.560782	-0.000321	2.838319	0.008613	0.561439
2.787142	0.618998	0.004712	2.930024	-0.001987	0.695749
2.213181	0.468597	-0.017142	1.947052	-0.007015	0.427047
1.313650	0.340706	-0.000436	1.213453	-0.002101	0.239363
2.152335	0.495383	0.005973	2.181037	-0.016556	0.454966
1.755500	0.409781	0.007709	1.801607	0.009994	0.336331
1.727823	0.432644	0.010560	1.830093	0.017068	0.362624
2.363877	0.540538	0.015460	2.326683	0.008855	0.508313
1.766344	0.421466	0.005434	1.826125	-0.020919	0.365411
1.826569	0.433423	-0.017697	1.786460	-0.002798	0.377817
1.474371	0.397051	0.013045	1.457831	0.028256	0.314377
3.321779	0.668877	-0.024927	3.495038	0.018693	0.749390
1.494265	0.367325	-0.000453	1.501066	0.000111	0.268201
1.724809	0.435090	0.000287	1.822950	-0.018641	0.361495
1.727045	0.434804	-0.002323	1.842566	0.005930	0.355780
1.213503	0.333139	0.001589	1.212217	0.002314	0.230746
1.747036	0.462177	-0.012188	1.934265	-0.013029	0.401510
2.243745	0.489471	-0.000396	2.081788	0.004179	0.442702
1.564315	0.394650	-0.034915	1.590300	-0.029956	0.329172
2.144913	0.477371	-0.021281	2.404872	0.012912	0.448971
2.143908	0.496651	-0.007646	2.514264	0.012836	0.480745
3.085615	0.625516	-0.032949	3.044298	0.012572	0.669836
1.111270	0.332998	-0.000020	1.111275	0.000000	0.223191
1.540722	0.394009	-0.005096	1.407155	-0.001902	0.304187
1.514871	0.418275	0.019705	1.686867	0.020178	0.336271
2.150935	0.509444	0.012159	2.420765	0.011557	0.491322
2.735090	0.536593	-0.016843	2.317726	0.014356	0.519862
1.710087	0.401757	-0.009001	1.481771	-0.006157	0.307764
3.181484	0.645760	-0.004805	2.834611	0.019046	0.711776
3.097602	0.643135	-0.022304	3.076315	0.014776	0.730210
2.365607	0.490194	-0.033456	2.192964	-0.028213	0.470773
3.074471	0.634377	-0.038774	2.742443	-0.027277	0.688565
1.846573	0.456512	0.003908	1.977780	-0.004360	0.386654
2.115121	0.477733	-0.003638	2.310090	-0.032544	0.447925
1.387408	0.366498	-0.001862	1.245303	-0.000679	0.267266
2.134296	0.470989	-0.033664	2.183613	-0.032982	0.456416
1.462901	0.367093	0.002123	1.259494	-0.000389	0.264834
1.873443	0.455368	0.014338	1.994954	0.010974	0.403079
2.239951	0.503120	0.002358	2.074845	0.023929	0.461383
1.224263	0.337718	-0.000829	1.131559	-0.000174	0.229730
1.987840	0.460700	0.010734	1.955718	-0.004401	0.399165
3.458406	0.671188	0.026926	3.200282	0.037156	0.781136
2.801660	0.609544	-0.039031	3.165694	-0.022303	0.650630
1.313338	0.342455	-0.001413	1.167285	-0.000782	0.235341
3.123837	0.620602	-0.017997	3.310823	-0.030268	0.733396
1.841433	0.464607	-0.007024	2.099601	-0.012454	0.410129
1.395424	0.394840	0.006013	1.557747	0.005522	0.297767
2.235055	0.475947	0.025091	2.347572	-0.006927	0.428850
2.605045	0.606433	0.012956	2.947902	-0.005381	0.648001
1.434838	0.394817	0.000821	1.528262	-0.003835	0.304221
1.526348	0.383910	0.001712	1.455158	-0.003950	0.296369
2.810360	0.583637	-0.001971	2.848783	0.026054	0.583280
1.135254	0.339867	-0.000006	1.138624	0.001363	0.230580
2.301378	0.524350	-0.009376	2.361713	-0.008785	0.490404
1.590662	0.398967	-0.001719	1.850322	-0.007763	0.325125
2.447573	0.538349	-0.013473	2.499443	-0.003629	0.547907
1.913775	0.431186	-0.028718	1.854695	-0.013716	0.373947
2.067387	0.514864	0.009262	2.174821	0.020717	0.485750
2.771022	0.596151	0.014587	3.108035	-0.017350	0.646600
2.706551	0.588662	-0.028014	2.597630	-0.007888	0.611346
1.525903	0.385568	0.027118	1.391205	0.031946	0.329015
2.393640	0.537069	-0.020725	2.494935	0.008391	0.523874
3.105440	0.652573	0.014252	3.064200	0.010679	0.729329
1.244284	0.353963	-0.002198	1.209301	-0.002913	0.244545
3.006794	0.634010	0.013831	3.305226	-0.016801	0.709154
2.879286	0.596790	0.010806	2.861167	0.032976	0.627759
2.209169	0.511488	0.010244	2.240526	-0.011550	0.482528
2.624416	0.555449	0.006174	2.504041	-0.037337	0.575858
1.265116	0.352447	0.000008	1.208717	-0.002038	0.245738
1.888433	0.428822	-0.005120	1.704843	-0.015663	0.361808
2.049372	0.476003	0.015115	2.136952	0.017674	0.482495
2.890286	0.586832	-0.023985	3.047309	-0.015684	0.615740
2.959694	0.597259	-0.025413	3.281727	-0.006410	0.654888
3.141968	0.712782	0.002845	3.473947	0.039400	0.829623
2.129070	0.517216	0.026108	2.485126	0.027758	0.509834
2.964955	0.567157	0.011195	2.854498	0.005513	0.611492
1.442463	0.383058	-0.003717	1.601418	-0.008313	0.298947
2.167109	0.473208	0.005934	2.159900	-0.010403	0.424711
1.853529	0.453549	0.011031	1.887020	-0.009134	0.391869
1.562380	0.399143	0.005007	1.417481	0.000842	0.307930
1.986365	0.476925	0.004818	2.156365	-0.001294	0.440990
1.854075	0.433891	0.004627	2.105154	-0.003430	0.371157
1.627641	0.401345	-0.003888	1.522516	0.006726	0.315163
1.112699	0.332872	-0.000055	1.111669	-0.000136	0.223762
2.545193	0.509870	-0.001014	2.484532	0.029077	0.517892
1.433105	0.374045	0.005465	1.465115	-0.002061	0.275389
1.111197	0.332972	-0.000093	1.111723	-0.000028	0.223273
1.821154	0.402921	0.007436	1.565828	0.002067	0.332350
1.546535	0.423747	-0.010436	1.798464	-0.010372	0.355772
3.503525	0.687900	-0.006450	3.227613	-0.000970	0.796051
2.928729	0.585380	-0.002464	2.827304	0.008432	0.602337
2.556361	0.575988	-0.006753	2.740756	-0.030856	0.599264
1.692359	0.411699	-0.011043	1.748948	0.002276	0.321676
1.910557	0.433825	0.021797	1.971441	0.031434	0.390504
2.369497	0.503742	-0.010447	2.478995	-0.011653	0.477352
3.035030	0.627491	-0.017776	3.102372	0.033437	0.697586
1.554755	0.402169	-0.020408	1.566547	-0.025954	0.332752
1.566898	0.417661	0.005999	1.667127	-0.017296	0.324555
1.861281	0.424195	-0.002851	1.617718	0.003129	0.342482
2.180639	0.509761	-0.004870	2.205474	0.008811	0.479018
1.331812	0.374846	-0.018563	1.526737	-0.034175	0.308293
2.609390	0.567155	-0.035979	2.668282	-0.027373	0.575485
2.411540	0.510650	-0.033609	2.352081	-0.014742	0.512108
2.675357	0.532757	-0.002625	2.453445	-0.007940	0.522556
2.155758	0.490050	-0.026420	2.193404	-0.010027	0.460183
2.382905	0.506676	-0.000184	2.023555	-0.009993	0.487143
1.285845	0.354862	-0.000800	1.345670	0.000414	0.251432
3.329322	0.595643	0.011346	2.754218	0.010029	0.622215
1.304085	0.347130	0.002561	1.200803	0.006541	0.253694
2.374136	0.515835	-0.008263	2.172140	0.000330	0.489397
2.021573	0.508822	0.018932	2.401988	0.007073	0.465965
1.902101	0.449584	0.008946	1.804441	-0.001349	0.381557
3.287496	0.649498	0.002117	3.010811	-0.037105	0.710705
1.361739	0.361404	-0.030708	1.227494	-0.013565	0.275436
1.338843	0.369384	-0.000172	1.324610	-0.001151	0.265459
2.586868	0.565865	-0.020823	2.342086	-0.018044	0.560518
2.530267	0.541709	0.004367	2.961714	-0.003803	0.565415
1.869190	0.436759	-0.002849	1.993256	0.015046	0.392237
2.551775	0.581693	-0.006462	2.763205	-0.004129	0.593271
2.010526	0.455389	0.019077	2.058669	-0.000119	0.402251
1.649057	0.465427	0.016496	2.048604	0.016950	0.390022
1.164352	0.346852	-0.000023	1.297396	0.000791	0.242083
2.003406	0.476129	-0.002558	2.214485	-0.001680	0.434555
1.285879	0.355246	0.004688	1.344524	0.014027	0.259067
2.834481	0.623796	-0.015108	2.964902	-0.005707	0.704101
2.381128	0.527826	-0.011923	2.340309	0.009681	0.499849
1.950973	0.442329	-0.001733	1.894195	0.000479	0.373983
2.956552	0.625194	-0.015026	2.949829	0.019491	0.684816
1.752835	0.378675	-0.003649	1.378597	-0.010368	0.299030
2.330134	0.502783	-0.003947	2.186256	-0.020659	0.474709
1.381906	0.362222	0.004995	1.324452	0.001627	0.257349
3.509255	0.651323	0.008836	3.215395	0.002043	0.726443
2.654756	0.572580	0.011805	2.924284	0.007723	0.615827
2.109169	0.477250	0.013721	1.897067	0.013049	0.440649
1.498920	0.400847	0.014400	1.522604	0.007304	0.310736
1.192136	0.333872	-0.000043	1.113802	0.000003	0.224426
2.398570	0.534589	0.022428	2.635747	0.037566	0.528005
1.457365	0.378515	-0.002167	1.550229	-0.000300	0.280667
1.588192	0.415178	-0.003770	1.543634	0.004020	0.320414
1.271900	0.354761	0.000803	1.242594	-0.000087	0.246205
1.794538	0.425409	0.038087	1.816564	0.009125	0.369142
1.285195	0.352538	-0.000553	1.239287	0.000545	0.251574
2.189073	0.458861	-0.008726	2.002615	-0.016703	0.415199
1.362022	0.362686	-0.000955	1.313412	-0.000118	0.270181
1.617253	0.399683	-0.009348	1.625701	-0.001792	0.310657
2.028061	0.481568	0.029795	2.162069	0.004812	0.444924
3.013865	0.663481	-0.013124	3.354708	0.001629	0.726164
2.091902	0.425850	-0.026648	1.841097	-0.004282	0.392969
1.950702	0.456217	-0.002054	1.985188	-0.007465	0.395209
1.766184	0.453180	-0.002265	2.227399	-0.005230	0.403056
2.044979	0.465257	-0.016138	1.923025	-0.002387	0.419949
1.098898	0.329669	-0.000000	1.098898	-0.000000	0.219780
1.294745	0.375166	-0.002161	1.434455	-0.001265	0.272010
1.995920	0.463670	0.034856	2.065141	0.039740	0.426497
2.743421	0.613667	0.010686	3.183656	0.024615	0.667433
2.309937	0.514347	-0.013485	2.598178	-0.034506	0.507925
1.410629	0.400260	0.019484	1.734604	-0.027421	0.335372
3.253859	0.666610	0.037695	3.320762	-0.012678	0.746832
1.183781	0.348061	0.001648	1.369832	-0.000044	0.246173
2.123059	0.472412	0.033178	2.049433	0.008746	0.451139
2.341265	0.490124	-0.025899	2.132639	0.013373	0.487437
2.090243	0.452290	-0.019138	1.854532	-0.012291	0.422744
1.961116	0.452073	-0.003910	1.899639	-0.017887	0.373109
2.535003	0.533314	0.025905	2.448766	0.031212	0.528770
1.972691	0.456998	-0.019515	1.903554	0.001278	0.404383
2.815092	0.609741	-0.003346	3.089615	-0.028656	0.634735
1.585420	0.393322	0.013800	1.572894	0.019647	0.316484
2.400579	0.530017	-0.031859	2.468668	0.011086	0.527099
1.139656	0.338885	-0.000865	1.206701	-0.004891	0.239376
1.573804	0.388414	-0.003212	1.354840	-0.005051	0.291540
2.547106	0.537908	0.001631	2.440679	-0.014787	0.530167
1.631057	0.381676	-0.015154	1.512199	-0.012581	0.304843
1.098898	0.329669	-0.000000	1.098898	-0.000000	0.219780
1.263414	0.348605	0.000394	1.169821	0.000592	0.239679
3.369810	0.667895	0.020760	3.416998	0.020236	0.770941
2.175613	0.526221	0.030677	2.175491	0.028531	0.485277
1.920152	0.510489	0.007276	2.303288	-0.008769	0.458382
1.259870	0.369357	0.002532	1.381209	-0.008323	0.273530
3.192528	0.666788	-0.027328	3.193629	-0.016937	0.764099
1.452645	0.358324	-0.000148	1.421950	0.000612	0.253582
2.894249	0.608685	0.003988	2.720286	0.037972	0.633316
1.922332	0.428293	0.033838	1.795622	0.004702	0.371819
2.912504	0.599865	-0.017434	2.793430	0.005921	0.648399
2.001762	0.489892	0.003664	2.109783	0.007141	0.439181
1.112633	0.333764	-0.000056	1.158556	-0.000156	0.223894
2.043915	0.455760	0.030953	1.915883	-0.007205	0.429326
1.920560	0.468369	0.008505	2.032886	0.023749	0.401238
2.265015	0.507314	0.038783	2.190397	-0.003996	0.493949
1.381491	0.383276	-0.013587	1.766278	-0.039666	0.316615
1.923245	0.472653	-0.006695	2.120205	0.001958	0.427117
3.476348	0.660117	-0.007961	3.292759	-0.008040	0.773361
1.375756	0.347280	0.003548	1.271862	-0.000451	0.251832
2.382881	0.586854	-0.004204	2.867643	-0.033266	0.626686
3.402592	0.722241	-0.002262	3.186548	-0.016414	0.840957
1.390130	0.370281	0.000182	1.518144	0.000437	0.269664
1.164451	0.340321	0.000884	1.137510	0.000268	0.232064
2.589176	0.550439	-0.024252	2.398679	0.008226	0.557295
1.319035	0.360428	-0.003330	1.328962	0.000081	0.258508
2.569550	0.539436	0.015876	2.421209	0.021441	0.524722
2.437607	0.544502	-0.017014	2.600216	-0.017297	0.559553
2.664279	0.557402	-0.021987	2.567573	-0.038376	0.545760
2.062065	0.510599	-0.023647	2.079177	-0.001092	0.463723
1.556855	0.400997	-0.006473	1.699789	0.004233	0.325377
1.970609	0.430625	0.011205	1.847877	0.023082	0.368347
2.153149	0.458755	0.018076	1.986076	0.010602	0.399689
3.071530	0.599676	-0.008893	3.004893	-0.017340	0.678053
2.886000	0.581744	-0.035863	2.735820	-0.028172	0.592165
1.137033	0.339497	-0.000031	1.137999	0.000391	0.230275
2.370492	0.502626	-0.031196	2.274256	-0.016385	0.475818
1.929699	0.445874	0.023106	1.934884	-0.007588	0.382945
1.303191	0.354551	0.002118	1.264080	0.001209	0.249840
1.826111	0.407027	-0.007466	1.761088	0.000653	0.342743
1.403514	0.375712	0.003268	1.526162	-0.001387	0.283207
2.557543	0.581513	0.002718	2.803554	-0.000545	0.620746
1.451417	0.364325	0.002168	1.325380	0.001958	0.265675
1.896541	0.406010	0.034231	1.596459	0.017671	0.345477
2.507121	0.553369	-0.000551	2.537958	0.010452	0.551112
1.111221	0.333041	-0.000049	1.110996	-0.000042	0.223137
1.579828	0.409833	-0.035793	1.822837	-0.024061	0.353377
1.506267	0.389799	0.007593	1.505255	-0.000421	0.296996
1.356655	0.378368	-0.004734	1.457614	-0.003312	0.279627
1.887926	0.441348	0.002228	1.896865	0.017180	0.368990
2.072933	0.492880	0.018082	2.104701	0.003640	0.458641
2.261732	0.478995	-0.018157	2.133427	-0.014781	0.446315
2.171230	0.479729	-0.013490	2.136473	-0.001931	0.420529
1.394505	0.381134	0.001476	1.354892	0.000235	0.280396
3.617673	0.695141	0.003935	3.681220	0.014288	0.839407
2.312506	0.550918	0.006601	2.622061	0.009350	0.513657
1.412791	0.387276	0.034141	1.599683	0.014064	0.320893
2.300301	0.557967	0.000023	2.589209	-0.020308	0.560541
1.680540	0.405817	0.021726	1.624951	0.012860	0.331817
1.277860	0.348263	-0.003868	1.173870	-0.000335	0.243571
1.098898	0.329669	-0.000000	1.098898	-0.000000	0.219780
2.495831	0.551650	0.008088	2.578471	0.032345	0.566392
2.138409	0.489840	0.013774	1.934529	0.007242	0.435627
1.099145	0.329529	-0.000013	1.098578	0.000002	0.219779
2.550596	0.548257	-0.021756	2.946996	-0.029245	0.560983
2.439570	0.524377	-0.017684	2.445648	0.003845	0.490495
1.192819	0.331951	0.010904	1.119667	0.002535	0.238810
1.774857	0.431527	0.011219	2.123030	-0.000121	0.346197
2.202280	0.485308	0.037612	2.276923	0.017208	0.474353
1.225860	0.360709	0.002628	1.299312	-0.000064	0.256980
1.098898	0.329669	-0.000000	1.098898	-0.000000	0.219780
1.241210	0.344198	0.000074	1.255964	0.000984	0.240046
2.549475	0.546550	0.001892	2.477290	0.010132	0.512782
2.412553	0.497131	0.015134	2.058312	0.013941	0.485021
2.321547	0.518941	0.026911	2.526325	0.010630	0.496662
2.040364	0.411876	0.003640	1.541471	-0.001873	0.332404
2.750110	0.593845	-0.038183	2.855637	0.025829	0.636794
1.216305	0.339775	-0.001443	1.234536	-0.000473	0.235155
1.640634	0.410139	-0.008975	1.625453	-0.035770	0.346437
2.165245	0.483412	-0.017577	1.938268	-0.001042	0.429160
2.653136	0.596012	0.001640	2.975198	-0.000406	0.651147
2.255814	0.539376	0.034014	2.466096	-0.000087	0.521262
1.098898	0.329669	-0.000000	1.098898	-0.000000	0.219780
2.066729	0.499800	-0.017798	2.178963	-0.038258	0.467147
2.874460	0.582779	-0.002195	2.687191	-0.038948	0.608650
2.158788	0.507017	-0.021520	2.200721	-0.019485	0.478526
1.509206	0.404613	0.000090	1.627543	-0.004830	0.323909
2.176442	0.526802	0.004694	2.395519	0.036962	0.490897
1.592551	0.391876	0.005175	1.599189	0.023024	0.309534
1.828359	0.433448	-0.002150	1.974816	0.013718	0.369340
1.343772	0.376331	0.000242	1.315470	0.007153	0.278068
1.670584	0.418792	0.014509	1.787512	-0.016354	0.384078
3.269225	0.618096	0.012852	3.133479	-0.015828	0.669179
2.041491	0.465747	-0.039689	1.893083	-0.014418	0.418215
3.224208	0.687784	0.018186	3.223382	-0.003722	0.771281
1.714088	0.377114	0.032713	1.534106	0.006192	0.293844
2.480566	0.512540	-0.010237	2.477411	0.006307	0.510404
1.800372	0.429196	-0.020306	1.896902	-0.008928	0.363321
1.689015	0.384131	-0.001455	1.489516	0.004165	0.315921
1.283592	0.352851	0.004285	1.232750	0.003646	0.252725
1.458534	0.416509	-0.000424	1.685545	0.004459	0.334467
1.461632	0.363681	-0.000383	1.426254	0.000100	0.272541
2.365696	0.528252	-0.029162	2.381228	-0.018857	0.500637
1.378007	0.353962	-0.000318	1.354581	0.000842	0.255383
3.285903	0.719231	-0.000482	3.816252	-0.000281	0.846916
1.230308	0.342895	-0.000647	1.193134	-0.001405	0.239041
1.542951	0.367450	0.029275	1.359277	0.006018	0.282918
2.517288	0.534490	0.023236	2.624619	0.003303	0.524421
1.282197	0.362734	0.001331	1.421106	0.001917	0.264816
2.663415	0.579110	-0.011726	2.744164	-0.019901	0.618078
1.178523	0.340526	0.000247	1.155578	0.000019	0.231086
2.597117	0.570863	0.039596	2.868822	0.029839	0.623583
1.393178	0.356418	0.000574	1.215174	-0.000019	0.252312
2.190641	0.493063	-0.000582	2.070504	-0.000103	0.477250
1.190226	0.349723	-0.001405	1.173978	-0.000126	0.241125
3.402087	0.645869	-0.003916	3.303753	0.018083	0.754602
1.709108	0.435194	-0.035106	1.948533	-0.020288	0.380813
1.149907	0.343319	-0.000213	1.149002	0.000658	0.233461
2.526383	0.590831	-0.002666	2.506065	0.014540	0.629286
1.319325	0.345590	0.006525	1.251359	0.004356	0.254422
2.028238	0.453672	-0.020401	1.874513	-0.011087	0.399184
1.756961	0.406191	-0.003320	1.621813	-0.003847	0.327407
1.139614	0.339652	0.001328	1.135320	-0.000241	0.230763
3.364658	0.685102	0.002891	3.633767	-0.031830	0.788283
1.587321	0.392748	0.003506	1.831575	-0.003637	0.317800
1.111006	0.333040	-0.000011	1.111377	-0.000008	0.223046
1.984431	0.476399	0.001128	1.927174	0.016964	0.411251
1.962081	0.440336	0.007943	1.978736	-0.023146	0.412381
2.500864	0.558398	-0.012792	2.798011	-0.010355	0.578306
1.868206	0.415888	-0.007865	1.611795	0.002435	0.349055
1.813957	0.411986	-0.011591	1.545267	-0.006833	0.345663
3.322633	0.595132	0.004320	2.998425	0.007188	0.639083
2.864436	0.591717	0.019585	2.558854	0.009649	0.597726
3.040078	0.574246	0.027956	2.645083	0.010490	0.579777
1.233160	0.352079	-0.002065	1.215676	0.000112	0.252302
2.843248	0.594774	0.017206	2.746722	-0.001284	0.624637
1.619419	0.380471	0.031091	1.462112	0.024975	0.308814
2.451286	0.565119	-0.016277	2.717396	-0.002141	0.593130
2.776949	0.560211	0.000416	2.515957	-0.039127	0.565459
2.488203	0.509808	-0.008105	2.281018	0.007134	0.492851
2.367667	0.543126	0.012087	2.390936	0.008686	0.522016
1.386194	0.355405	0.008679	1.314183	0.006091	0.269750
2.206044	0.533228	0.022390	2.312284	0.031865	0.502633
1.124171	0.336367	-0.000083	1.124315	-0.000001	0.226835
2.128056	0.463951	-0.012906	2.035591	0.001711	0.405833
1.722337	0.390098	-0.011804	1.535543	-0.002447	0.293429
3.572444	0.694788	0.036836	3.422763	-0.012894	0.849547
1.125097	0.336113	0.000170	1.125396	0.000200	0.227607
1.558712	0.429001	0.003085	1.752549	0.004038	0.350781
2.217429	0.484809	0.024496	2.022286	0.006363	0.444984
2.880317	0.620155	0.013597	2.880124	-0.007654	0.657874
2.468408	0.456249	-0.014736	1.905377	0.011202	0.400874
2.326042	0.511992	-0.020342	2.233072	-0.004246	0.481915
1.467062	0.380841	0.006720	1.416431	0.002574	0.290529
2.197024	0.525408	0.023778	2.147328	0.004571	0.482197
1.233318	0.365982	-0.003177	1.483449	-0.001173	0.262807
1.986547	0.433626	0.018836	1.909090	0.000592	0.367059
2.558829	0.587365	0.023943	2.804219	0.011644	0.620156
2.205026	0.505440	0.020018	2.137276	-0.008740	0.477812
2.950232	0.582518	0.016738	2.711837	0.011794	0.615924
2.360902	0.553933	0.037723	2.587359	0.010281	0.558665
1.509355	0.401641	-0.018093	1.622902	-0.040343	0.336838
1.124514	0.336158	-0.000050	1.125480	-0.000006	0.227417
3.190277	0.658618	0.008518	3.387014	0.001514	0.750397
1.646886	0.400687	0.012237	1.487513	0.003016	0.306798
2.551222	0.562690	0.011409	2.525735	0.035176	0.563814
2.786614	0.603521	0.000553	2.762016	-0.025455	0.656684
2.364083	0.534865	0.012807	2.411353	0.007420	0.525632
3.195402	0.676786	0.025830	3.504306	0.008679	0.761419
2.858020	0.597699	0.016945	2.850927	0.039133	0.620901
1.770446	0.437247	0.013637	1.916843	0.008812	0.380781
1.861379	0.455118	-0.019027	1.907033	-0.005272	0.411743
1.896697	0.448312	0.022595	1.765712	-0.012815	0.406427
1.640116	0.401494	0.019088	1.581976	-0.019000	0.350728
2.800521	0.569186	0.012745	2.573339	-0.023183	0.588047
2.457298	0.532630	0.006534	2.351611	-0.024720	0.552312
2.000661	0.456147	-0.000626	1.916920	-0.008871	0.389774
2.077567	0.480826	-0.009094	2.407778	-0.009515	0.442762
1.277021	0.350554	-0.000587	1.278025	0.000440	0.246642
3.389400	0.674265	0.024650	3.848257	0.001107	0.777025
2.977455	0.591734	0.007144	2.904981	0.001310	0.636574
1.798889	0.435437	0.007831	1.851930	0.000276	0.366435
3.163175	0.665359	0.028232	2.995853	-0.015558	0.704644
2.125349	0.458406	0.006984	2.005994	0.008374	0.413455
2.626392	0.596298	-0.023924	2.846867	-0.034936	0.605476
1.557925	0.388050	0.001707	1.574497	-0.004147	0.296148
2.095802	0.508920	-0.023222	2.094487	0.010166	0.487034
1.747686	0.426228	-0.022684	1.716929	0.021453	0.393249
3.213916	0.673189	-0.004572	3.036683	0.028856	0.756261
1.797866	0.440852	0.013068	2.060500	0.031514	0.400645
2.222242	0.486808	-0.026132	2.360491	0.016230	0.470127
1.886126	0.471679	0.022743	1.908837	0.038157	0.434934
1.779779	0.460262	0.013208	2.081911	0.009499	0.409216
3.040932	0.619873	-0.030436	3.082566	0.003819	0.692908
2.535675	0.545490	-0.008367	2.430770	0.001834	0.531506
1.445274	0.363883	-0.000739	1.424496	0.004016	0.273623
2.688333	0.573704	0.033673	2.795061	0.011913	0.612926
1.900954	0.410974	0.004424	1.612667	0.002956	0.321652
1.212531	0.337581	0.000073	1.126585	-0.000144	0.227368
1.495086	0.413696	-0.014869	1.868234	-0.001984	0.348501
2.237467	0.534717	-0.015329	2.171489	-0.002842	0.490205
2.971267	0.593554	0.030136	2.730887	0.021440	0.655180
1.754077	0.414047	-0.005252	1.480777	0.001189	0.335908
1.111159	0.333000	0.000038	1.111294	0.000010	0.223063
1.840790	0.427715	-0.005572	1.880898	-0.002668	0.359129
2.423859	0.514598	-0.012303	2.272155	0.001190	0.492298
2.607530	0.541945	0.007133	2.458349	-0.010704	0.563943
2.368909	0.511850	-0.019929	2.239492	-0.014219	0.487018
2.035529	0.454812	0.040228	1.885448	0.033396	0.423471
1.347470	0.375969	0.001386	1.648289	0.001857	0.284573
1.345049	0.369246	-0.002016	1.564624	0.000902	0.269038
2.219689	0.517164	0.010339	2.521917	0.008434	0.482379
1.491439	0.383155	-0.000205	1.439877	0.004079	0.281847
2.795555	0.608167	0.013431	2.938663	0.014405	0.655669
2.148469	0.492754	-0.021617	2.013181	-0.011367	0.456124
3.365354	0.684213	-0.014310	3.541255	-0.038175	0.772783
2.115787	0.517006	0.009083	2.536657	0.025993	0.484089
2.349946	0.528038	0.006482	2.362158	-0.025225	0.492241
2.073429	0.458754	0.003880	2.067830	-0.016590	0.402988
1.816400	0.423892	0.020241	1.802060	0.010475	0.346609
2.108271	0.489035	-0.033791	2.299187	-0.038563	0.466114
1.408528	0.378213	-0.005666	1.445112	-0.000051	0.288738
2.165516	0.486369	-0.015570	2.278403	-0.010248	0.480010
1.966327	0.475185	0.035868	1.948720	-0.029185	0.435398
2.830526	0.569785	0.012408	2.553434	-0.039382	0.598726
2.996230	0.591554	-0.036484	3.031852	-0.039101	0.619203
1.662171	0.404448	-0.013539	1.587693	-0.038116	0.334050
3.192961	0.635823	0.008590	3.231132	0.023754	0.704992
1.499670	0.417302	-0.004651	1.648598	-0.010343	0.328446
2.428114	0.510122	0.026061	2.321640	-0.000618	0.516466
1.850492	0.432521	-0.004362	1.950998	0.009106	0.354460
3.599397	0.687910	-0.000675	3.301504	0.001779	0.813541
1.554446	0.379971	-0.003011	1.419958	-0.005547	0.278806
2.481966	0.544029	-0.021898	2.806674	-0.004249	0.573058
1.417714	0.386201	-0.002659	1.558022	-0.000251	0.290909
2.321970	0.499053	0.005830	2.538033	0.031737	0.469239
1.753922	0.400377	0.002767	1.620909	0.029060	0.346328
1.142369	0.341501	-0.000296	1.234031	-0.000204	0.232989
1.906136	0.499830	0.012683	2.342977	-0.025421	0.477145
2.331783	0.511908	0.025662	2.312156	0.014265	0.496659
1.571290	0.403621	0.007084	1.771286	0.010059	0.329435
2.606262	0.565114	-0.024492	2.485871	-0.006690	0.575208
2.803794	0.558783	-0.029576	2.611670	-0.020340	0.585942
1.661408	0.393434	0.001010	1.602646	-0.005008	0.304214
1.756841	0.416747	0.014441	1.735106	-0.002494	0.335767
1.805769	0.457528	-0.018121	2.015873	-0.021572	0.399215
1.413091	0.363904	0.000837	1.338035	-0.003420	0.270309
1.907636	0.477058	0.001218	1.933130	-0.006733	0.424444
1.473637	0.371358	0.002710	1.567401	-0.000020	0.293104
2.363102	0.465882	-0.009444	2.260618	0.003375	0.464482
1.937129	0.418142	-0.021598	1.792377	0.004878	0.357790
1.111498	0.332945	0.000037	1.112033	-0.000030	0.223582
1.601893	0.429660	-0.017696	1.884929	-0.013887	0.357044
2.456699	0.490401	-0.028565	2.225084	0.031676	0.496907
2.073281	0.492017	-0.033682	2.157699	-0.011388	0.440412
2.380245	0.501793	-0.011874	2.177978	-0.001424	0.454472
2.595511	0.568030	-0.034145	2.534858	-0.025026	0.595321
2.069033	0.458091	-0.012589	2.182833	-0.012021	0.412948
1.636206	0.434398	0.009632	2.063626	-0.003373	0.357734
3.267551	0.593865	-0.026496	2.875088	-0.030630	0.661551
2.980011	0.664218	-0.007777	3.122086	-0.018216	0.712831
1.485580	0.382022	0.017492	1.449589	0.029848	0.305958
2.068280	0.491289	0.027390	2.130689	0.015887	0.434860
2.280667	0.497993	-0.035690	2.094616	-0.007663	0.453999
1.275525	0.379588	0.001899	1.491716	-0.002499	0.278045
2.208206	0.486671	0.022300	2.356511	-0.002911	0.480479
1.571844	0.400969	-0.002962	1.645496	-0.003828	0.307468
1.178394	0.350375	-0.003420	1.280593	-0.005553	0.247222
1.396902	0.376411	-0.002425	1.506558	0.000007	0.278126
1.217910	0.356744	-0.001954	1.461093	-0.003678	0.265314
3.156266	0.642492	0.007822	3.434510	-0.016900	0.702116
2.327773	0.518144	0.022530	2.073600	-0.001778	0.521176
1.772425	0.427535	-0.001667	1.630851	-0.007490	0.353398
1.507134	0.365706	0.000538	1.468766	-0.002302	0.282888
4.060902	0.757568	0.003330	3.371590	-0.000085	0.936500
3.261589	0.630759	0.011167	3.210983	0.018637	0.708440
1.969608	0.421790	-0.014328	1.701538	-0.016749	0.351913
2.037287	0.475801	0.003196	2.014061	0.000633	0.404753
1.982764	0.441638	0.016084	1.954211	0.035716	0.400659
1.167222	0.346433	0.000810	1.165123	-0.001375	0.239705
1.810305	0.439425	-0.006014	2.205364	-0.003734	0.366390
2.719837	0.581177	-0.030313	2.409605	-0.026131	0.571137
2.603717	0.567566	0.015904	2.376115	0.015036	0.565562
2.451046	0.531608	-0.004972	2.244503	-0.006045	0.506640
2.219824	0.474585	0.019380	2.393812	-0.009806	0.450159
1.774937	0.431599	-0.002887	1.576030	-0.003689	0.345952
1.396591	0.375674	-0.001133	1.520374	-0.006835	0.277828
3.026350	0.589237	0.014478	2.836330	-0.010427	0.621011
1.416632	0.350821	-0.000546	1.332135	0.000219	0.248663
3.254087	0.665250	0.005053	3.199980	0.012401	0.751966
2.056901	0.472592	0.010653	2.094167	-0.007403	0.413165
3.624151	0.711308	-0.001581	3.840831	0.000999	0.850352
1.648651	0.412272	-0.001725	1.598966	-0.003790	0.328983
1.946506	0.468481	0.009415	2.062156	0.000408	0.412277
2.480769	0.521258	-0.018748	2.242520	-0.023761	0.505350
1.593433	0.388053	-0.011196	1.591551	-0.004613	0.297686
2.469647	0.562206	-0.005726	2.637987	0.012444	0.570843
1.485495	0.382080	0.003542	1.544567	0.007684	0.290409
1.151523	0.342710	0.000218	1.189052	0.000911	0.237980
1.124424	0.336285	0.000472	1.122911	-0.000072	0.226136
2.424048	0.548271	-0.002678	2.506906	0.014322	0.526735
2.368306	0.566782	-0.028074	2.746753	-0.036383	0.594004
2.161594	0.500902	-0.025267	2.378269	-0.017250	0.469847
3.281297	0.640032	-0.001306	3.069585	-0.018719	0.720890
3.025266	0.582794	0.013197	3.108644	-0.021449	0.610528
1.672058	0.397990	-0.031974	1.525171	-0.022918	0.344951
3.698904	0.720887	-0.027650	3.499111	0.033206	0.880478
2.367934	0.512242	-0.016588	2.500561	-0.011699	0.498755
2.077769	0.471155	0.017204	2.039158	0.012655	0.408682
2.864179	0.645602	0.008756	2.862813	0.003300	0.703463
1.553441	0.403751	0.000308	1.735723	-0.006056	0.322442
2.760379	0.615282	0.036286	3.067697	0.001394	0.625742
1.528432	0.420193	-0.010710	1.676126	-0.013974	0.345639
1.963144	0.438229	-0.005237	1.857183	-0.009074	0.380400
3.262510	0.662859	-0.004987	3.581133	-0.019085	0.789751
1.942317	0.468344	-0.004730	2.165834	0.017946	0.425258
1.680982	0.397936	0.006754	1.410429	-0.005278	0.316459
2.968551	0.605595	-0.011632	3.105564	-0.010098	0.675485
1.680533	0.393239	0.002788	1.626459	-0.013702	0.322671
2.309921	0.517004	-0.002293	2.413877	-0.010620	0.502566
1.518230	0.365021	-0.000315	1.743676	0.002994	0.281310
1.178537	0.347234	-0.000281	1.304635	-0.000329	0.245142
1.787017	0.427851	0.008699	1.598474	0.027938	0.373840
1.462235	0.369327	-0.036232	1.261892	-0.018348	0.292662
2.315104	0.498924	0.032653	2.123437	0.028016	0.459679
2.842058	0.619380	0.030512	2.731658	0.032708	0.668078
2.989992	0.652175	-0.006595	3.019207	-0.000784	0.685128
1.602307	0.395702	-0.008939	1.410422	-0.010972	0.309911
2.558406	0.543886	0.002571	2.438621	0.020441	0.545575
2.014654	0.439639	0.014080	1.827756	-0.004640	0.400193
1.277015	0.357919	-0.000840	1.304901	0.003151	0.254627
1.289237	0.378620	-0.001364	1.288325	-0.001327	0.277615
1.569980	0.411850	0.005031	1.814671	0.025703	0.339067
2.886977	0.569036	0.005409	2.700749	-0.024830	0.573866
1.451822	0.388360	0.002577	1.429588	-0.001069	0.291332
2.273306	0.524276	-0.011107	2.699545	-0.012001	0.532305
1.219001	0.348607	0.001399	1.267473	0.003040	0.244526
1.623076	0.416281	-0.010493	1.758116	-0.005962	0.342213
1.546462	0.413089	-0.003382	1.888677	0.012359	0.347867
1.898538	0.460627	-0.033038	1.857334	-0.016309	0.422252
1.685482	0.406933	-0.015900	1.625835	-0.020624	0.337115
2.940471	0.638343	-0.000903	3.017051	0.012672	0.722247
1.151734	0.345334	-0.000074	1.242254	-0.000634	0.236895
1.429716	0.383875	0.012871	1.479226	0.006873	0.301844
1.259185	0.351572	-0.000306	1.178134	0.000172	0.243850
2.396833	0.543418	0.004045	2.639742	0.010901	0.532807
2.591466	0.595913	-0.026229	2.626559	-0.026694	0.630129
3.435479	0.685077	-0.022741	3.122645	-0.024336	0.781060
2.579608	0.565082	-0.005556	2.677215	-0.016673	0.575718
2.159878	0.439070	-0.027087	1.704487	-0.024997	0.396300
2.334184	0.554571	-0.028712	2.439792	-0.015757	0.521212
1.646516	0.433938	-0.002765	1.978005	0.022383	0.394635
2.842442	0.579600	0.023182	2.707392	0.011875	0.578382
1.454435	0.381734	0.001663	1.365636	0.004802	0.275426
3.018272	0.632589	-0.021049	3.391059	-0.018462	0.714836
2.042452	0.460996	-0.018698	1.855216	0.035973	0.417632
1.326191	0.362532	-0.013202	1.243130	-0.004858	0.269559
1.586054	0.400945	-0.001057	1.646022	0.005156	0.312532
1.961187	0.468472	0.010848	1.997900	-0.019741	0.423161
1.256756	0.352211	-0.001583	1.192476	-0.000020	0.248869
1.892804	0.419269	0.007095	1.832120	0.000070	0.348532
1.371936	0.355549	0.003068	1.208608	0.005589	0.253391
2.385673	0.555779	-0.013229	2.673211	-0.017285	0.588243
1.250240	0.367057	-0.005432	1.425564	-0.012909	0.273174
1.997527	0.456505	-0.017418	2.076577	-0.000044	0.388450
1.198526	0.354971	-0.001473	1.286762	-0.001273	0.248110
3.004865	0.658971	-0.005948	3.197338	0.023194	0.738819
1.529944	0.421058	0.015668	1.678369	0.006036	0.341620
2.866947	0.619063	0.008619	2.863114	-0.022382	0.637385
1.161941	0.348283	0.001825	1.161169	0.002191	0.239484
1.825341	0.469659	0.021067	1.836470	-0.004880	0.432812
1.324019	0.375151	0.006340	1.612576	0.014081	0.298777
2.030163	0.463602	0.012686	2.173485	0.006638	0.422300
2.314194	0.524080	0.010457	2.546534	-0.012424	0.497123
1.540495	0.375132	0.002427	1.287421	0.002553	0.275329
1.857585	0.437582	-0.002094	1.933654	-0.016348	0.365292
3.104756	0.648890	-0.003492	3.278241	-0.008865	0.741636
1.293106	0.370980	0.005467	1.263193	-0.001381	0.268139
2.947388	0.589059	-0.010442	2.651826	-0.017259	0.625766
1.231272	0.364302	0.003783	1.286853	0.000504	0.263024
3.359580	0.653996	-0.010534	2.994450	-0.007915	0.732034
1.877172	0.393511	-0.024775	1.602005	-0.000858	0.326780
1.383080	0.355989	-0.000660	1.295803	-0.003635	0.254391
2.040260	0.481887	-0.010219	1.787583	-0.009117	0.425549
1.506825	0.426647	-0.007095	1.699568	-0.010554	0.346189
3.132205	0.656481	0.024052	3.299551	0.016946	0.765901
2.759252	0.587990	0.010392	2.569328	-0.005222	0.601891
1.715340	0.397527	-0.026003	1.489007	-0.007115	0.329270
2.433419	0.553419	-0.015743	2.574539	0.001617	0.553583
1.907783	0.457071	0.013008	2.013863	-0.001249	0.381602
1.303763	0.359108	0.000465	1.217788	0.003064	0.254068
1.137973	0.339152	0.000367	1.141035	-0.000321	0.231511
2.261537	0.503890	0.016196	2.300871	-0.003110	0.493022
2.068119	0.491085	-0.006245	2.142388	-0.004561	0.440405
2.067993	0.490329	-0.004734	2.045813	0.025281	0.484004
1.284795	0.356713	-0.000247	1.246673	0.000548	0.250709
1.755641	0.428166	0.027799	1.771696	0.033212	0.386483
1.571360	0.416744	0.034124	1.579358	0.032302	0.358026
1.688085	0.412271	0.007976	1.517975	0.004059	0.316707
1.907179	0.465575	-0.001983	2.011517	0.014208	0.403429
2.421857	0.560324	0.007484	2.531314	0.018119	0.569719
1.959301	0.465709	0.016952	1.871975	0.019717	0.387497
1.424211	0.375734	0.002237	1.426820	0.002682	0.286752
2.616298	0.534063	0.008627	2.473088	0.000257	0.517191
1.601475	0.429075	0.007491	1.767466	0.018051	0.341793
1.754192	0.403969	0.007459	1.834743	0.004200	0.322640
1.661866	0.405770	-0.002353	1.486637	0.002828	0.316752
1.565157	0.426201	-0.006786	1.636758	-0.001623	0.339919
1.986206	0.456276	-0.005424	1.946346	0.001453	0.401177
1.219474	0.340905	-0.000011	1.140224	-0.000125	0.231331
1.304628	0.360658	-0.006096	1.236094	-0.003617	0.267554
1.684530	0.396631	0.000004	1.607486	0.008237	0.315659
1.703358	0.432379	0.000608	1.719992	-0.000440	0.361652
2.354603	0.483453	-0.014631	2.193111	-0.002162	0.432594
2.712134	0.598873	-0.033882	2.446896	-0.035292	0.673963
2.308923	0.470221	-0.028792	2.273384	-0.019125	0.473072
2.465891	0.512760	-0.002754	2.357404	-0.007130	0.488194
2.638143	0.543922	0.013708	2.434478	0.020286	0.527457
1.483330	0.386075	0.001529	1.638729	-0.002005	0.293890
1.217912	0.361250	-0.000266	1.250599	-0.001042	0.257593
1.709742	0.453544	-0.009765	1.856641	-0.005677	0.392008
1.098898	0.329669	-0.000000	1.098898	-0.000000	0.219780
1.309722	0.385946	0.015418	1.541872	0.003705	0.309889
2.076931	0.516439	0.010716	2.304690	0.006609	0.519143
1.790986	0.435744	0.001972	1.640158	0.007783	0.363948
2.080352	0.498570	0.021520	2.250115	-0.001498	0.460924
2.487839	0.520877	0.029374	2.598067	0.024783	0.551359
2.593782	0.553581	-0.036592	2.607074	-0.018945	0.558564
2.500712	0.551363	-0.024040	2.380858	-0.000595	0.559551
1.892612	0.438553	0.005745	1.839390	0.019140	0.376212
1.334035	0.375592	-0.012427	1.487081	-0.013885	0.300771
1.288132	0.357160	-0.000506	1.367063	0.000500	0.253014
1.202338	0.357662	-0.001293	1.211166	-0.002179	0.250251
1.576502	0.401519	-0.010530	1.610961	0.001856	0.329224
1.722761	0.410556	0.013166	1.655709	0.008693	0.346222
2.259219	0.481858	0.012535	2.189071	-0.000571	0.447987
1.524813	0.391771	0.007505	1.421753	-0.001272	0.346410
1.574294	0.398991	0.000811	1.535593	-0.001871	0.309801
1.510958	0.393125	-0.002824	1.526651	-0.004752	0.303538
2.293340	0.504512	0.003119	2.345735	0.029138	0.518831
1.163733	0.347394	0.002261	1.160832	0.000721	0.237805
1.222320	0.360664	0.002605	1.369883	-0.000467	0.262543
2.045024	0.501493	0.013528	2.304890	0.028938	0.444765
2.391741	0.483825	-0.009207	2.691166	0.028399	0.467639
3.361131	0.670292	0.001615	3.229191	0.026576	0.756409
1.686155	0.421554	-0.026452	1.499072	-0.015393	0.354027
1.347115	0.370346	-0.001758	1.462766	-0.005231	0.272444
3.023518	0.644012	0.001876	3.104134	0.008765	0.738149
2.737742	0.569989	-0.002887	2.474694	-0.034232	0.568752
2.857501	0.603061	-0.004785	2.896104	-0.027779	0.627434
1.493250	0.395439	0.018352	1.545174	0.006588	0.306124
3.241286	0.659695	0.007514	3.394649	-0.001694	0.755448
2.113479	0.450514	-0.024683	1.879690	-0.010713	0.385646
1.405930	0.372446	0.022612	1.358633	0.004419	0.278411
1.387648	0.377544	0.009161	1.526687	-0.001373	0.280362
2.638048	0.584565	0.011709	2.453863	0.018567	0.587458
1.239441	0.351013	0.000926	1.341312	-0.000847	0.250363
2.891185	0.578215	-0.017652	3.115209	-0.025346	0.623415
2.633978	0.593706	-0.008013	2.642932	0.004839	0.593195
1.652509	0.425293	0.000275	2.030603	-0.001906	0.357310
1.157019	0.342343	-0.000536	1.153386	0.000051	0.235904
1.521656	0.386497	0.000836	1.512851	0.003064	0.297625
1.402151	0.395116	0.000732	1.673847	-0.005946	0.308420
2.692846	0.541366	0.013976	2.556431	-0.004335	0.549763
1.494084	0.384099	0.006845	1.602469	0.004072	0.307401
1.180597	0.339214	-0.007235	1.131727	-0.005154	0.233326
2.408916	0.518955	-0.020961	2.408506	-0.021982	0.509048
2.859966	0.594382	-0.008544	2.587478	0.000056	0.641538
2.449088	0.551268	-0.015784	2.697694	-0.027336	0.559949
3.087794	0.642334	-0.029343	3.322167	-0.017268	0.742515
1.160415	0.346096	0.001661	1.341058	-0.000544	0.237995
3.307267	0.607454	0.018792	2.975888	0.012702	0.650887
2.700032	0.528433	0.013909	2.336691	-0.034832	0.504860
2.051602	0.466629	0.006151	2.051583	-0.010871	0.404213
1.255779	0.347818	0.000786	1.369012	0.000020	0.247859
3.144543	0.621948	-0.031006	3.170513	0.003053	0.680320
1.426950	0.375531	0.001005	1.356070	0.003125	0.273690
1.098898	0.329669	-0.000000	1.098898	-0.000000	0.219780
1.959137	0.437673	0.005262	1.686911	0.001409	0.356070
1.886893	0.424231	-0.008970	1.745710	-0.001308	0.367480
1.518924	0.384593	-0.000619	1.535579	-0.004026	0.294611
1.643970	0.443677	0.010972	1.593989	0.006945	0.353477
2.492097	0.527545	-0.004431	2.400744	0.013113	0.504441
2.187591	0.459910	-0.009085	1.910122	0.006778	0.397291
2.384688	0.507424	-0.000642	2.286502	-0.035631	0.489888
3.518093	0.669654	-0.019551	3.303411	-0.008897	0.756772
1.706070	0.417032	0.000843	1.894573	0.010821	0.338238
1.459081	0.357758	0.003089	1.249160	0.000391	0.256132
1.359372	0.346777	-0.000227	1.164968	-0.000147	0.242752
3.067840	0.638426	-0.009781	3.092005	0.028806	0.701243
1.756835	0.434791	-0.017066	1.921768	-0.032642	0.375198
3.044027	0.653264	-0.011482	3.203748	-0.021827	0.730917
1.158496	0.342894	0.000098	1.153753	0.000038	0.236297
1.364346	0.388149	0.017683	1.581367	0.030815	0.310421
2.312307	0.503509	-0.009952	2.557467	0.014124	0.477462
1.547103	0.409552	-0.002205	1.572712	0.000532	0.315792
3.551039	0.725510	-0.016476	3.414488	0.004506	0.849741
1.337967	0.374809	0.005335	1.332716	0.016952	0.283769
1.682229	0.394156	0.004110	1.530039	0.012697	0.301037
2.383748	0.528930	-0.003595	2.235304	-0.013629	0.473199
1.202968	0.359844	0.001212	1.265994	0.004674	0.252145
2.172794	0.452956	-0.005884	1.976488	-0.004088	0.399476
1.191672	0.331001	0.000113	1.103824	0.000072	0.222181
1.948541	0.462889	-0.026597	2.135872	-0.023475	0.404640
2.167714	0.486853	0.002758	2.148788	0.007800	0.462403
1.141878	0.339681	-0.000171	1.137814	0.000207	0.230913
1.258555	0.369118	-0.000125	1.354008	0.001905	0.266897
2.677051	0.529008	-0.014987	2.632358	0.024807	0.504783
2.648825	0.569364	-0.008138	2.558831	0.024717	0.581218
2.043931	0.514729	0.001920	2.419823	0.024402	0.476900
1.399738	0.367593	-0.000255	1.271625	-0.002365	0.264123
2.306066	0.517448	0.029235	2.265277	0.014936	0.490902
1.813287	0.436283	-0.003278	1.823809	-0.028152	0.364136
1.814756	0.463267	-0.020070	2.133906	-0.019773	0.434732
1.769059	0.427659	-0.004077	1.730999	-0.005144	0.348542
2.931607	0.670428	0.002204	3.351751	0.008285	0.711066
1.727224	0.408625	0.011259	1.744540	-0.006539	0.340638
2.417341	0.577585	0.005353	2.524310	-0.003194	0.596299
1.188571	0.353811	-0.000554	1.369685	0.000151	0.246292
2.138984	0.454005	0.002454	1.842524	-0.001679	0.381237
2.222739	0.487598	-0.004203	2.045578	-0.038144	0.449683
1.705381	0.398367	0.002677	1.594709	0.003145	0.309086
1.250970	0.367313	-0.011095	1.353357	-0.036007	0.282309
1.514134	0.387069	0.016239	1.586874	0.031153	0.319848
2.621243	0.547070	0.016260	3.036241	0.018481	0.564272
1.992793	0.446946	0.004925	1.721861	-0.001170	0.380767
2.662818	0.605392	0.004298	2.811920	-0.031496	0.626040
2.386156	0.498493	0.003748	2.159976	-0.008538	0.463158
1.242115	0.346991	0.000354	1.263064	-0.001081	0.242545
2.946095	0.619256	-0.016136	2.867479	-0.033337	0.653766
2.915221	0.624122	0.023486	3.171724	0.028982	0.675498
1.267499	0.352997	0.001323	1.179785	-0.000406	0.245706
1.277766	0.372307	-0.001442	1.286219	-0.000841	0.271104
1.595311	0.388984	0.001017	1.749293	0.004765	0.312633
1.639214	0.411325	-0.005627	1.718733	-0.001985	0.327949
1.728571	0.415798	0.018283	1.568572	0.016751	0.349163
1.295028	0.356467	-0.000389	1.298003	-0.000399	0.249428
1.469121	0.398218	-0.037025	1.498710	-0.036227	0.313412
2.355704	0.575411	0.028259	2.622874	0.024651	0.571377
2.316617	0.521347	0.000841	2.350289	-0.013652	0.515110
1.133812	0.334377	0.000015	1.198298	0.000113	0.224789
1.162267	0.346898	-0.000240	1.163694	-0.002195	0.237418
1.522500	0.423486	0.003840	1.676476	-0.004976	0.340712
1.387367	0.358062	0.002837	1.476738	0.002376	0.259932
2.191499	0.520950	0.023299	2.422530	0.014084	0.504069
1.214331	0.351406	-0.008860	1.289209	-0.002345	0.256242
2.783857	0.555429	0.014114	2.618394	0.002349	0.576835
2.964109	0.643958	0.016511	3.048117	-0.001270	0.699176
2.289910	0.532100	0.017272	2.395494	-0.004890	0.497748
1.335203	0.384560	0.000346	1.397804	0.001941	0.279309
2.358118	0.513682	0.028450	2.384375	0.025611	0.480984
3.473323	0.667521	0.015242	3.329814	-0.033151	0.759136
2.618433	0.582285	-0.009286	2.914663	-0.026658	0.613329
2.089295	0.476871	-0.022494	1.904406	-0.012970	0.426565
3.670333	0.736515	-0.019656	3.420932	0.008855	0.909059
2.266490	0.477682	-0.012303	2.324550	-0.006881	0.456256
3.499878	0.703804	0.011343	3.545809	-0.005852	0.837570
3.098135	0.623317	0.014953	3.061357	-0.003172	0.653219
2.107780	0.442836	-0.009323	1.759674	0.005632	0.389041
2.278788	0.506595	0.011036	2.202925	0.021169	0.455469
1.247251	0.345736	0.002096	1.250574	0.001660	0.242194
1.395814	0.388905	-0.003420	1.666122	-0.005356	0.305146
1.320387	0.365189	0.001591	1.302290	-0.001082	0.275229
2.315134	0.543984	0.006625	2.455283	-0.002929	0.558190
1.564242	0.403092	-0.003099	1.487216	-0.014028	0.317031
2.032089	0.467814	-0.005911	1.993959	-0.018281	0.408651
2.443085	0.542698	-0.001671	2.754701	-0.007339	0.564361
1.284085	0.352111	0.002570	1.280125	0.003604	0.254268
1.137663	0.339781	-0.000363	1.135348	0.000016	0.229741
2.607795	0.568975	0.013903	2.675775	-0.003519	0.624030
3.634869	0.723653	-0.009383	3.343963	0.003783	0.815279
1.388607	0.376752	-0.036934	1.567954	-0.038041	0.307687
1.868001	0.440335	0.029900	1.899674	-0.002302	0.400795
2.038486	0.452551	-0.004149	1.973643	-0.003682	0.380554
3.529963	0.658814	0.009324	3.206201	-0.017722	0.769623
2.204280	0.506475	0.022796	2.027365	0.025481	0.464153
2.212184	0.481811	-0.013252	2.460525	-0.022662	0.448680
2.015796	0.432021	-0.008039	1.820527	-0.005017	0.359529
3.142527	0.667559	-0.032059	3.022411	0.006451	0.736499
1.442253	0.376675	0.012221	1.485284	0.011957	0.302653
2.047676	0.481338	-0.016927	2.273931	-0.037645	0.444512
2.496279	0.536079	0.003913	2.381861	-0.018503	0.544604
1.811936	0.418838	0.003766	1.542687	0.006898	0.328653
1.162725	0.346887	0.000119	1.163065	0.000075	0.237386
1.861117	0.424521	-0.011325	1.749375	0.007804	0.360179
3.472155	0.684285	-0.009694	3.493836	0.004547	0.803057
1.232761	0.363392	-0.005651	1.320424	-0.001464	0.258128
2.942319	0.598534	0.005320	2.813071	-0.009631	0.647501
1.602366	0.415064	0.026681	1.694001	-0.015043	0.352097
3.115179	0.646429	-0.006894	3.131429	0.028622	0.702959
1.858379	0.390307	-0.015009	1.523585	-0.000808	0.318540
1.472700	0.410859	0.002987	1.579272	0.011610	0.313367
1.970841	0.456423	-0.006313	1.944995	-0.030476	0.390273
1.772182	0.433920	0.015917	1.992733	0.024282	0.370197
1.350094	0.383938	-0.000819	1.369270	0.002055	0.286324
3.011390	0.648062	-0.003352	3.148078	0.026757	0.692850
1.203600	0.341208	-0.000355	1.232573	-0.000182	0.234985
2.523927	0.524662	-0.016859	2.380002	-0.009330	0.502534
1.543409	0.395373	0.018849	1.412029	0.001678	0.309688
3.099348	0.645039	-0.003948	3.135647	0.015800	0.741320
2.835706	0.609144	-0.034102	3.126833	-0.034883	0.668922
1.098898	0.329669	-0.000000	1.098898	-0.000000	0.219780
2.088827	0.473887	-0.009311	1.931144	-0.010301	0.410486
1.571348	0.424995	-0.004873	1.683280	-0.009348	0.345922
1.798633	0.435048	-0.006470	1.777561	-0.019481	0.378144
1.404057	0.353237	0.000130	1.309683	-0.000327	0.257126
1.993798	0.475959	-0.026958	2.029387	-0.012330	0.426526
2.008223	0.462463	0.025523	1.808589	0.012202	0.408515
3.015016	0.654856	-0.039548	3.063891	-0.010509	0.766291
1.834510	0.425952	0.006624	1.564655	-0.004653	0.346671
2.967583	0.626091	-0.000727	2.899025	0.000874	0.692142
1.272933	0.374733	-0.007413	1.346520	-0.013889	0.282474
1.320882	0.367821	-0.004625	1.394689	-0.000047	0.273377
2.394995	0.527641	-0.027765	2.592042	0.002648	0.521487
2.486276	0.527206	0.005489	2.447383	0.029138	0.500132
2.410094	0.526023	0.014720	2.283788	0.026673	0.507495
1.671805	0.401733	-0.006299	1.653755	0.000525	0.307936
1.127164	0.335968	-0.000112	1.122612	-0.000063	0.225999
1.841928	0.448987	-0.008226	1.823817	-0.012091	0.375015
1.459858	0.390005	-0.014803	1.559340	-0.015089	0.314279
2.177781	0.498176	0.005974	2.305263	0.006958	0.463257
2.030039	0.451889	0.027170	1.711233	0.006878	0.400212
1.110991	0.333068	0.000030	1.111028	0.000060	0.223001
1.783712	0.413311	0.000714	1.643398	0.000948	0.352075
1.483734	0.383558	-0.003732	1.396134	-0.001171	0.290437
1.248753	0.364755	0.000495	1.406133	-0.001574	0.266282
2.146001	0.513700	-0.021758	2.153237	-0.016982	0.501253
2.847215	0.636960	-0.028395	2.866015	-0.009223	0.704621
3.629399	0.665075	0.001548	3.402384	-0.001464	0.757889
2.024256	0.493439	-0.026010	1.926086	-0.022607	0.431217
1.866624	0.447639	-0.011552	2.356567	-0.034298	0.396257
2.560731	0.560803	0.030687	2.641943	0.033951	0.552014
1.579948	0.414691	0.008846	1.593899	0.018051	0.331438
2.024463	0.452886	-0.012628	2.121708	0.028358	0.419038
2.436156	0.547248	-0.007403	2.481100	0.038665	0.544108
2.422372	0.512221	-0.002177	2.527259	0.014283	0.505278
2.209678	0.496233	-0.006275	2.196501	-0.008707	0.452059
3.267204	0.626601	0.005699	3.271499	0.025711	0.713351
3.539205	0.721671	0.012970	3.511152	-0.010441	0.842266
2.135053	0.468393	0.018525	1.993229	-0.024228	0.450856
1.478852	0.350753	0.020739	1.275646	0.003608	0.264949
2.085306	0.466402	-0.018985	1.892894	-0.007756	0.427869
2.072678	0.476464	0.003206	2.109058	-0.000522	0.427666
2.681121	0.511759	-0.005424	2.331190	-0.015147	0.493244
2.678915	0.590503	0.016245	2.872433	-0.002684	0.609856
1.333079	0.392187	0.005969	1.651727	0.009779	0.297795
2.352617	0.497618	-0.038821	2.427504	-0.026100	0.472326
2.677375	0.570602	-0.006464	2.517419	-0.012122	0.567722
1.681980	0.412236	0.013472	1.775533	0.001857	0.332687
1.869464	0.416524	0.000132	1.570710	0.001710	0.334359
2.568313	0.545527	0.000156	2.495340	0.015486	0.540665
1.292920	0.361498	0.000243	1.379491	0.002194	0.255764
2.275157	0.502072	0.019640	2.460321	-0.011600	0.474262
2.383987	0.555867	0.013056	2.614362	0.001722	0.548349
2.187318	0.511310	0.015280	2.190474	0.007776	0.470867
1.707465	0.427621	0.022063	1.811807	0.030174	0.359206
1.125519	0.337486	0.000115	1.176291	0.000092	0.227140
1.098898	0.329669	-0.000000	1.098898	-0.000000	0.219780
1.565097	0.406228	0.011950	1.535384	0.009362	0.308098
1.997349	0.478458	-0.016069	1.971798	-0.003979	0.414049
2.555516	0.571799	-0.005606	2.643604	0.000407	0.583093
2.386091	0.526200	-0.009970	2.434041	0.020658	0.494508
2.135730	0.460712	-0.004286	1.894055	0.012674	0.417907
2.583840	0.564756	-0.002119	2.355170	0.028821	0.542557
1.111436	0.332982	-0.000005	1.111536	-0.000047	0.223260
1.458839	0.372248	0.005141	1.291340	0.009919	0.275389
2.874746	0.651204	0.013273	3.197358	0.013498	0.722092
1.602598	0.414342	0.018537	1.766678	0.014931	0.330317
1.357534	0.372358	0.001623	1.476713	0.000229	0.274656
3.217875	0.691729	0.000849	3.416894	0.002625	0.808288
1.950433	0.452753	0.019202	1.794942	0.008223	0.389246
3.227763	0.668539	0.010021	3.062195	0.020586	0.719379
1.453683	0.387591	0.000840	1.825298	0.009574	0.307931
1.541154	0.413907	0.019801	1.692673	0.018595	0.353998
2.843670	0.605302	-0.019367	2.847821	0.031080	0.622484
2.816889	0.667073	0.037444	3.244252	0.036474	0.724565
1.113115	0.333757	-0.000019	1.191401	-0.000355	0.224158
1.648355	0.392666	-0.022032	1.575755	0.003017	0.318491
1.432293	0.358627	0.003565	1.284753	0.020555	0.269490
1.511385	0.363116	-0.001189	1.319658	-0.002301	0.266911
1.166259	0.335168	-0.000331	1.126015	-0.000110	0.231024
1.154546	0.341500	-0.001225	1.246774	-0.003962	0.239696
3.001614	0.633357	0.002192	3.103683	0.000502	0.682591
1.326000	0.372501	0.005609	1.271345	0.004966	0.270793
1.789532	0.391913	0.000084	1.550169	0.003093	0.307263
1.963551	0.429646	-0.006213	1.768489	-0.009623	0.363955
1.535264	0.376547	0.002135	1.421053	0.028123	0.296806
1.248964	0.364447	-0.002883	1.230673	0.000136	0.258827
1.512665	0.405708	0.002759	1.627376	0.001752	0.317743
1.496099	0.382678	-0.008991	1.486877	-0.013370	0.302421
2.680068	0.582674	-0.011627	2.564446	-0.013308	0.622769
3.316955	0.649788	-0.013192	3.140483	-0.004475	0.728890
2.735087	0.535974	-0.013709	2.262609	0.004303	0.552651
2.405584	0.502142	-0.008324	2.191420	-0.009663	0.464368
1.730495	0.395376	0.002187	1.669126	-0.002547	0.314189
1.446060	0.411266	-0.001336	1.778107	-0.007571	0.345632
1.551589	0.395085	0.007642	1.567396	0.012116	0.320210
1.226948	0.344835	-0.000099	1.152661	0.000057	0.236257
1.619052	0.410868	0.001982	1.518830	-0.001620	0.332412
2.214598	0.476002	-0.009896	2.493298	-0.009609	0.451521
1.406734	0.379123	0.001609	1.518087	-0.018138	0.306609
2.432296	0.535668	0.013115	2.644541	-0.019692	0.541452
1.571773	0.388739	-0.000546	1.444633	0.000846	0.294168
1.098898	0.329669	-0.000000	1.098898	-0.000000	0.219780
2.258857	0.487276	0.017273	2.262167	0.027075	0.456519
1.249065	0.349391	-0.000643	1.264299	0.000570	0.241569
1.111197	0.333021	0.000018	1.111311	0.000028	0.223115
2.770230	0.573149	-0.028471	2.764359	0.009630	0.570853
1.166809	0.346981	0.000831	1.196101	-0.000950	0.242490
2.994407	0.655219	0.002782	3.480758	-0.004059	0.733228
2.185887	0.463570	0.000452	2.035142	0.004490	0.411966
1.683352	0.418371	-0.000926	1.576708	0.000190	0.330695
2.416029	0.553614	-0.011567	2.524478	0.026254	0.583251
2.179098	0.515174	-0.005553	2.218112	0.003895	0.473749
1.590740	0.416302	-0.008009	1.544476	-0.000960	0.321228
2.738626	0.543669	-0.040163	2.698210	0.002098	0.588721
2.600838	0.531924	0.022502	2.519526	0.007619	0.509011
2.805027	0.606161	0.022426	3.322218	0.013209	0.644858
2.420459	0.511875	0.022157	2.322547	0.001605	0.470519
1.741122	0.428031	-0.009790	1.978159	-0.005366	0.346849
3.056596	0.661831	-0.026649	3.549552	0.000257	0.756090
3.068405	0.630410	-0.034212	3.066015	0.005879	0.713921
1.253101	0.368183	0.000928	1.250838	0.000589	0.261536
1.927517	0.466958	0.032793	1.947069	0.008163	0.395794
3.085889	0.663924	0.001104	2.974684	-0.013175	0.703995
2.347007	0.490142	-0.030585	2.301653	-0.034514	0.465710
1.915992	0.424352	0.028771	1.697285	0.002133	0.357959
1.292500	0.341360	-0.001175	1.218857	-0.001297	0.238259
2.032467	0.444639	0.006576	2.115796	-0.010071	0.372947
1.405433	0.363142	-0.003835	1.364308	0.001638	0.274357
1.966481	0.387342	0.001996	1.403638	0.011096	0.298625
1.541223	0.373583	0.008118	1.392324	-0.016241	0.298714
2.377688	0.546931	-0.002309	2.437840	-0.020285	0.523322
1.987777	0.463469	0.000128	2.167447	-0.016366	0.430713
2.303452	0.489381	0.002564	1.945887	-0.010565	0.460927
1.539186	0.380635	-0.003497	1.464515	-0.007374	0.304745
2.074799	0.490187	0.006880	2.015618	0.004613	0.427029
2.025805	0.453591	-0.009746	1.790931	0.010011	0.378064
2.345463	0.489152	-0.028323	2.110100	0.033182	0.462524
1.252142	0.343462	-0.005596	1.323932	-0.005941	0.248465
2.665996	0.613229	-0.023743	3.105832	0.007125	0.639885
2.695685	0.579321	-0.004448	2.595403	0.020190	0.636733
3.368535	0.642581	0.014848	3.197459	0.015658	0.731024
1.366750	0.364037	-0.000985	1.246937	0.002371	0.269934
3.071534	0.613447	0.002174	2.981603	-0.027705	0.656182
2.170096	0.493278	0.003456	2.121318	-0.011351	0.433656
2.673588	0.579557	-0.013058	2.697783	-0.000053	0.607326
2.054235	0.470256	0.006879	1.907598	0.006056	0.421232
1.474586	0.389489	0.002589	1.651490	0.006881	0.301995
1.247184	0.344528	-0.000984	1.159635	-0.000982	0.237616
1.416286	0.386355	-0.006787	1.440535	0.005720	0.301631
2.561771	0.571374	-0.013714	2.908692	0.016347	0.603140
2.154019	0.448753	0.014514	1.857815	0.001148	0.405264
1.771325	0.442393	-0.002007	1.914888	-0.024226	0.395414
1.756503	0.415340	0.001375	1.757134	-0.000383	0.340677
1.239135	0.349666	-0.000749	1.184007	0.001310	0.246793
3.147006	0.628571	-0.002413	2.998340	-0.004797	0.688949
2.907416	0.618662	-0.003264	3.137190	0.013060	0.679204
1.098898	0.329669	-0.000000	1.098898	-0.000000	0.219780
1.634414	0.378896	-0.003871	1.507941	-0.003647	0.281946
2.265228	0.527651	-0.014850	2.344233	-0.035583	0.505539
1.904493	0.408709	0.028478	1.774255	0.012851	0.345400
2.850057	0.615602	0.037624	3.192058	0.027643	0.653214
1.587606	0.392749	0.001335	1.334070	0.004150	0.296557
2.453425	0.473041	0.015552	2.177449	-0.002601	0.426139
2.259758	0.503301	-0.028025	2.212995	-0.021347	0.488052
2.385541	0.526692	0.025921	2.087035	0.029929	0.498151
2.140561	0.493506	-0.019793	2.172324	-0.017993	0.463654
2.062242	0.484449	0.007166	2.276164	-0.009097	0.429552
1.629505	0.408459	-0.006104	1.804176	-0.005427	0.355724
2.002527	0.480942	-0.010621	2.087706	-0.025007	0.437401
1.861274	0.464036	0.001216	2.302603	0.001461	0.398294
1.561037	0.378908	-0.005865	1.431686	-0.002893	0.288864
1.209128	0.334298	0.000190	1.117951	-0.000038	0.226086
1.300593	0.354794	0.001132	1.390427	0.001136	0.254341
2.085561	0.470535	0.017360	2.030951	0.039008	0.434087
2.174715	0.492488	0.000971	2.160161	-0.021283	0.440185
1.346041	0.365830	0.000390	1.511376	-0.001447	0.268623
1.522153	0.372151	-0.000605	1.567217	0.002722	0.277303
3.436603	0.654543	-0.000308	3.163209	0.001367	0.738008
1.200918	0.337038	0.000272	1.127267	-0.000004	0.227526
1.277281	0.371068	0.001005	1.303891	-0.000021	0.265927
1.124515	0.336347	0.000043	1.123577	0.000044	0.226800
1.141715	0.336725	-0.000186	1.123936	-0.000015	0.226632
1.292236	0.350625	0.000087	1.202516	-0.000828	0.251285
3.109035	0.637802	0.022109	3.078802	-0.013669	0.706106
3.378757	0.669667	-0.031977	3.117257	0.019395	0.720183
1.368839	0.381659	0.017848	1.617579	0.004014	0.302187
1.323862	0.344400	0.001777	1.246734	-0.000660	0.239133
1.222155	0.351662	0.004768	1.177844	0.004962	0.245930
2.497659	0.599284	-0.000788	2.615143	0.029315	0.605823
2.260667	0.524817	-0.006343	2.454956	0.035694	0.494844
1.135505	0.338510	-0.000523	1.203844	-0.000019	0.233421
1.657500	0.438859	0.006253	1.798345	0.004171	0.356839
1.373757	0.354499	-0.001464	1.190173	-0.001133	0.247311
1.586248	0.395608	-0.002657	1.635697	-0.001169	0.305855
2.386889	0.491477	-0.018732	2.012278	-0.008250	0.453042
3.312496	0.678449	-0.006763	2.993528	-0.019114	0.778750
1.679639	0.392538	0.011202	1.416601	0.012043	0.326408
1.495081	0.415498	0.015921	1.532732	0.012951	0.330570
2.160010	0.510807	0.000149	2.228742	-0.001034	0.470736
1.842412	0.456152	-0.015237	2.022236	-0.000657	0.395460
1.267155	0.369734	0.006970	1.397764	0.005397	0.270225
2.032223	0.418117	0.011082	1.931939	0.027895	0.359700
1.216261	0.334873	-0.000610	1.120494	-0.000014	0.227454
1.413681	0.384080	0.000822	1.528176	-0.005304	0.294945
3.031557	0.637879	-0.022962	3.068263	0.003340	0.685009
2.337052	0.482079	0.032317	2.028722	0.011984	0.443156
1.511815	0.381542	-0.003182	1.622743	0.007227	0.294173
1.442873	0.394705	-0.002367	1.477017	0.000641	0.312114
2.435595	0.572372	-0.010247	2.698098	-0.014029	0.595122
2.298422	0.550449	-0.003040	2.640825	0.019302	0.529225
3.014887	0.606286	-0.007488	3.091336	-0.018606	0.682328
1.961178	0.488708	-0.011935	2.486771	-0.016907	0.442940
3.379063	0.702153	0.012524	3.427542	0.012414	0.857107
2.051420	0.472579	0.008861	2.159808	-0.019304	0.444633
2.607462	0.567323	0.001096	2.667211	0.005281	0.583804
1.845047	0.469887	-0.005935	2.053329	-0.004397	0.398153
1.975033	0.454032	-0.010414	1.880921	-0.010143	0.389919
2.736859	0.557147	0.014464	2.727520	-0.010333	0.583281
2.944454	0.603805	-0.030790	2.641224	-0.003682	0.644130
2.451844	0.526518	-0.003898	2.295529	-0.003555	0.530918
1.420548	0.387440	0.006079	1.394494	0.003074	0.291486
1.230468	0.358025	-0.003900	1.451760	0.000572	0.265618
1.948475	0.448167	0.007061	1.818135	0.007377	0.383301
3.430188	0.682637	0.018021	3.678298	-0.038680	0.806123
1.461408	0.396286	-0.034237	1.399763	-0.035752	0.330881
1.757488	0.417332	-0.007921	1.716418	-0.002391	0.340663
1.760547	0.442533	0.016387	2.028452	0.039740	0.397241
2.259267	0.495671	-0.017178	2.119639	-0.022184	0.449334
2.755936	0.546162	-0.022061	2.330306	0.001778	0.518041
2.731320	0.584349	0.002098	2.477763	0.024891	0.610272
1.752864	0.420583	0.026258	1.912769	0.035250	0.364784
2.270102	0.499812	0.006134	2.237793	0.027972	0.448119
3.368711	0.672516	0.007286	3.200060	0.024994	0.756704
2.334355	0.546383	0.008437	2.340653	0.003244	0.512313
2.833148	0.551986	-0.005100	2.299588	0.011969	0.572507
1.248663	0.367075	-0.018638	1.439091	0.028174	0.295686
2.187455	0.482851	-0.006438	2.164592	0.036899	0.463641
2.202538	0.526349	0.003031	2.531341	0.023460	0.514073
2.312011	0.471288	0.012136	1.827154	-0.004622	0.424021
1.450653	0.376868	0.005005	1.499418	0.001955	0.289670
1.428938	0.365243	-0.001483	1.341246	-0.001748	0.266696
3.139363	0.661486	-0.025424	3.077731	-0.012717	0.711547
1.238012	0.341819	0.003036	1.139525	0.001173	0.233181
1.487439	0.378030	0.004543	1.502709	0.005079	0.288303
1.288052	0.368816	-0.003213	1.323037	-0.003650	0.262178
2.516514	0.557075	0.010666	2.665964	-0.008144	0.584676
2.586312	0.561086	-0.001375	2.415196	0.003025	0.559710
2.581918	0.542366	-0.005023	2.467338	-0.018949	0.533380
2.305265	0.511696	0.000388	2.492334	-0.003093	0.490547
1.538263	0.372146	-0.010145	1.456354	-0.000147	0.278821
3.310076	0.665774	-0.035906	3.429012	0.013757	0.721202
1.348895	0.352293	0.000774	1.252085	-0.002347	0.249723
1.864897	0.406476	0.031664	1.572735	0.008918	0.343480
3.086921	0.625273	-0.006960	2.944592	-0.005196	0.663558
2.139400	0.479421	0.002208	2.055765	0.006994	0.443108
1.157639	0.343958	-0.001984	1.226185	-0.001035	0.234458
1.693206	0.429318	0.018047	1.741105	-0.006518	0.360660
2.725520	0.561958	-0.003310	2.614866	-0.009194	0.591744
1.622082	0.380786	-0.010795	1.354341	-0.002394	0.295703
1.811237	0.421485	-0.003137	2.046040	0.020293	0.358904
2.164843	0.496499	0.015430	2.197876	-0.016055	0.456535
3.339930	0.644295	0.007223	2.982880	0.009137	0.702271
1.233216	0.352738	-0.000983	1.296194	0.000301	0.245562
1.484316	0.366496	0.018192	1.419803	0.006904	0.294535
2.730847	0.607798	-0.006610	3.080846	0.008030	0.647649
1.914038	0.466259	0.014138	1.873014	0.020778	0.426250
2.099923	0.467890	-0.010138	1.891500	-0.019814	0.401634
1.750580	0.443156	-0.017133	1.926899	0.009475	0.391029
1.140854	0.341578	-0.000017	1.226158	0.001140	0.232782
2.567368	0.530988	-0.032616	2.478508	-0.026715	0.529306
1.826485	0.412133	0.023070	1.560045	0.027901	0.343834
2.258535	0.504745	0.013104	2.232932	0.015660	0.493650
1.177884	0.347758	0.000946	1.252678	0.000115	0.243733
1.476872	0.373168	-0.002010	1.415068	-0.004539	0.273194
1.335581	0.364800	0.002275	1.355235	-0.001037	0.265697
2.372326	0.493937	-0.007818	2.087231	0.000495	0.453774
1.173681	0.349496	0.000360	1.270794	-0.001898	0.246195
2.313232	0.538365	-0.029949	2.520182	0.014289	0.532503
1.496265	0.404676	0.035069	1.642475	0.034205	0.346885
3.213474	0.607459	0.010130	3.097963	0.039279	0.671856
3.140990	0.663534	0.012249	3.191161	0.015506	0.753194
2.371756	0.515133	0.015224	2.336001	0.004525	0.481665
2.065333	0.441200	0.016581	1.957665	-0.008743	0.409078
2.558925	0.503731	-0.022154	2.429155	-0.016614	0.481534
1.735223	0.409026	-0.002294	1.642616	-0.001691	0.326643
2.400721	0.533211	-0.031317	2.679790	-0.008992	0.524739
1.111296	0.332992	0.000008	1.110985	0.000004	0.223205
2.928292	0.600283	-0.004570	2.810774	-0.006909	0.613296
1.977156	0.484383	0.015513	2.242302	0.038568	0.428777
2.114068	0.483242	0.005338	2.240164	0.004085	0.438535
2.880985	0.645165	-0.002957	3.508463	0.004367	0.713051
2.128913	0.485281	-0.017992	2.075930	0.004650	0.442420
1.230088	0.338254	0.000171	1.139088	-0.000333	0.233597
1.728756	0.434481	-0.005014	1.749475	-0.001793	0.351803
2.957225	0.609657	0.019361	2.820836	0.010779	0.635516
1.240068	0.354135	-0.000694	1.412816	0.000043	0.249597
2.804249	0.557667	0.009247	2.899529	0.007797	0.589177
2.412122	0.523134	-0.032245	2.367965	-0.022172	0.526817
1.249171	0.342280	0.000078	1.157209	-0.000006	0.238718
1.408894	0.363051	-0.001341	1.286132	-0.004086	0.260704
2.541736	0.541330	0.030560	2.689024	0.027683	0.521924
2.853677	0.594106	-0.004081	2.655586	-0.000708	0.620927
1.156868	0.343568	-0.002054	1.147969	-0.001215	0.235194
2.701774	0.566380	0.022255	2.676429	0.023669	0.561500
1.611044	0.406554	-0.008771	1.682334	-0.006217	0.321378
2.197380	0.524754	-0.024178	2.254966	-0.033504	0.509820
2.815802	0.578574	-0.010479	2.627867	0.008766	0.598580
2.096905	0.484616	0.003221	2.127493	0.002837	0.440718
1.725560	0.411487	-0.007847	2.061637	-0.007782	0.343320
2.491750	0.545038	-0.031193	2.411652	-0.024288	0.530475
1.898628	0.448944	-0.019720	2.410095	-0.034917	0.407853
1.137578	0.336309	0.000136	1.125903	-0.000232	0.227392
1.778144	0.411532	0.000050	1.528326	0.027107	0.352823
1.483243	0.413808	-0.000061	1.544639	0.009015	0.321543
2.732341	0.614214	-0.000092	2.910896	-0.026615	0.671965
3.219424	0.654227	-0.000110	2.827859	-0.013518	0.733296
1.456170	0.391508	-0.000159	1.433086	-0.000421	0.306378
2.722140	0.547432	-0.009121	2.650788	-0.005906	0.554777
2.856731	0.585288	0.021161	2.834123	-0.011391	0.615396
1.134400	0.338075	-0.000002	1.287219	0.000575	0.229827
2.797861	0.568689	-0.000506	2.915940	-0.000169	0.606950
1.152445	0.342386	-0.000990	1.194814	-0.000914	0.238603
2.553616	0.554980	-0.010159	2.447062	0.006013	0.536660
2.273617	0.469836	0.026955	1.819358	0.008999	0.449859
2.777948	0.576508	0.038653	2.765351	0.005319	0.580447
1.391985	0.393456	-0.007544	1.447164	-0.002624	0.302291
3.104413	0.644215	-0.001716	3.234065	0.025064	0.715126
1.796626	0.461729	0.026725	2.222798	0.036435	0.422157
2.146190	0.456681	0.004958	2.030793	-0.002423	0.419018
1.252217	0.351628	0.000481	1.183172	0.002252	0.243188
2.732929	0.546128	-0.012694	2.473294	-0.016425	0.567025
1.656648	0.400363	0.031289	1.475438	0.024861	0.326072
1.719952	0.405278	0.005301	1.498163	0.021146	0.325069
1.243852	0.342488	0.000009	1.148834	0.000168	0.236360
1.274887	0.358932	-0.002383	1.340112	0.000347	0.261550
1.257277	0.370871	0.002278	1.513569	0.001062	0.268390
1.518378	0.380550	0.007380	1.417874	0.003559	0.281845
2.178546	0.506256	0.004277	2.253468	0.007141	0.484538
1.389042	0.365197	0.003352	1.562574	0.007804	0.270292
1.286092	0.353084	0.001377	1.268008	0.001417	0.248245
1.331410	0.387521	-0.017917	1.448209	-0.030581	0.311665
3.048372	0.663546	-0.021516	3.086684	-0.014061	0.703563
1.185251	0.354288	0.000472	1.203895	-0.006424	0.246460
2.299600	0.517710	-0.032889	2.480968	-0.020776	0.518660
2.917150	0.639391	-0.017211	2.923892	-0.035129	0.659233
1.781251	0.450200	0.000291	1.882664	0.020042	0.415456
1.144601	0.334212	-0.005625	1.119435	-0.000949	0.228646
1.300026	0.346121	-0.000267	1.206722	-0.000118	0.238864
1.447087	0.362169	-0.002784	1.236327	-0.000681	0.263169
2.639507	0.576951	0.012947	2.787435	0.004667	0.610611
1.892220	0.472419	-0.006548	2.259393	0.014199	0.407238
2.063413	0.484392	0.023178	2.279084	0.023498	0.452024
2.666540	0.535316	0.014178	2.455453	0.016100	0.544032
2.459304	0.566451	0.021571	2.469338	0.022087	0.562007
1.331140	0.363434	-0.005666	1.262523	0.000483	0.258848
2.277527	0.462595	0.014652	2.045668	0.006898	0.397374
1.098898	0.329669	-0.000000	1.098898	-0.000000	0.219780
1.688775	0.447935	0.023232	1.719875	0.013232	0.383703
2.537434	0.564750	-0.017873	2.391409	-0.014254	0.535852
1.111496	0.333012	-0.000068	1.111124	-0.000033	0.223214
1.680243	0.398157	0.005600	1.560501	-0.000129	0.302663
2.214721	0.524979	0.019052	2.303348	0.011248	0.509741
2.802963	0.577785	0.032818	2.953458	0.018508	0.599757
1.282215	0.355517	-0.001139	1.300176	-0.000797	0.251154
2.769895	0.561276	0.005163	2.598365	-0.002649	0.569147
1.623001	0.411735	-0.008394	1.833969	-0.018439	0.341547
2.032572	0.480431	-0.027633	2.245614	-0.028501	0.452245
2.702442	0.578362	0.019521	2.852184	0.009661	0.612770
2.535526	0.535657	0.007621	2.484170	-0.034289	0.560892
3.244759	0.657415	-0.005398	2.883135	-0.026214	0.729545
2.267875	0.479211	-0.006750	2.040900	0.004394	0.421947
1.975100	0.437196	-0.005465	1.853891	0.004746	0.402931
1.519733	0.396724	-0.007792	1.538027	0.004846	0.308881
1.148362	0.343671	-0.000270	1.150795	-0.001715	0.234516
1.389293	0.379031	0.008022	1.444516	0.010815	0.293314
1.352597	0.357384	-0.000312	1.287193	0.003449	0.258488
1.265039	0.350293	-0.000879	1.299487	-0.000743	0.243666
2.398567	0.581737	-0.027826	2.917056	-0.024441	0.591449
1.287417	0.352827	0.000005	1.309271	0.000310	0.253500
1.473636	0.409215	0.008376	1.488423	0.014331	0.327963
1.166591	0.345280	-0.000792	1.251572	0.000295	0.238256
1.974893	0.436504	-0.008904	1.831166	-0.000296	0.371248
1.739024	0.396241	-0.015199	1.508646	-0.002185	0.330897
1.810758	0.399854	-0.002387	1.571277	-0.001346	0.336167
2.264088	0.499469	0.034648	2.305572	0.004098	0.469421
2.286244	0.501089	0.010409	2.372119	0.008874	0.455089
2.043975	0.479532	0.007012	2.232080	0.002438	0.423878
1.939271	0.443203	0.001209	1.895536	0.003397	0.398621
1.169100	0.347764	0.004707	1.170517	0.002456	0.238117
2.322616	0.516893	-0.018649	2.353566	-0.032821	0.473946
3.192306	0.640652	-0.008790	3.169374	-0.033929	0.699342
1.599375	0.389478	0.016747	1.487136	0.027515	0.323178
2.906047	0.590863	0.014554	2.852405	0.008624	0.611454
2.513739	0.554327	-0.026464	2.439299	-0.003109	0.539662
1.424450	0.386687	0.002203	1.499998	0.003860	0.291484
1.801807	0.414667	0.008496	1.670381	0.004751	0.331172
3.267741	0.680299	0.004217	3.177700	-0.025973	0.803564
1.562115	0.420680	-0.000062	1.791569	0.006005	0.339387
2.580174	0.576907	0.006248	2.540250	0.016351	0.596532
1.930523	0.482308	0.012559	2.201956	0.020383	0.425856
2.201797	0.511734	-0.038412	2.228464	-0.000726	0.472275
1.439263	0.383063	0.034241	1.444218	0.038061	0.324863
1.321037	0.367710	-0.001897	1.339050	0.000765	0.262424
1.255187	0.335076	0.000104	1.118502	0.000017	0.226325
1.291352	0.346212	0.002600	1.216190	0.001359	0.251057
3.212942	0.628405	-0.035293	3.314736	-0.001592	0.733426
2.176850	0.503723	0.013641	2.322423	-0.000742	0.484656
2.713256	0.597339	0.014929	3.077090	0.016000	0.654316
1.399455	0.366691	0.015302	1.321374	0.032007	0.287101
2.482278	0.531383	0.007008	2.228319	0.001715	0.497452
1.481934	0.374173	0.010071	1.544520	-0.004251	0.293472
3.215837	0.653243	-0.000590	3.450753	0.007648	0.750451
2.699370	0.553850	0.025298	2.447686	0.019547	0.572880
1.880435	0.472607	0.007975	2.203633	-0.002817	0.421214
2.182402	0.495086	-0.008847	2.072331	-0.015593	0.440409
1.770338	0.403255	-0.028872	1.584890	-0.019247	0.330432
1.195513	0.354591	-0.000792	1.423327	0.002056	0.249392
1.290017	0.344444	0.000789	1.336571	0.004853	0.242859
1.287564	0.359895	-0.000936	1.318350	-0.004165	0.264044
2.324096	0.523624	-0.016777	2.252456	-0.000662	0.514095
2.200164	0.464669	0.014806	1.907369	0.002841	0.396014
1.188740	0.342570	-0.002143	1.154483	-0.000310	0.238588
1.915497	0.420893	-0.027310	1.629855	-0.039513	0.368850
1.798683	0.429666	-0.000131	1.982369	0.018889	0.365274
2.394101	0.484198	-0.016336	2.065508	0.012500	0.484570
2.106123	0.468083	-0.032540	2.074463	-0.021732	0.434917
1.151366	0.342573	-0.000372	1.155372	-0.000310	0.236365
3.220435	0.665671	-0.030203	3.125532	0.017495	0.746085
2.510289	0.551075	-0.016177	2.377262	0.009813	0.582549
2.052666	0.439690	-0.002151	1.861926	0.002131	0.377467
2.878384	0.607853	-0.003312	2.990664	0.003264	0.660499
1.946428	0.439568	-0.004474	2.032216	0.004397	0.389190
2.056224	0.531418	0.015816	2.294094	-0.003294	0.483926
1.966090	0.440499	0.019902	1.921796	-0.021221	0.381305
2.740747	0.594556	0.007450	3.031410	-0.034197	0.604133
3.022219	0.627826	-0.005002	3.087020	-0.025288	0.670014
3.275229	0.685146	0.039370	3.256688	-0.011352	0.807454
1.632674	0.429262	0.000855	1.969441	-0.002179	0.351201
1.909540	0.467876	-0.003079	1.959218	-0.007512	0.396631
3.522940	0.678138	0.006012	3.639540	-0.010132	0.799175
1.391702	0.361254	0.000400	1.405965	-0.001983	0.265628
1.295214	0.346017	0.000204	1.151642	0.000842	0.237752
2.305435	0.524526	0.000036	2.443347	0.000312	0.516442
1.113043	0.333723	-0.000052	1.186378	-0.000218	0.223993
1.123192	0.336381	0.000045	1.124212	-0.000055	0.226294
2.378658	0.496701	-0.007599	2.299082	-0.029065	0.469039
3.001565	0.588700	0.020220	2.461378	0.009738	0.626533
1.618159	0.412084	0.004730	1.492953	-0.000079	0.324614
1.410922	0.385114	-0.007781	1.499644	-0.012850	0.295438
1.503428	0.379028	-0.004260	1.509207	-0.000657	0.274080
2.295354	0.520416	0.031605	2.339793	-0.016508	0.515250
2.765932	0.606818	-0.001427	3.008972	-0.032359	0.632902
1.741434	0.402162	0.003798	1.633724	-0.004188	0.317318
2.577068	0.539836	-0.001588	2.510217	-0.021196	0.549378
2.185498	0.490852	-0.006975	2.287168	-0.019817	0.443451
1.573204	0.390474	-0.005205	1.621851	0.002263	0.303115
1.110820	0.331568	0.000127	1.178841	0.000576	0.226150
3.245036	0.652633	0.009629	3.228436	0.016305	0.735722
2.476402	0.536738	0.016009	2.522156	0.032034	0.532441
2.044333	0.435076	-0.008572	2.115525	-0.006487	0.358883
2.522118	0.555085	-0.035283	2.450715	0.014761	0.568704
2.414325	0.513018	0.020483	2.304841	0.017700	0.471567
1.682392	0.415213	0.003158	2.007554	0.000359	0.331508
1.651470	0.382920	0.007156	1.464922	0.013774	0.310779
2.131285	0.461721	-0.006833	1.941924	0.009714	0.408794
1.397343	0.371839	0.018311	1.354956	0.006211	0.294409
1.841705	0.416786	-0.011954	1.915480	0.000982	0.340538
2.971112	0.642214	-0.029861	2.909765	-0.018156	0.675936
2.068939	0.468474	0.035080	2.059236	0.019781	0.444069
1.229713	0.345242	-0.000062	1.166772	-0.000420	0.242446
1.784251	0.465607	0.025863	1.787856	0.029788	0.412299
2.161936	0.480757	-0.007065	2.055646	-0.019570	0.424304
1.996884	0.501333	0.006975	2.310008	0.003880	0.465330
1.931647	0.439202	0.001470	1.729046	-0.004338	0.361276
1.453372	0.394506	-0.000580	1.632098	-0.005264	0.296329
2.410195	0.520017	-0.008209	2.333306	-0.007385	0.499212
2.164552	0.501464	0.015322	2.214906	0.001243	0.454962
1.605457	0.448272	0.000249	1.901151	0.014887	0.377844
2.683456	0.552112	0.027023	2.700686	0.035647	0.588672
1.366327	0.356157	-0.002938	1.284122	-0.000994	0.260144
2.522605	0.548704	0.004909	2.671901	0.019950	0.515948
1.111006	0.333093	0.000012	1.111042	0.000010	0.223050
3.190714	0.670012	-0.007056	3.401181	0.020437	0.765822
2.790968	0.569778	0.026280	2.590649	-0.005075	0.564211
3.025421	0.593345	0.026218	2.929114	0.012751	0.641262
1.930484	0.458643	0.024221	2.112199	0.013158	0.428648
2.172429	0.478475	0.021904	2.340893	0.013363	0.433341
1.839377	0.426465	0.021411	2.031286	0.013420	0.360525
1.151990	0.333359	-0.000008	1.112707	0.000021	0.223821
3.059494	0.671322	-0.005358	3.089799	0.001150	0.742020
1.521830	0.387824	0.004405	1.520923	0.002279	0.303770
2.902086	0.642550	0.016085	2.968357	0.000465	0.731755
1.881397	0.433864	0.022063	1.907380	-0.001350	0.386907
2.901217	0.540348	0.028936	2.483551	0.029205	0.579647
2.687466	0.624602	0.032945	3.014587	0.009872	0.674196
2.674205	0.568138	-0.003909	3.077661	0.029097	0.592599
2.052816	0.474471	-0.016590	2.290642	-0.010576	0.429798
1.695721	0.429405	0.012381	1.891550	0.007117	0.359553
2.043638	0.476998	0.030406	2.002469	0.038997	0.446160
1.867754	0.438747	0.029373	2.056548	0.035404	0.424484
2.860071	0.591636	0.025995	2.934063	0.026447	0.624745
1.860674	0.467789	-0.021685	2.057713	0.001634	0.444976
2.789693	0.603419	-0.014065	2.521426	-0.024950	0.602642
2.572434	0.541056	0.001138	2.666446	-0.010694	0.563640
2.552627	0.537257	0.019489	2.493023	0.015781	0.521917
2.278219	0.466656	0.028402	2.068759	0.030037	0.479262
1.928709	0.457112	-0.002340	1.898867	0.010662	0.413919
2.235455	0.500654	0.007075	2.384951	-0.024509	0.496400
1.547260	0.388089	0.003376	1.704295	0.006547	0.306711
1.741861	0.401678	-0.001472	1.573685	-0.006123	0.323083
1.125871	0.336189	-0.001696	1.125005	-0.000106	0.227981
2.348465	0.517627	-0.001261	2.696485	0.020946	0.488125
2.165311	0.504946	0.001454	2.312381	-0.011035	0.480132
2.663590	0.608468	0.003824	2.922863	0.004660	0.641256
2.331002	0.507932	-0.000540	2.106430	0.017654	0.478867
3.141091	0.638341	-0.020542	3.179092	-0.009304	0.724709
1.192801	0.339237	-0.018287	1.228564	-0.004117	0.239322
1.143451	0.339056	-0.000164	1.146773	-0.000083	0.235421
2.701658	0.594040	-0.033472	2.742402	-0.031086	0.588730
1.835705	0.430572	-0.000956	1.786157	0.011779	0.366520
2.602938	0.560883	0.017777	2.753551	0.007607	0.555376
1.272020	0.372010	-0.000765	1.536430	-0.001943	0.277311
1.719581	0.386469	-0.029629	1.471461	-0.021648	0.310952
2.945828	0.638806	-0.001343	3.015249	0.036026	0.747267
1.638237	0.396208	-0.007064	1.523629	0.001482	0.320578
1.913751	0.423627	0.002205	1.633869	-0.002461	0.351236
1.274276	0.345021	0.000143	1.223271	0.000589	0.243642
2.488958	0.531551	0.000709	2.603427	-0.013779	0.523082
1.874296	0.430929	-0.008137	1.747618	-0.018332	0.368893
1.726435	0.400988	0.008741	1.553809	-0.006637	0.327437
3.042596	0.623243	0.005769	3.241137	0.032455	0.683517
1.110954	0.333081	-0.000045	1.111037	-0.000046	0.223047
1.640157	0.409995	-0.007478	1.683475	-0.002971	0.319745
1.888538	0.449435	-0.005613	1.867886	0.024875	0.417304
3.471494	0.679342	-0.002148	3.207546	-0.039883	0.762146
1.494097	0.354481	-0.000283	1.204628	0.003221	0.259697
2.023631	0.450673	-0.037408	1.898424	-0.007909	0.408483
1.710633	0.414823	0.017951	1.650038	0.003244	0.344535
1.237258	0.358881	0.001934	1.239296	0.003776	0.250604
1.232331	0.350605	0.000604	1.253498	0.002703	0.247274
1.891757	0.423640	0.016739	1.697624	-0.005974	0.358676
2.948621	0.576332	-0.038832	2.640530	-0.012065	0.580877
2.058385	0.432772	0.002137	1.976863	-0.003663	0.356423
1.172808	0.349646	-0.005827	1.214944	-0.014069	0.249236
3.608405	0.701234	-0.005424	3.172730	0.010669	0.813072
2.309612	0.493812	-0.004674	2.122476	0.035407	0.453703
1.486527	0.381853	-0.004271	1.483752	-0.004462	0.282472
2.633750	0.553852	-0.031252	2.597295	-0.030903	0.550956
1.751714	0.420656	-0.004842	1.716387	0.002899	0.348728
1.514176	0.399585	0.004534	1.763455	-0.000401	0.324820
1.595854	0.385328	-0.004557	1.619915	-0.021520	0.317018
1.214751	0.359545	0.001581	1.343010	0.000752	0.255639
2.951652	0.663750	0.017192	3.128114	0.011065	0.768950
3.239096	0.619465	-0.028711	2.859856	0.015509	0.670345
1.151954	0.344343	0.000065	1.236074	-0.000011	0.234846
2.505792	0.562081	0.010262	2.720976	0.027326	0.558976
1.138301	0.339461	0.000299	1.137671	0.000048	0.230493
1.149586	0.342528	-0.000141	1.326539	-0.000917	0.236978
2.129737	0.484426	0.024154	2.238518	0.000849	0.459291
1.669994	0.410826	-0.003360	1.707727	0.002615	0.334446
1.577367	0.410315	-0.007070	1.706672	0.001305	0.327194
1.669442	0.415220	0.036688	1.708438	-0.003864	0.366340
1.564346	0.420334	0.010583	1.538315	0.004820	0.322560
2.039450	0.469443	-0.016084	2.030079	-0.021174	0.430886
2.590906	0.567591	-0.012986	2.452277	0.000065	0.576526
1.803942	0.450431	-0.001484	1.839902	0.001260	0.389749
2.033552	0.467344	0.014524	2.185804	0.035520	0.433045
2.456134	0.520343	-0.012916	2.484900	-0.007521	0.492672
1.098898	0.329669	-0.000000	1.098898	-0.000000	0.219780
2.157919	0.487159	-0.008877	2.015638	-0.012469	0.431968
1.746049	0.407521	0.023184	1.770293	0.006894	0.331276
1.474381	0.396292	0.003650	1.721471	-0.011262	0.310007
2.699227	0.594449	-0.003249	2.888596	0.003713	0.634357
1.894368	0.412701	-0.029377	1.628690	-0.033485	0.366890
1.675845	0.373199	0.022174	1.486348	0.001225	0.300518
2.838845	0.568974	0.000920	2.449197	0.005456	0.576688
2.086724	0.505045	0.001157	2.229635	-0.002389	0.475135
2.599447	0.537349	-0.020318	2.649931	0.002621	0.523309
3.331374	0.640765	0.009412	3.217839	0.007632	0.699270
1.448895	0.374156	0.001920	1.523030	0.004652	0.288894
2.098216	0.468240	0.007236	2.241819	0.015459	0.426071
2.882839	0.584990	0.003913	2.794550	0.001435	0.600504
1.149234	0.341735	0.000034	1.220643	-0.001209	0.238717
1.956502	0.478185	-0.001611	1.885503	0.035935	0.428986
1.856880	0.413636	0.022211	1.682047	0.010073	0.356217
1.536935	0.412975	0.019328	1.683951	0.035172	0.343906
1.469678	0.414853	0.002511	1.641977	-0.010222	0.346327
1.559915	0.414596	0.001778	1.853579	-0.004621	0.329904
1.576746	0.417805	-0.011191	1.741212	-0.036625	0.355283
1.975717	0.483351	-0.013819	2.148624	-0.034065	0.438160
1.862994	0.428381	0.032760	1.679881	0.029708	0.384765
1.112366	0.332886	0.000137	1.112058	0.000133	0.223798
2.506517	0.560028	0.001376	2.730181	0.022857	0.583353
1.907127	0.455590	0.006641	2.059375	0.024335	0.451674
2.258991	0.472947	0.010982	1.980051	0.028825	0.424929
1.111036	0.333019	0.000029	1.111497	0.000020	0.223174
2.417655	0.521000	-0.019281	2.350990	0.008007	0.521226
1.842785	0.441029	-0.032205	1.842786	-0.013457	0.380335
3.538684	0.669613	-0.016999	3.425874	0.029052	0.823288
1.178085	0.350749	-0.000568	1.174345	0.002143	0.242818
1.756012	0.430849	0.000894	1.893628	0.008443	0.352048
1.601829	0.396803	-0.001776	1.392402	-0.000925	0.308547
1.236035	0.344887	-0.000395	1.168938	-0.000221	0.244034
1.542358	0.437042	0.004571	1.905813	0.002271	0.368524
3.222581	0.677422	0.013454	3.394914	-0.003116	0.752546
2.323414	0.518923	-0.013742	2.670470	-0.010087	0.523622
1.649304	0.423806	0.002184	1.706934	-0.012368	0.342704
1.817413	0.440472	-0.001779	2.036298	-0.000864	0.367532
2.811945	0.652459	-0.003007	3.448842	0.002199	0.727209
1.975550	0.425908	-0.004020	1.807411	0.004342	0.346582
2.798910	0.578545	-0.005865	2.634318	0.007174	0.582994
1.559290	0.398662	-0.007840	1.694827	-0.026127	0.326493
1.320220	0.385883	0.002425	1.609109	-0.002334	0.286154
2.558502	0.561496	-0.017882	2.319430	-0.013553	0.560356
2.561609	0.566147	-0.038189	2.696490	-0.024773	0.597320
1.208464	0.338114	-0.000458	1.171727	0.000133	0.228898
1.690217	0.373824	0.001647	1.427963	0.001013	0.281276
2.138357	0.445538	-0.028176	2.165277	-0.029265	0.406332
2.890223	0.610205	0.004406	2.806873	-0.018329	0.662195
3.321267	0.628393	-0.007630	3.291470	-0.002437	0.719535
1.727891	0.439365	0.025302	2.202530	-0.002464	0.400320
2.568530	0.562099	0.014010	2.492086	-0.002492	0.533208
2.525870	0.546763	-0.008294	2.491133	0.022923	0.534673
2.903274	0.576683	-0.037622	2.881562	-0.004907	0.657816
1.546371	0.405141	-0.007236	1.616860	-0.005696	0.327880
2.844883	0.589961	-0.034263	2.921489	0.001375	0.638556
2.261029	0.491694	-0.000477	2.631477	0.001866	0.467230
1.636638	0.416790	-0.007024	1.720941	-0.007062	0.327981
2.852786	0.634270	-0.027827	2.951614	-0.014013	0.704904
3.371281	0.689382	-0.027465	3.250248	-0.021588	0.751720
3.432872	0.662707	-0.026225	3.163151	-0.025927	0.745352
2.923824	0.587775	0.013072	2.584327	0.009275	0.624094
1.196778	0.353708	-0.002156	1.189828	-0.000296	0.246021
2.068063	0.458741	0.020239	2.007812	0.021519	0.396436
1.498196	0.360888	0.001590	1.387877	-0.003368	0.265096
1.789264	0.432167	-0.007458	1.866652	-0.004785	0.358422
1.352451	0.372240	-0.000802	1.355076	0.004504	0.268294
2.035736	0.448494	-0.001454	2.123111	0.007483	0.396384
1.367095	0.359355	-0.002332	1.319493	-0.001303	0.265060
3.211784	0.619807	-0.001257	3.372837	0.013920	0.656785
1.601191	0.404381	-0.000182	1.549221	-0.006449	0.317499
1.690403	0.418224	-0.006230	1.937901	0.004260	0.354367
2.545725	0.532512	-0.012739	2.511281	0.011037	0.528725
1.743109	0.447391	0.012912	1.785501	0.014262	0.375543
1.261571	0.343144	-0.001298	1.234726	-0.000350	0.244987
1.935031	0.424890	0.008376	1.930118	0.009499	0.365011
2.802226	0.595866	-0.000572	2.812125	0.015427	0.602047
2.149472	0.509663	-0.011897	2.102847	0.002898	0.452198
2.756078	0.586666	-0.036547	2.718760	0.004541	0.648660
2.599493	0.574322	0.003257	2.813774	0.009219	0.612703
3.583973	0.746026	0.013333	3.732061	0.032211	0.409245
1.215439	0.344142	0.000178	1.151557	0.000038	0.233881
3.138329	0.626320	0.039380	3.065740	0.008433	0.691138
1.441655	0.356329	0.005111	1.261619	0.001739	0.266819
3.312913	0.632192	0.037455	2.945190	0.018212	0.718151
2.516630	0.523231	0.025353	2.342287	0.003559	0.509378
1.286650	0.356085	-0.000023	1.209869	0.004565	0.250313
2.293940	0.544340	-0.001102	2.685081	-0.016103	0.552969
2.697935	0.606746	0.006183	2.840656	0.017379	0.622578
1.990154	0.465917	-0.001603	2.204338	-0.005857	0.424759
1.256011	0.343490	-0.001336	1.175982	-0.000534	0.243710
1.379056	0.383796	-0.001733	1.586943	0.000262	0.290604
2.330792	0.440049	0.011127	2.033734	-0.003793	0.380244
2.610818	0.553212	-0.020389	2.426822	-0.017018	0.551911
1.125522	0.336233	0.000003	1.123552	0.000074	0.226847
2.456729	0.539745	0.012329	2.432585	0.008269	0.547163
1.529180	0.391839	-0.002606	1.558587	-0.006219	0.302060
1.743350	0.426833	-0.004333	1.990013	-0.003209	0.346912
1.494911	0.390266	-0.028070	1.368272	-0.004012	0.315959
2.792793	0.587800	-0.004653	2.860623	0.015510	0.605649
3.072500	0.602819	-0.010228	3.183719	0.008204	0.690089
3.139771	0.583978	-0.015803	2.672152	-0.007021	0.612831
2.443989	0.548041	0.007941	2.564189	-0.030476	0.577073
2.277707	0.521486	0.031685	2.141692	0.019454	0.476056
1.856545	0.431252	0.003643	1.812358	0.003557	0.363793
2.005690	0.454772	-0.000459	2.051254	0.007979	0.393641
2.758038	0.558493	0.005481	2.533588	0.023221	0.561667
1.866146	0.483877	0.037796	2.085366	0.013849	0.456852
1.775767	0.415127	-0.009438	1.585462	0.004477	0.344212
2.152289	0.455480	0.005864	2.064735	0.036096	0.396086
1.454647	0.362355	0.009401	1.270441	0.003494	0.273917
2.213005	0.486543	0.016126	2.141332	0.010809	0.446065
1.716341	0.413079	-0.006389	1.578260	-0.010570	0.319031
3.002848	0.649848	-0.018952	3.449383	-0.010296	0.735943
3.488416	0.719430	-0.024689	3.667893	-0.009376	0.875671
1.497892	0.406263	0.010548	1.758403	0.009163	0.324949
1.771587	0.440586	-0.008638	1.773053	0.003378	0.386563
1.813686	0.432701	-0.008525	1.888149	-0.002407	0.371682
1.675309	0.399050	-0.000969	1.525292	0.001944	0.316138
1.785156	0.444859	0.034061	1.882003	0.025252	0.393602
1.446631	0.352676	0.003911	1.287711	0.000637	0.254919
1.233572	0.339755	-0.001218	1.233138	0.000044	0.234248
2.575558	0.581445	0.002581	2.671768	-0.018668	0.563328
1.492186	0.403322	-0.000388	1.674552	0.005696	0.311093
2.163359	0.463253	0.026519	2.185861	0.020926	0.416852
2.125994	0.469715	-0.034097	1.941462	-0.003449	0.420037
2.929033	0.605305	0.009959	2.838242	0.001602	0.635548
2.042732	0.469069	-0.007395	1.825243	-0.015273	0.404308
2.563449	0.546068	-0.000844	2.418479	-0.003378	0.564166
1.889935	0.424740	0.006411	1.967857	-0.003785	0.349193
1.628777	0.390417	0.007271	1.412676	0.002684	0.309823
1.178758	0.351717	0.000265	1.271214	0.000952	0.245444
1.147402	0.341479	0.000906	1.227159	0.001237	0.236496
1.451677	0.367239	0.011316	1.445403	-0.000855	0.297747
2.912631	0.647074	-0.018886	3.016191	-0.004740	0.717744
2.452825	0.538020	-0.013218	2.204321	-0.006832	0.506900
1.870640	0.396244	-0.003490	1.469415	-0.005173	0.320355
1.554349	0.399962	-0.006223	1.675218	0.006967	0.329586
1.124795	0.336344	0.000026	1.126921	-0.000024	0.227043
2.351365	0.553502	-0.012793	2.625560	-0.012726	0.545477
1.838300	0.458347	0.006497	2.122846	-0.019963	0.383566
1.683743	0.389674	-0.009085	1.441665	-0.000964	0.315081
1.209427	0.356525	-0.000254	1.228935	-0.000874	0.252094
2.366604	0.525106	0.020322	2.891571	0.004672	0.536857
2.345578	0.528085	0.011016	2.328223	0.016245	0.499461
3.208917	0.663953	0.011713	3.175987	0.034800	0.771978
1.868346	0.420797	0.012409	1.634928	0.006942	0.339024
2.222515	0.509917	0.008719	2.297830	-0.011206	0.473147
1.548795	0.365070	-0.005049	1.323999	-0.008479	0.280426
1.348863	0.355208	0.003439	1.343427	0.025349	0.265776
1.131863	0.339077	0.000114	1.279205	-0.000873	0.230249
2.827686	0.606822	0.003159	3.117285	-0.000817	0.665805
1.325383	0.350740	0.006205	1.311585	-0.000652	0.258273
1.600077	0.427521	-0.024911	1.825002	0.005288	0.375299
2.994994	0.582923	0.005457	2.915490	0.011120	0.595255
1.935753	0.446167	-0.001611	1.890797	-0.002649	0.371589
2.093306	0.449337	0.004737	1.950586	0.015791	0.383132
1.692654	0.441515	0.016853	2.045195	0.033053	0.390719
3.168086	0.644020	-0.039203	3.113468	0.002268	0.692936
2.971615	0.665386	-0.026698	2.994950	-0.000332	0.707408
1.317095	0.357670	-0.001666	1.435451	-0.001140	0.270324
1.865078	0.425371	0.032554	1.707340	0.007991	0.370982
2.872669	0.613455	-0.030390	2.742934	-0.005750	0.661842
1.423272	0.374815	-0.001995	1.425604	0.002831	0.283692
1.514223	0.409072	0.001031	1.557538	-0.002436	0.321153
2.122127	0.480400	0.010329	2.267489	0.030593	0.458925
1.254491	0.363616	0.034384	1.261301	0.034367	0.290479
1.721758	0.427741	-0.016418	2.193331	0.026474	0.383953
2.064938	0.470360	-0.020353	1.999833	0.012357	0.418167
1.488717	0.365303	-0.002965	1.300383	-0.001547	0.265600
2.188918	0.469129	0.035073	1.890812	0.012937	0.430261
1.704783	0.438900	-0.010440	1.943672	0.008539	0.363444
2.823737	0.584578	0.001706	2.527072	-0.008516	0.601771
1.304584	0.361530	0.002067	1.369389	0.001255	0.257590
1.820353	0.434644	0.008272	1.804363	-0.016177	0.367457
2.507010	0.523726	0.029535	2.191431	-0.005003	0.503110
1.825911	0.413874	-0.023997	1.621168	-0.009953	0.359633
1.442834	0.374871	-0.009610	1.429800	0.000459	0.287982
1.925539	0.432838	-0.000086	1.937259	0.007307	0.362497
1.398624	0.385750	-0.024878	1.572443	-0.035599	0.317782
2.043064	0.478554	-0.008272	2.227809	-0.001454	0.429552
2.605915	0.520420	0.019435	2.513362	-0.029310	0.527818
1.675147	0.410732	0.008635	1.618869	0.019292	0.328616
1.111025	0.333047	0.000008	1.111129	0.000006	0.223096
2.571417	0.526940	0.005635	2.405784	0.009406	0.550142
2.680467	0.516435	0.011262	2.370273	0.018806	0.510500
2.163159	0.493569	0.000625	2.485838	0.000622	0.461445
1.672718	0.395587	-0.020536	1.564258	-0.032857	0.331307
1.098898	0.329669	-0.000000	1.098898	-0.000000	0.219780
2.325346	0.478990	0.019383	2.104685	0.028308	0.447524
2.584568	0.542143	0.017884	2.722019	0.020873	0.556142
3.300748	0.620820	0.013901	3.075265	0.007066	0.684843
1.167596	0.345858	-0.000318	1.227359	-0.000369	0.242206
3.310212	0.627655	0.037989	2.785229	0.012777	0.680981
1.875515	0.404898	-0.005805	1.613275	-0.005809	0.349462
1.219959	0.340523	0.000773	1.140128	-0.000140	0.232015
2.462509	0.552496	-0.010737	2.701018	-0.026436	0.550991
2.547938	0.582819	0.012133	2.732302	0.012688	0.578375
1.098898	0.329669	-0.000000	1.098898	-0.000000	0.219780
1.151805	0.343069	0.000369	1.149145	0.000266	0.233738
1.167221	0.336789	0.000039	1.125152	0.000103	0.227485
1.156963	0.342840	-0.001838	1.184184	-0.004837	0.244232
2.110385	0.487235	-0.012672	2.291626	-0.010332	0.449919
1.131544	0.337799	-0.000014	1.227353	0.000878	0.230943
1.220024	0.362077	-0.002337	1.256007	-0.005003	0.253355
2.688650	0.547446	0.026766	2.548553	0.032555	0.549415
1.191942	0.354644	-0.002975	1.382943	-0.004798	0.253013
2.271491	0.491459	0.021738	2.184959	0.039372	0.467795
1.893291	0.455577	0.019762	1.847155	-0.003141	0.396900
1.371873	0.372998	-0.002761	1.396428	-0.000611	0.286682
1.372639	0.360101	-0.001583	1.321968	0.000420	0.259525
