25.000000	25.000000	1.466234	0.371406	0.000343	1.568669	-0.002912	0.278779	
25.000000	37.000000	1.409927	0.380539	-0.013473	1.516915	-0.001494	0.292671	
25.000000	49.000000	1.546106	0.387978	-0.005289	1.521204	-0.007458	0.296184	
25.000000	61.000000	1.587490	0.373740	-0.002015	1.267382	-0.003667	0.275282	
25.000000	73.000000	1.499802	0.381807	-0.011546	1.332629	-0.005563	0.283699	
25.000000	85.000000	1.499289	0.378741	0.001325	1.346530	-0.002182	0.280092	
25.000000	97.000000	1.302338	0.380557	-0.000932	1.353294	-0.003188	0.279598	
25.000000	109.000000	1.312978	0.383628	0.001141	1.451108	0.002640	0.286206	
25.000000	121.000000	1.600689	0.380786	0.000121	1.500254	0.001511	0.295707	
25.000000	133.000000	1.376420	0.372469	-0.002749	1.447666	0.001909	0.278180	
25.000000	145.000000	1.307916	0.374299	-0.003368	1.492957	0.002088	0.279129	
25.000000	157.000000	1.476953	0.375160	-0.009348	1.458697	-0.000873	0.283999	
25.000000	169.000000	1.798913	0.402178	0.009430	1.499197	-0.001112	0.356751	
25.000000	181.000000	1.400151	0.390500	0.023523	1.596997	0.010317	0.314257	
25.000000	193.000000	1.300280	0.377880	-0.004636	1.600455	-0.000591	0.280914	
25.000000	205.000000	1.575698	0.390492	-0.004282	1.613395	0.000018	0.298662	
25.000000	217.000000	1.595342	0.391469	0.004764	1.759052	0.024722	0.316940	
25.000000	229.000000	1.699317	0.398126	0.016120	1.722639	-0.018237	0.338301	
25.000000	241.000000	1.709314	0.393748	0.014087	1.585433	0.006395	0.309524	
25.000000	253.000000	1.631093	0.408261	0.004807	1.840617	-0.027705	0.371269	
25.000000	265.000000	1.553512	0.392610	0.015727	1.730137	0.007880	0.306238	
25.000000	277.000000	1.770779	0.399075	0.004337	1.732005	-0.002655	0.319702	
25.000000	289.000000	1.689116	0.399965	-0.000359	1.801458	-0.013264	0.330750	
25.000000	301.000000	1.818365	0.420235	-0.011974	1.778301	-0.009592	0.377634	
25.000000	313.000000	1.697009	0.408464	-0.013491	1.735188	-0.007904	0.336986	
25.000000	325.000000	1.573576	0.397606	-0.001935	1.614439	0.001403	0.318213	
25.000000	337.000000	1.757338	0.397059	-0.003645	1.568246	0.003719	0.312730	
25.000000	349.000000	1.817242	0.425102	-0.036499	1.595136	0.031856	0.390459	
25.000000	361.000000	1.785904	0.398057	-0.006897	1.427773	-0.003428	0.313156	
25.000000	373.000000	1.631093	0.399227	-0.006605	1.494518	-0.003412	0.317507	
25.000000	385.000000	1.964144	0.403129	-0.003607	1.491348	0.001847	0.314023	
25.000000	397.000000	1.585714	0.406552	0.026482	1.588787	-0.000038	0.334010	
25.000000	409.000000	1.883828	0.413041	-0.035407	1.619736	-0.010861	0.348780	
25.000000	421.000000	1.540680	0.394759	0.000690	1.496863	-0.001076	0.302213	
25.000000	433.000000	1.430753	0.392394	0.002518	1.520468	0.004389	0.310627	
25.000000	445.000000	1.432501	0.386712	-0.000870	1.391369	0.004187	0.294518	
25.000000	457.000000	1.632485	0.403169	0.045181	1.412837	0.022388	0.339121	
25.000000	469.000000	1.300909	0.379971	-0.004865	1.312782	0.000586	0.276091	
37.000000	25.000000	1.455998	0.373964	-0.000954	1.287995	-0.002945	0.273646	
37.000000	37.000000	1.309455	0.376419	-0.001987	1.477528	0.000923	0.278582	
37.000000	49.000000	1.588715	0.381419	-0.020449	1.485355	-0.007676	0.297490	
37.000000	61.000000	1.590733	0.374050	0.004990	1.532131	-0.001252	0.288619	
37.000000	73.000000	1.459758	0.378218	-0.000551	1.581601	-0.001422	0.296357	
37.000000	85.000000	1.351656	0.378211	0.004118	1.512606	0.001368	0.287395	
37.000000	97.000000	1.450660	0.389926	0.001713	1.552314	0.006157	0.306737	
37.000000	109.000000	1.293412	0.376270	-0.005084	1.502536	-0.000567	0.273881	
37.000000	121.000000	1.663257	0.393111	-0.022874	1.586501	-0.034359	0.323302	
37.000000	133.000000	1.411070	0.381363	-0.005885	1.481280	-0.002741	0.283468	
37.000000	145.000000	1.337776	0.384439	0.000741	1.490424	-0.002015	0.284930	
37.000000	157.000000	1.490271	0.411681	0.026325	1.535984	0.018572	0.345895	
37.000000	169.000000	1.773632	0.403673	0.005719	1.611582	0.027180	0.346563	
37.000000	181.000000	1.465006	0.401054	-0.034243	1.552685	-0.020538	0.331728	
37.000000	193.000000	1.386158	0.376379	-0.003983	1.543015	-0.002253	0.281498	
37.000000	205.000000	1.663791	0.411547	-0.068013	1.709631	-0.052392	0.375668	
37.000000	217.000000	1.577498	0.381114	0.000274	1.605594	-0.003971	0.290889	
37.000000	229.000000	1.805659	0.407228	0.031811	1.709475	0.048173	0.351170	
37.000000	241.000000	1.649339	0.399581	0.017353	1.556569	0.002437	0.311350	
37.000000	253.000000	1.669142	0.413686	0.024757	1.640606	0.036008	0.350237	
37.000000	265.000000	1.633637	0.398428	0.016840	1.537823	0.003583	0.309792	
37.000000	277.000000	1.779777	0.399747	0.005949	1.614833	-0.003404	0.319415	
37.000000	289.000000	1.808366	0.405034	0.046884	1.658429	0.008894	0.352719	
37.000000	301.000000	1.650725	0.395296	-0.000829	1.670071	-0.003847	0.311268	
37.000000	313.000000	1.649171	0.410625	-0.000582	1.758522	0.019367	0.346523	
37.000000	325.000000	1.523724	0.399429	-0.008747	1.683446	0.000354	0.311052	
37.000000	337.000000	1.814476	0.421405	-0.041303	1.816874	-0.034235	0.374315	
37.000000	349.000000	1.676408	0.394905	-0.002701	1.585667	0.002195	0.307500	
37.000000	361.000000	1.717167	0.402095	-0.016896	1.679747	-0.018346	0.332394	
37.000000	373.000000	1.528829	0.402695	-0.004381	1.650458	-0.006220	0.320466	
37.000000	385.000000	1.832782	0.405128	-0.005165	1.630193	-0.001212	0.320195	
37.000000	397.000000	1.524722	0.402050	-0.005903	1.652128	-0.003465	0.315988	
37.000000	409.000000	1.769130	0.398153	-0.000736	1.549604	0.002701	0.310290	
37.000000	421.000000	1.473474	0.382395	-0.002152	1.382836	0.000464	0.281821	
37.000000	433.000000	1.449153	0.385819	-0.001319	1.512780	-0.002334	0.298647	
37.000000	445.000000	1.466316	0.390986	-0.003569	1.556159	0.000160	0.304794	
37.000000	457.000000	1.528530	0.397364	0.002131	1.706681	0.026893	0.322623	
37.000000	469.000000	1.345180	0.384984	-0.000559	1.628112	0.000856	0.294400	
49.000000	25.000000	1.245204	0.364574	-0.000802	1.464796	-0.002547	0.263335	
49.000000	37.000000	1.251479	0.365723	0.000061	1.534742	-0.001159	0.265849	
49.000000	49.000000	1.547706	0.376159	-0.011907	1.436226	-0.017260	0.300919	
49.000000	61.000000	1.468830	0.366920	0.003836	1.304090	-0.000468	0.264802	
49.000000	73.000000	1.437452	0.375193	0.003777	1.403180	-0.001910	0.273885	
49.000000	85.000000	1.371586	0.379424	0.003567	1.380125	-0.001685	0.273962	
49.000000	97.000000	1.559560	0.388272	0.000278	1.519503	-0.005456	0.302587	
49.000000	109.000000	1.456364	0.396883	-0.051475	1.544146	-0.024973	0.327711	
49.000000	121.000000	1.871420	0.411036	-0.016789	1.730446	-0.044099	0.361902	
49.000000	133.000000	1.368590	0.393124	-0.004228	1.609489	-0.010400	0.301930	
49.000000	145.000000	1.508764	0.394871	0.005011	1.611952	-0.004218	0.306871	
49.000000	157.000000	1.667960	0.406735	0.022989	1.695660	0.003215	0.337153	
49.000000	169.000000	1.872489	0.413199	0.007961	1.712798	0.007251	0.359925	
49.000000	181.000000	1.631704	0.404789	-0.011829	1.722421	-0.001842	0.325099	
49.000000	193.000000	1.544013	0.406915	-0.013585	1.661907	-0.012569	0.334005	
49.000000	205.000000	1.658701	0.406139	-0.003744	1.604488	-0.004473	0.319273	
49.000000	217.000000	1.676733	0.405620	-0.000552	1.594061	-0.005360	0.325364	
49.000000	229.000000	2.026357	0.428563	0.072311	1.683946	0.031430	0.402873	
49.000000	241.000000	1.604365	0.408648	0.017368	1.539809	0.006249	0.318349	
49.000000	253.000000	1.697031	0.410420	0.034919	1.580669	0.009870	0.350192	
49.000000	265.000000	1.765339	0.424970	-0.021694	1.573483	-0.033662	0.370600	
49.000000	277.000000	1.911462	0.410767	-0.001614	1.613355	-0.010620	0.333789	
49.000000	289.000000	1.527176	0.401320	-0.005979	1.577684	-0.010128	0.312369	
49.000000	301.000000	1.751590	0.408092	-0.038111	1.604052	-0.020013	0.337271	
49.000000	313.000000	1.673451	0.420441	0.009571	1.676805	0.019139	0.363293	
49.000000	325.000000	1.581138	0.390440	-0.009804	1.467839	-0.004685	0.305465	
49.000000	337.000000	1.674083	0.400359	-0.022018	1.582892	-0.033682	0.342908	
49.000000	349.000000	1.620933	0.383643	-0.002350	1.535551	0.009907	0.307497	
49.000000	361.000000	1.578242	0.387452	-0.005949	1.544407	-0.000647	0.305105	
49.000000	373.000000	1.415428	0.393533	0.006490	1.569373	0.001283	0.308370	
49.000000	385.000000	1.810204	0.410604	0.017330	1.573014	0.017884	0.342116	
49.000000	397.000000	1.643387	0.417704	-0.022955	1.603757	-0.029256	0.346446	
49.000000	409.000000	1.815625	0.407371	0.000798	1.614246	-0.004957	0.336101	
49.000000	421.000000	1.503979	0.394946	-0.005459	1.512215	-0.003544	0.307208	
49.000000	433.000000	1.578706	0.404476	-0.009906	1.608005	-0.002521	0.336489	
49.000000	445.000000	1.803626	0.420704	-0.041294	1.785929	-0.010634	0.375917	
49.000000	457.000000	1.871612	0.407319	-0.006490	1.766469	0.002200	0.326006	
49.000000	469.000000	1.535357	0.398275	0.002585	1.690565	0.004810	0.311012	
61.000000	25.000000	1.317759	0.382343	-0.004167	1.495162	-0.009010	0.289914	
61.000000	37.000000	1.385369	0.387307	-0.001931	1.449812	0.000387	0.290291	
61.000000	49.000000	1.629869	0.381395	0.000842	1.425157	-0.000942	0.296223	
61.000000	61.000000	1.543025	0.376357	0.009282	1.486379	0.003070	0.301749	
61.000000	73.000000	1.577074	0.384135	0.015704	1.432187	0.000819	0.307408	
61.000000	85.000000	1.533421	0.389126	0.014401	1.439806	0.001101	0.305574	
61.000000	97.000000	1.719796	0.397135	0.001982	1.493327	-0.001629	0.322604	
61.000000	109.000000	1.477709	0.404059	-0.005567	1.495017	-0.023398	0.324973	
61.000000	121.000000	2.077321	0.414043	0.008204	1.518509	0.005561	0.327679	
61.000000	133.000000	1.514897	0.405890	-0.002859	1.487377	-0.001968	0.310193	
61.000000	145.000000	1.580619	0.401056	0.004635	1.552033	0.000796	0.308755	
61.000000	157.000000	1.737165	0.410386	0.009561	1.587535	0.029512	0.338445	
61.000000	169.000000	1.943502	0.400952	-0.010124	1.588475	0.001480	0.320002	
61.000000	181.000000	1.668784	0.413018	-0.018822	1.619533	-0.002332	0.328217	
61.000000	193.000000	1.547846	0.411620	-0.008442	1.619035	0.001556	0.319318	
61.000000	205.000000	1.699804	0.421651	0.017938	1.736402	0.045896	0.363792	
61.000000	217.000000	1.680979	0.401267	0.000285	1.559330	-0.006782	0.315520	
61.000000	229.000000	1.753395	0.423034	0.032555	1.694940	0.034044	0.382767	
61.000000	241.000000	1.560120	0.397816	0.001380	1.675971	-0.006165	0.310262	
61.000000	253.000000	1.689692	0.397543	-0.023332	1.629466	-0.008809	0.324918	
61.000000	265.000000	1.595112	0.392836	-0.000005	1.593341	-0.006732	0.303200	
61.000000	277.000000	1.826655	0.415740	-0.044842	1.605209	-0.021921	0.354998	
61.000000	289.000000	1.513239	0.395072	0.001632	1.441627	-0.007335	0.313257	
61.000000	301.000000	1.724092	0.408431	-0.001790	1.526426	-0.009033	0.335383	
61.000000	313.000000	1.748987	0.414733	-0.005094	1.550284	-0.004456	0.340673	
61.000000	325.000000	1.642813	0.401773	-0.001057	1.614865	0.008817	0.328845	
61.000000	337.000000	1.616854	0.403842	-0.012892	1.535305	-0.004064	0.323115	
61.000000	349.000000	1.635643	0.391987	-0.003355	1.455813	0.003217	0.298803	
61.000000	361.000000	1.601177	0.389687	0.000212	1.556389	0.007439	0.306600	
61.000000	373.000000	1.444968	0.398743	0.002942	1.491425	0.007534	0.301388	
61.000000	385.000000	1.679228	0.410864	-0.009471	1.532002	-0.008512	0.335876	
61.000000	397.000000	1.683566	0.418697	-0.000078	1.708869	0.002954	0.339094	
61.000000	409.000000	2.037128	0.446625	-0.057002	1.766538	-0.019873	0.416173	
61.000000	421.000000	1.513895	0.409603	-0.006518	1.612578	-0.004481	0.324285	
61.000000	433.000000	1.827955	0.432612	0.012464	1.718673	0.042463	0.376077	
61.000000	445.000000	1.822233	0.421085	0.001062	1.571405	0.006491	0.353188	
61.000000	457.000000	1.994461	0.415855	0.021401	1.497737	0.009821	0.344344	
61.000000	469.000000	1.619507	0.403703	0.002272	1.430345	0.005222	0.308462	
73.000000	25.000000	1.306656	0.383748	-0.000956	1.603371	0.000756	0.291071	
73.000000	37.000000	1.459885	0.397370	0.016208	1.599719	0.032530	0.321882	
73.000000	49.000000	1.558537	0.383759	0.001646	1.442206	-0.003590	0.299538	
73.000000	61.000000	1.417002	0.378400	0.007389	1.312121	-0.000533	0.281604	
73.000000	73.000000	1.580412	0.380368	0.004756	1.390571	0.000845	0.287722	
73.000000	85.000000	1.624005	0.391526	0.013756	1.426049	0.004323	0.299333	
73.000000	97.000000	1.713769	0.397334	0.003544	1.558029	0.000757	0.311109	
73.000000	109.000000	1.625113	0.411754	0.005218	1.705820	0.008888	0.330778	
73.000000	121.000000	2.102032	0.431452	0.024159	1.771831	0.025487	0.371140	
73.000000	133.000000	1.665084	0.417937	-0.005687	1.795026	-0.000991	0.344766	
73.000000	145.000000	1.617478	0.412055	0.009824	1.911907	0.010736	0.333961	
73.000000	157.000000	1.754055	0.399864	0.001894	1.763939	-0.005289	0.317320	
73.000000	169.000000	1.907102	0.408999	0.026322	1.837474	-0.013177	0.352042	
73.000000	181.000000	1.708234	0.410430	0.002757	1.727953	0.000773	0.326203	
73.000000	193.000000	1.526247	0.407873	-0.001820	1.549405	-0.002183	0.318957	
73.000000	205.000000	1.631970	0.400120	0.004378	1.521490	-0.004836	0.320992	
73.000000	217.000000	1.617487	0.401571	-0.046593	1.455342	-0.027443	0.332188	
73.000000	229.000000	1.743660	0.409661	-0.019447	1.683593	-0.025072	0.346183	
73.000000	241.000000	1.457640	0.397711	0.001368	1.645369	-0.008625	0.303876	
73.000000	253.000000	1.673395	0.413009	0.015576	1.831232	0.038411	0.361284	
73.000000	265.000000	1.550702	0.395919	-0.001033	1.735497	-0.008450	0.318832	
73.000000	277.000000	1.659074	0.399952	0.016194	1.607368	0.022018	0.332206	
73.000000	289.000000	1.397609	0.385986	0.001121	1.505383	-0.002789	0.288376	
73.000000	301.000000	1.713101	0.415757	0.011840	1.544012	-0.005137	0.374223	
73.000000	313.000000	1.712870	0.413742	-0.037899	1.617672	-0.033251	0.359997	
73.000000	325.000000	1.575583	0.388477	-0.001469	1.651062	0.001387	0.300333	
73.000000	337.000000	1.525629	0.400511	-0.012201	1.590319	-0.008912	0.323539	
73.000000	349.000000	1.556941	0.433669	-0.048387	1.801331	-0.039214	0.407427	
73.000000	361.000000	1.595709	0.407790	0.038919	1.678593	0.043156	0.356811	
73.000000	373.000000	1.456719	0.401320	0.003645	1.619379	0.014505	0.309547	
73.000000	385.000000	1.518336	0.399300	0.003790	1.598753	0.010560	0.306379	
73.000000	397.000000	1.687109	0.446845	0.011516	1.746900	0.009241	0.410099	
73.000000	409.000000	1.732103	0.442409	0.009883	1.770125	0.020730	0.382084	
73.000000	421.000000	1.511999	0.416073	-0.009954	1.696097	-0.007824	0.328081	
73.000000	433.000000	1.781576	0.422206	-0.005960	1.717903	-0.005632	0.336386	
73.000000	445.000000	1.824587	0.413345	-0.002792	1.637504	-0.002018	0.330945	
73.000000	457.000000	1.898808	0.417173	-0.014824	1.571882	-0.025301	0.354640	
73.000000	469.000000	1.630485	0.393860	0.000492	1.352251	0.002818	0.289846	
85.000000	25.000000	1.313417	0.384191	0.000385	1.566304	0.002983	0.289962	
85.000000	37.000000	1.676289	0.391455	-0.003742	1.669856	0.003835	0.312413	
85.000000	49.000000	1.627901	0.408520	0.031690	1.627171	0.040127	0.355210	
85.000000	61.000000	1.447741	0.379553	-0.000749	1.654195	-0.001517	0.297352	
85.000000	73.000000	1.521771	0.378712	-0.004711	1.539128	-0.001830	0.286168	
85.000000	85.000000	1.751753	0.386371	0.012233	1.595061	0.003870	0.301624	
85.000000	97.000000	1.558484	0.383440	0.003130	1.686813	-0.000872	0.300742	
85.000000	109.000000	1.608151	0.405961	0.023276	1.577185	0.015189	0.322676	
85.000000	121.000000	2.093683	0.426584	0.059401	1.664108	0.026318	0.372909	
85.000000	133.000000	1.695273	0.400439	0.000067	1.559084	0.000811	0.314899	
85.000000	145.000000	1.749275	0.432381	-0.032028	1.650885	-0.032452	0.385821	
85.000000	157.000000	1.787116	0.400201	-0.003566	1.551686	-0.003886	0.321598	
85.000000	169.000000	1.961125	0.418524	-0.059852	1.671583	-0.024518	0.383087	
85.000000	181.000000	1.680835	0.416297	0.034166	1.590598	0.018723	0.351048	
85.000000	193.000000	1.539949	0.415087	0.039814	1.708169	0.017941	0.360025	
85.000000	205.000000	1.612305	0.406251	0.025956	1.649477	0.003487	0.335971	
85.000000	217.000000	1.438167	0.384185	0.001354	1.670278	-0.005928	0.295748	
85.000000	229.000000	1.780005	0.409188	-0.025515	1.792174	-0.052215	0.361412	
85.000000	241.000000	1.586547	0.391038	-0.005206	1.501981	-0.004594	0.296199	
85.000000	253.000000	1.586671	0.404752	-0.022740	1.573144	-0.050124	0.334407	
85.000000	265.000000	1.496216	0.402812	-0.011042	1.535837	-0.007307	0.323490	
85.000000	277.000000	1.744517	0.388848	-0.003258	1.623762	-0.007905	0.307178	
85.000000	289.000000	1.453885	0.383110	-0.001075	1.583468	-0.004008	0.293333	
85.000000	301.000000	1.552197	0.406524	-0.041472	1.707636	-0.028943	0.346699	
85.000000	313.000000	1.741355	0.405664	-0.021387	1.715434	-0.015750	0.328619	
85.000000	325.000000	1.588868	0.401838	-0.008327	1.646224	-0.006092	0.324477	
85.000000	337.000000	1.607569	0.409269	-0.009655	1.746511	-0.004942	0.343301	
85.000000	349.000000	1.524440	0.414167	0.012889	1.741624	0.046499	0.353317	
85.000000	361.000000	1.726227	0.394155	0.009841	1.607688	0.010373	0.314435	
85.000000	373.000000	1.478626	0.404965	0.001664	1.620234	0.015067	0.309783	
85.000000	385.000000	1.539065	0.401414	0.004966	1.697482	0.008931	0.311599	
85.000000	397.000000	1.647345	0.416029	-0.000444	1.747441	0.006884	0.329542	
85.000000	409.000000	1.703600	0.424094	-0.002720	1.710239	-0.003118	0.345201	
85.000000	421.000000	1.518441	0.419230	-0.007128	1.660880	-0.008392	0.334123	
85.000000	433.000000	1.842366	0.421861	-0.005193	1.584860	-0.003210	0.340108	
85.000000	445.000000	1.815824	0.414487	-0.002462	1.679128	-0.000267	0.339186	
85.000000	457.000000	1.859276	0.410299	-0.004888	1.718569	0.004097	0.333975	
85.000000	469.000000	1.662249	0.391370	-0.003135	1.635012	0.000249	0.293395	
97.000000	25.000000	1.412116	0.405022	-0.004870	1.491875	0.001376	0.312675	
97.000000	37.000000	1.772636	0.404915	-0.009683	1.501754	-0.002574	0.322140	
97.000000	49.000000	1.562665	0.394309	-0.005211	1.517873	0.016142	0.312776	
97.000000	61.000000	1.592610	0.384369	-0.000460	1.412663	-0.002261	0.303600	
97.000000	73.000000	1.415277	0.372149	-0.005748	1.337565	-0.000611	0.275611	
97.000000	85.000000	1.697982	0.391498	0.010059	1.558169	0.003592	0.311682	
97.000000	97.000000	1.452420	0.391637	-0.001686	1.556098	-0.016115	0.308733	
97.000000	109.000000	1.607126	0.408389	0.011883	1.753052	0.037741	0.333614	
97.000000	121.000000	1.996797	0.435356	0.049826	1.861500	0.046260	0.384569	
97.000000	133.000000	1.721513	0.394419	0.002699	1.628226	0.004933	0.305864	
97.000000	145.000000	1.607358	0.402529	0.003855	1.731150	0.010252	0.324139	
97.000000	157.000000	1.601085	0.399051	-0.015610	1.623167	-0.026680	0.324076	
97.000000	169.000000	1.866877	0.409086	-0.048071	1.680256	-0.014795	0.353359	
97.000000	181.000000	1.590246	0.406339	0.010573	1.651146	0.016993	0.326834	
97.000000	193.000000	1.495089	0.395580	-0.001614	1.730205	0.002825	0.307460	
97.000000	205.000000	1.562560	0.395722	0.002145	1.675922	-0.003416	0.311806	
97.000000	217.000000	1.575657	0.377694	0.001883	1.535310	-0.000683	0.283169	
97.000000	229.000000	1.771450	0.396517	-0.001906	1.725050	-0.022134	0.318101	
97.000000	241.000000	1.653467	0.402232	-0.018948	1.624959	-0.030012	0.320112	
97.000000	253.000000	1.598423	0.395592	-0.003872	1.521027	0.001107	0.297373	
97.000000	265.000000	1.651607	0.412294	0.028408	1.683322	0.012690	0.347227	
97.000000	277.000000	1.636562	0.387321	-0.007637	1.597978	-0.014598	0.311194	
97.000000	289.000000	1.549888	0.380086	0.007763	1.573318	0.019276	0.299481	
97.000000	301.000000	1.529311	0.387619	0.013053	1.631383	0.000884	0.315025	
97.000000	313.000000	1.840732	0.422270	-0.024561	1.705607	-0.038515	0.379356	
97.000000	325.000000	1.522844	0.408427	-0.023909	1.640713	-0.021861	0.332532	
97.000000	337.000000	1.648688	0.433546	0.030304	1.757977	0.040935	0.393465	
97.000000	349.000000	1.533444	0.397066	-0.006630	1.616067	-0.009523	0.313807	
97.000000	361.000000	1.710202	0.391877	0.010652	1.508061	0.009406	0.307830	
97.000000	373.000000	1.522367	0.412218	0.008473	1.692984	0.045352	0.333479	
97.000000	385.000000	1.610758	0.420070	-0.027716	1.593266	0.000132	0.349694	
97.000000	397.000000	1.571435	0.414187	0.002243	1.658807	0.012823	0.325298	
97.000000	409.000000	1.660654	0.412901	0.001591	1.688245	0.000052	0.336567	
97.000000	421.000000	1.420126	0.405786	-0.001550	1.639984	-0.006063	0.311061	
97.000000	433.000000	1.719641	0.401306	-0.003339	1.588086	-0.006907	0.309779	
97.000000	445.000000	1.554923	0.421176	0.010449	1.589367	0.006292	0.352227	
97.000000	457.000000	1.568537	0.399478	-0.003739	1.558469	-0.000001	0.311654	
97.000000	469.000000	1.604420	0.385299	-0.002192	1.512987	-0.002573	0.284588	
109.000000	25.000000	1.494382	0.393576	0.001777	1.479741	0.011241	0.314377	
109.000000	37.000000	1.656227	0.392519	-0.006599	1.460469	-0.004651	0.304006	
109.000000	49.000000	1.485286	0.388460	-0.010477	1.437230	-0.005456	0.297295	
109.000000	61.000000	1.644068	0.389874	-0.014392	1.541896	-0.003546	0.306905	
109.000000	73.000000	1.488257	0.380034	-0.029919	1.426542	-0.005576	0.285635	
109.000000	85.000000	1.563646	0.386943	-0.007014	1.597459	0.001634	0.295442	
109.000000	97.000000	1.376404	0.378446	-0.001392	1.556277	0.002639	0.278513	
109.000000	109.000000	1.622256	0.389378	0.030652	1.690826	0.013599	0.312776	
109.000000	121.000000	1.677167	0.390640	0.004730	1.841050	0.003126	0.300494	
109.000000	133.000000	1.666744	0.379567	0.002602	1.695320	0.002403	0.283901	
109.000000	145.000000	1.517533	0.396536	0.002168	1.762208	0.006167	0.307006	
109.000000	157.000000	1.607578	0.416158	-0.047193	1.776955	-0.037819	0.372379	
109.000000	169.000000	1.699743	0.404613	-0.003674	1.735816	-0.006574	0.337436	
109.000000	181.000000	1.590725	0.397719	0.019329	1.846621	-0.000945	0.323193	
109.000000	193.000000	1.545752	0.390756	-0.003498	1.896424	-0.001867	0.313181	
109.000000	205.000000	1.568833	0.410594	0.015791	1.868626	0.022275	0.349904	
109.000000	217.000000	1.724796	0.393293	-0.043857	1.702316	-0.010968	0.334166	
109.000000	229.000000	1.919277	0.407078	-0.009761	1.654437	-0.034226	0.350245	
109.000000	241.000000	1.803581	0.405493	-0.010997	1.640337	-0.019423	0.323021	
109.000000	253.000000	1.667146	0.403145	-0.008293	1.558623	-0.018404	0.315281	
109.000000	265.000000	1.857148	0.437589	0.005082	1.658854	-0.016028	0.403747	
109.000000	277.000000	1.856397	0.392992	0.006041	1.623653	-0.004661	0.329866	
109.000000	289.000000	1.650832	0.377419	0.000738	1.637567	-0.001063	0.286809	
109.000000	301.000000	1.421218	0.386514	-0.004882	1.761566	-0.005839	0.294705	
109.000000	313.000000	1.711032	0.413273	0.020401	1.894268	0.021080	0.358152	
109.000000	325.000000	1.566426	0.391716	-0.007451	1.703089	-0.008459	0.299491	
109.000000	337.000000	1.457522	0.403141	-0.025745	1.629776	-0.033716	0.327759	
109.000000	349.000000	1.431035	0.376017	-0.004656	1.453447	-0.006954	0.280685	
109.000000	361.000000	1.549173	0.369303	0.004235	1.413688	0.003501	0.265751	
109.000000	373.000000	1.452302	0.386218	-0.013050	1.566160	0.001160	0.289803	
109.000000	385.000000	1.485340	0.400663	0.045638	1.701483	0.036946	0.335188	
109.000000	397.000000	1.447467	0.388327	-0.000059	1.655961	0.005326	0.297247	
109.000000	409.000000	1.448436	0.398158	0.000410	1.799380	0.022206	0.318920	
109.000000	421.000000	1.398647	0.394356	-0.001889	1.704016	-0.000354	0.301164	
109.000000	433.000000	1.564995	0.410435	-0.024976	1.626144	-0.033240	0.347692	
109.000000	445.000000	1.410800	0.394860	-0.001582	1.679228	-0.004535	0.290673	
109.000000	457.000000	1.557888	0.403089	-0.018138	1.626893	-0.032121	0.324811	
109.000000	469.000000	1.503211	0.381789	0.000909	1.493915	-0.002333	0.275879	
121.000000	25.000000	1.551624	0.392619	-0.006623	1.667632	-0.004713	0.316066	
121.000000	37.000000	1.901236	0.413813	-0.059556	1.709052	-0.026527	0.369503	
121.000000	49.000000	1.589373	0.402108	-0.038464	1.635675	-0.021032	0.333845	
121.000000	61.000000	1.575838	0.394100	-0.008304	1.729548	0.010643	0.324839	
121.000000	73.000000	1.534935	0.378658	-0.009087	1.456225	-0.001366	0.289761	
121.000000	85.000000	1.681421	0.395219	-0.000826	1.570755	0.016078	0.317718	
121.000000	97.000000	1.440712	0.393043	0.004979	1.610345	0.031813	0.311355	
121.000000	109.000000	1.488113	0.387287	0.003314	1.556368	0.003588	0.295710	
121.000000	121.000000	1.747375	0.398230	0.005814	1.649681	0.001441	0.308013	
121.000000	133.000000	1.617797	0.386755	0.007679	1.581832	-0.000283	0.293734	
121.000000	145.000000	1.504068	0.393109	0.010181	1.608659	0.010793	0.309488	
121.000000	157.000000	1.506929	0.390571	0.006937	1.503284	0.010034	0.304967	
121.000000	169.000000	1.759011	0.387074	-0.000696	1.503610	0.010698	0.307080	
121.000000	181.000000	1.459626	0.391871	-0.008295	1.579311	-0.002810	0.311642	
121.000000	193.000000	1.552711	0.395574	-0.005922	1.565376	0.002501	0.310906	
121.000000	205.000000	1.573501	0.400037	-0.000984	1.550367	-0.002357	0.310821	
121.000000	217.000000	1.708267	0.387407	0.001893	1.410860	-0.002326	0.301443	
121.000000	229.000000	1.888677	0.398155	0.031653	1.505323	0.004854	0.326775	
121.000000	241.000000	1.862585	0.394818	-0.005591	1.630301	-0.007053	0.315123	
121.000000	253.000000	1.762903	0.396929	-0.001636	1.621340	-0.008614	0.311911	
121.000000	265.000000	1.795868	0.414397	-0.005302	1.705070	-0.011247	0.339903	
121.000000	277.000000	1.906840	0.421550	-0.065365	1.597534	-0.037948	0.377982	
121.000000	289.000000	1.694357	0.392215	0.002132	1.354310	0.000990	0.294442	
121.000000	301.000000	1.625592	0.400568	-0.001148	1.480211	-0.001548	0.311735	
121.000000	313.000000	1.836297	0.423881	0.039427	1.581543	0.023383	0.373887	
121.000000	325.000000	1.637172	0.406378	-0.011070	1.580126	-0.008042	0.320777	
121.000000	337.000000	1.509108	0.403947	-0.016217	1.736462	-0.014757	0.331742	
121.000000	349.000000	1.559608	0.403278	0.018570	1.660957	0.020750	0.359654	
121.000000	361.000000	1.598255	0.393664	-0.045810	1.619665	-0.031827	0.339811	
121.000000	373.000000	1.527966	0.379129	-0.004122	1.531612	-0.001547	0.285496	
121.000000	385.000000	1.391442	0.381699	-0.006181	1.421289	-0.002005	0.283940	
121.000000	397.000000	1.413455	0.395052	-0.039763	1.446630	-0.025425	0.315572	
121.000000	409.000000	1.422325	0.379354	-0.006934	1.380603	-0.002512	0.282356	
121.000000	421.000000	1.430091	0.378986	-0.002806	1.465527	-0.000395	0.279147	
121.000000	433.000000	1.376339	0.369384	0.001814	1.383067	-0.001103	0.263449	
121.000000	445.000000	1.321283	0.386987	0.000522	1.401628	-0.003009	0.280449	
121.000000	457.000000	1.549531	0.387676	0.000222	1.506767	-0.003191	0.285539	
121.000000	469.000000	1.551128	0.385729	0.001109	1.402144	-0.001182	0.284771	
133.000000	25.000000	1.686372	0.406763	-0.005978	1.729275	-0.001278	0.335410	
133.000000	37.000000	1.645845	0.402609	-0.007105	1.719618	-0.006980	0.324922	
133.000000	49.000000	1.809937	0.431371	-0.020759	1.753948	0.012176	0.407046	
133.000000	61.000000	1.701170	0.395908	-0.012089	1.650668	0.005247	0.337693	
133.000000	73.000000	1.531360	0.376082	-0.005513	1.436588	0.001072	0.284754	
133.000000	85.000000	1.590113	0.403741	-0.019669	1.633461	-0.013171	0.335420	
133.000000	97.000000	1.554868	0.393046	0.002711	1.654966	0.006919	0.317538	
133.000000	109.000000	1.503986	0.391793	0.002847	1.550735	-0.000411	0.308435	
133.000000	121.000000	1.675733	0.396182	0.003805	1.620481	0.000873	0.315786	
133.000000	133.000000	1.568164	0.399996	0.023178	1.515686	0.036836	0.331762	
133.000000	145.000000	1.466888	0.399263	0.019581	1.607616	0.047710	0.333735	
133.000000	157.000000	1.569760	0.388253	0.004771	1.538526	0.006934	0.300066	
133.000000	169.000000	1.599082	0.390074	0.002193	1.531138	0.008488	0.296046	
133.000000	181.000000	1.555395	0.397718	-0.002048	1.586050	0.008070	0.306461	
133.000000	193.000000	1.667722	0.423799	-0.033401	1.616900	-0.006044	0.374126	
133.000000	205.000000	1.716247	0.414801	0.003214	1.599134	0.005079	0.335496	
133.000000	217.000000	1.758529	0.403138	0.005063	1.624298	0.005055	0.333468	
133.000000	229.000000	1.759369	0.406454	0.001583	1.600020	0.000189	0.329027	
133.000000	241.000000	1.786777	0.399154	-0.006058	1.580858	-0.019896	0.314371	
133.000000	253.000000	1.737594	0.398605	0.000700	1.538446	-0.008561	0.303782	
133.000000	265.000000	1.793444	0.416099	0.001640	1.561029	-0.007565	0.332561	
133.000000	277.000000	1.651455	0.404448	-0.003864	1.517313	-0.003176	0.316750	
133.000000	289.000000	1.554898	0.396325	-0.002533	1.484655	0.000298	0.302418	
133.000000	301.000000	1.686117	0.412874	0.033626	1.495277	0.018635	0.352209	
133.000000	313.000000	1.678762	0.397966	-0.016451	1.506564	-0.011493	0.308504	
133.000000	325.000000	1.628094	0.381937	0.000210	1.634880	0.003509	0.292031	
133.000000	337.000000	1.383944	0.384960	0.000721	1.705644	0.004068	0.292741	
133.000000	349.000000	1.527931	0.381289	-0.016781	1.677180	-0.044054	0.315431	
133.000000	361.000000	1.357044	0.371535	-0.003827	1.573117	0.001456	0.275984	
133.000000	373.000000	1.508627	0.375788	-0.000291	1.433691	0.001435	0.280114	
133.000000	385.000000	1.396116	0.382286	-0.010041	1.557469	-0.004945	0.291387	
133.000000	397.000000	1.368116	0.382019	-0.010163	1.592445	-0.008408	0.286219	
133.000000	409.000000	1.427269	0.378444	-0.001595	1.560464	-0.000939	0.289136	
133.000000	421.000000	1.500248	0.380300	-0.004172	1.687986	-0.002099	0.291003	
133.000000	433.000000	1.286236	0.372860	0.004154	1.484478	-0.002122	0.273078	
133.000000	445.000000	1.418094	0.384605	0.001606	1.583160	-0.001132	0.293249	
133.000000	457.000000	1.597254	0.396216	-0.006495	1.577240	-0.006983	0.311808	
133.000000	469.000000	1.575091	0.401670	-0.002819	1.457359	-0.002258	0.311648	
145.000000	25.000000	1.684083	0.393123	-0.005474	1.445809	-0.001287	0.303940	
145.000000	37.000000	1.508346	0.386475	-0.005487	1.412450	-0.002562	0.286482	
145.000000	49.000000	1.685650	0.388562	-0.005129	1.426067	-0.003704	0.300864	
145.000000	61.000000	1.482513	0.384203	-0.006520	1.423959	0.004214	0.289171	
145.000000	73.000000	1.495826	0.376090	-0.003805	1.284473	0.003288	0.275945	
145.000000	85.000000	1.581355	0.384982	-0.002179	1.407342	0.006138	0.285808	
145.000000	97.000000	1.476462	0.378965	-0.001511	1.387726	0.008300	0.281481	
145.000000	109.000000	1.417026	0.382427	-0.003246	1.491239	0.000603	0.293449	
145.000000	121.000000	1.454454	0.382575	0.002365	1.594980	0.007432	0.287851	
145.000000	133.000000	1.485473	0.384131	0.006594	1.508492	0.008290	0.289874	
145.000000	145.000000	1.348787	0.384933	-0.009291	1.501240	-0.000004	0.289763	
145.000000	157.000000	1.680346	0.384364	0.006763	1.573625	0.005152	0.293113	
145.000000	169.000000	1.680209	0.406512	-0.031473	1.576900	-0.027928	0.340959	
145.000000	181.000000	1.463295	0.397680	-0.002657	1.633900	0.007602	0.307799	
145.000000	193.000000	1.548064	0.412445	-0.001069	1.809522	0.016291	0.338308	
145.000000	205.000000	1.682691	0.420049	0.007622	1.677322	0.027086	0.348306	
145.000000	217.000000	1.662772	0.410727	0.013641	1.564669	0.030031	0.347662	
145.000000	229.000000	1.659062	0.389262	-0.003900	1.425880	-0.005509	0.296076	
145.000000	241.000000	1.889220	0.390518	0.021567	1.385676	-0.003460	0.316203	
145.000000	253.000000	1.693346	0.392785	0.000012	1.367964	-0.011869	0.298859	
145.000000	265.000000	1.594518	0.403185	-0.000947	1.530726	-0.009548	0.325571	
145.000000	277.000000	1.702601	0.395508	-0.002005	1.511835	-0.002432	0.322566	
145.000000	289.000000	1.706755	0.405768	-0.028236	1.583251	-0.013328	0.369281	
145.000000	301.000000	1.557420	0.390506	0.001803	1.738422	0.007868	0.314325	
145.000000	313.000000	1.742065	0.393357	-0.014822	1.635896	-0.001615	0.310828	
145.000000	325.000000	1.665458	0.388727	-0.001008	1.630570	0.003335	0.311646	
145.000000	337.000000	1.475968	0.410311	0.015665	1.668656	0.046205	0.350076	
145.000000	349.000000	1.568211	0.383872	-0.001873	1.326963	0.000735	0.291543	
145.000000	361.000000	1.508927	0.388631	-0.008586	1.338955	-0.003174	0.300202	
145.000000	373.000000	1.583100	0.398543	-0.043104	1.459033	-0.024495	0.328451	
145.000000	385.000000	1.565534	0.385097	-0.006031	1.548325	-0.004549	0.290310	
145.000000	397.000000	1.526200	0.385118	-0.009473	1.552352	-0.005476	0.295447	
145.000000	409.000000	1.493602	0.379930	-0.002694	1.585962	0.001640	0.288076	
145.000000	421.000000	1.624057	0.386193	-0.007736	1.574689	0.002319	0.300164	
145.000000	433.000000	1.329291	0.382344	-0.003247	1.451514	-0.000524	0.286937	
145.000000	445.000000	1.431061	0.387173	0.001896	1.471905	0.000565	0.291211	
145.000000	457.000000	1.580540	0.400331	-0.005852	1.523189	-0.008725	0.320013	
145.000000	469.000000	1.676842	0.400962	-0.001825	1.589128	-0.003271	0.330900	
157.000000	25.000000	1.746344	0.402536	-0.011114	1.464457	-0.007855	0.319602	
157.000000	37.000000	1.658822	0.395314	0.000282	1.442644	-0.004548	0.313697	
157.000000	49.000000	1.685391	0.394003	-0.002783	1.423351	-0.002789	0.308452	
157.000000	61.000000	1.576294	0.396125	0.043194	1.403271	0.018630	0.332988	
157.000000	73.000000	1.510822	0.372490	0.007168	1.269076	0.003564	0.279712	
157.000000	85.000000	1.616430	0.372265	-0.000274	1.361406	0.003514	0.280307	
157.000000	97.000000	1.361903	0.371439	0.000112	1.386061	0.005159	0.275445	
157.000000	109.000000	1.458006	0.387869	-0.005193	1.553868	0.001486	0.302865	
157.000000	121.000000	1.543353	0.387824	0.009541	1.703084	0.016530	0.308643	
157.000000	133.000000	1.637129	0.391626	0.005197	1.625181	0.006762	0.310499	
157.000000	145.000000	1.453013	0.389373	0.008072	1.660208	0.005030	0.302070	
157.000000	157.000000	1.853037	0.411834	0.047375	1.794096	0.040060	0.371698	
157.000000	169.000000	1.719292	0.394759	0.009466	1.625936	0.009031	0.311047	
157.000000	181.000000	1.580509	0.409780	0.016362	1.752699	0.023190	0.349724	
157.000000	193.000000	1.521868	0.415129	0.001307	1.808518	0.013483	0.346833	
157.000000	205.000000	1.794431	0.421065	-0.041021	1.628345	-0.009631	0.370353	
157.000000	217.000000	1.675639	0.411307	-0.016580	1.751027	0.007937	0.379360	
157.000000	229.000000	1.539483	0.390213	-0.012653	1.723670	-0.024507	0.304029	
157.000000	241.000000	1.633967	0.379398	-0.006876	1.572249	-0.016829	0.282871	
157.000000	253.000000	1.491471	0.387791	-0.007959	1.690885	-0.017558	0.295768	
157.000000	265.000000	1.528952	0.427111	0.014414	1.922983	-0.005135	0.405636	
157.000000	277.000000	1.471268	0.396391	-0.014514	1.742029	-0.028096	0.329274	
157.000000	289.000000	1.616367	0.392635	-0.002089	1.775234	-0.001129	0.310564	
157.000000	301.000000	1.657659	0.392753	0.005554	1.678828	0.009883	0.318624	
157.000000	313.000000	1.786604	0.419808	-0.016807	1.767319	-0.032535	0.378706	
157.000000	325.000000	1.646284	0.407427	-0.002063	1.694477	0.024355	0.338937	
157.000000	337.000000	1.571066	0.405071	0.012673	1.599728	0.005132	0.340138	
157.000000	349.000000	1.695370	0.401670	0.001358	1.576842	-0.000053	0.327130	
157.000000	361.000000	1.632299	0.402724	0.006901	1.403958	-0.000006	0.329600	
157.000000	373.000000	1.523227	0.387803	-0.005019	1.421643	-0.004231	0.293650	
157.000000	385.000000	1.581181	0.383463	-0.016093	1.466937	-0.007285	0.298698	
157.000000	397.000000	1.507689	0.380188	-0.010602	1.451293	-0.008371	0.288715	
157.000000	409.000000	1.468745	0.374149	-0.001513	1.432051	-0.001340	0.280030	
157.000000	421.000000	1.547804	0.380336	-0.008531	1.483516	-0.003971	0.291958	
157.000000	433.000000	1.339505	0.384739	-0.005448	1.441301	0.000302	0.286186	
157.000000	445.000000	1.428296	0.385332	-0.000669	1.443950	0.002077	0.288357	
157.000000	457.000000	1.497748	0.401952	-0.005611	1.572339	-0.002981	0.312113	
157.000000	469.000000	1.679155	0.403336	-0.001989	1.451476	-0.000150	0.319009	
169.000000	25.000000	1.660815	0.393660	-0.005979	1.630783	-0.001434	0.302459	
169.000000	37.000000	1.422614	0.386457	-0.002746	1.590942	-0.004421	0.293501	
169.000000	49.000000	1.752788	0.401483	0.000671	1.732621	-0.039091	0.355423	
169.000000	61.000000	1.503315	0.377805	-0.002596	1.631357	-0.008216	0.300610	
169.000000	73.000000	1.379943	0.373742	0.004564	1.419625	0.001123	0.280341	
169.000000	85.000000	1.625924	0.376970	-0.000263	1.440916	-0.000076	0.285284	
169.000000	97.000000	1.568236	0.393286	0.009015	1.599472	-0.041228	0.337842	
169.000000	109.000000	1.600769	0.384370	0.005591	1.458556	-0.000321	0.283691	
169.000000	121.000000	1.377612	0.379067	0.007024	1.434600	0.001057	0.277449	
169.000000	133.000000	1.634309	0.383680	0.013398	1.536776	0.005458	0.296398	
169.000000	145.000000	1.459972	0.391112	0.006822	1.423425	-0.006341	0.293961	
169.000000	157.000000	1.696727	0.389797	0.012315	1.449286	-0.003883	0.301184	
169.000000	169.000000	1.548201	0.397243	0.008215	1.524853	0.006832	0.305701	
169.000000	181.000000	1.540520	0.406397	0.013459	1.564432	0.012011	0.327340	
169.000000	193.000000	1.529904	0.404453	0.007383	1.665416	0.018750	0.335204	
169.000000	205.000000	1.644359	0.398773	0.001274	1.600450	0.008193	0.321843	
169.000000	217.000000	1.590176	0.386619	-0.005316	1.482175	-0.003962	0.304347	
169.000000	229.000000	1.627967	0.393538	-0.013983	1.565637	-0.043979	0.322088	
169.000000	241.000000	1.608102	0.391606	-0.007192	1.570290	-0.020808	0.307344	
169.000000	253.000000	1.395107	0.392041	-0.011264	1.677775	-0.028134	0.315012	
169.000000	265.000000	1.419395	0.403440	-0.010913	1.730340	-0.023540	0.335499	
169.000000	277.000000	1.623588	0.397196	0.019983	1.627218	0.009386	0.336628	
169.000000	289.000000	1.602536	0.385334	-0.002470	1.425437	-0.007099	0.293845	
169.000000	301.000000	1.701199	0.397488	0.029904	1.556626	0.032845	0.339468	
169.000000	313.000000	1.672837	0.399766	-0.007057	1.600299	-0.002920	0.334816	
169.000000	325.000000	1.712751	0.407274	-0.006928	1.640128	-0.001962	0.347229	
169.000000	337.000000	1.565912	0.416832	-0.004412	1.743673	0.000066	0.365502	
169.000000	349.000000	1.860552	0.416857	-0.009280	1.592450	0.005517	0.379955	
169.000000	361.000000	1.717602	0.399314	-0.013005	1.495200	-0.011821	0.318015	
169.000000	373.000000	1.433099	0.393821	-0.010713	1.477721	-0.016660	0.305502	
169.000000	385.000000	1.498553	0.383957	-0.005276	1.366656	-0.012436	0.283578	
169.000000	397.000000	1.584825	0.403955	-0.002524	1.467218	0.022850	0.340363	
169.000000	409.000000	1.394949	0.378349	-0.005437	1.393299	-0.007313	0.282781	
169.000000	421.000000	1.461276	0.382677	-0.004450	1.431221	0.002917	0.281186	
169.000000	433.000000	1.355916	0.388678	-0.005346	1.452726	0.001147	0.289994	
169.000000	445.000000	1.494303	0.384214	-0.001220	1.441885	0.002404	0.292022	
169.000000	457.000000	1.470914	0.416397	-0.029047	1.510794	-0.036100	0.348994	
169.000000	469.000000	1.561235	0.400998	-0.010262	1.475174	-0.007781	0.318884	
181.000000	25.000000	1.699767	0.393297	-0.009905	1.872047	-0.008918	0.310287	
181.000000	37.000000	1.644186	0.393991	0.003165	1.859181	-0.012371	0.313746	
181.000000	49.000000	1.541305	0.403880	-0.013776	1.959164	-0.035135	0.344381	
181.000000	61.000000	1.398495	0.382825	-0.002195	1.727857	-0.016749	0.293531	
181.000000	73.000000	1.409636	0.373817	0.005944	1.473852	0.001969	0.271283	
181.000000	85.000000	1.660731	0.388141	0.047660	1.544274	0.017235	0.315505	
181.000000	97.000000	1.517669	0.399931	-0.034248	1.605029	-0.045303	0.344054	
181.000000	109.000000	1.593192	0.383468	0.004992	1.531647	0.000004	0.289432	
181.000000	121.000000	1.463420	0.382828	0.005233	1.631957	-0.000204	0.287115	
181.000000	133.000000	1.704911	0.416199	-0.039418	1.781265	-0.058535	0.376351	
181.000000	145.000000	1.706261	0.408516	0.045761	1.767503	0.014636	0.339114	
181.000000	157.000000	1.617271	0.391132	0.003292	1.620884	-0.000734	0.296454	
181.000000	169.000000	1.558858	0.398033	0.003220	1.546184	0.004013	0.305074	
181.000000	181.000000	1.460755	0.408491	0.023045	1.568962	0.035158	0.335401	
181.000000	193.000000	1.378274	0.379314	0.000998	1.449022	0.004505	0.285801	
181.000000	205.000000	1.526106	0.382143	0.000239	1.542094	-0.005490	0.311982	
181.000000	217.000000	1.511397	0.370640	-0.001999	1.638879	-0.001811	0.294116	
181.000000	229.000000	1.557262	0.391105	-0.014550	1.819960	-0.040545	0.320643	
181.000000	241.000000	1.651647	0.401733	-0.004805	1.743922	-0.011829	0.320520	
181.000000	253.000000	1.578862	0.412781	0.018875	1.752765	0.013778	0.349145	
181.000000	265.000000	1.445358	0.416401	-0.014128	1.633053	-0.019208	0.330723	
181.000000	277.000000	1.697988	0.394927	0.005812	1.471839	0.010675	0.313119	
181.000000	289.000000	1.740580	0.391503	-0.010675	1.435397	-0.010577	0.313689	
181.000000	301.000000	1.781743	0.386257	-0.002488	1.414612	-0.006276	0.287135	
181.000000	313.000000	1.561794	0.400498	-0.000549	1.452186	-0.003973	0.308447	
181.000000	325.000000	1.769383	0.425334	-0.001758	1.749032	-0.000250	0.351391	
181.000000	337.000000	1.686837	0.431521	-0.001824	1.925234	-0.006086	0.358662	
181.000000	349.000000	1.770626	0.424954	0.006472	1.849445	-0.005820	0.348905	
181.000000	361.000000	1.648032	0.405490	-0.012043	1.781706	-0.007163	0.320851	
181.000000	373.000000	1.440827	0.401471	-0.002233	1.696174	-0.012874	0.308056	
181.000000	385.000000	1.570275	0.383626	-0.000297	1.668832	-0.008912	0.290641	
181.000000	397.000000	1.612054	0.402106	-0.025617	1.799680	-0.046295	0.343714	
181.000000	409.000000	1.639632	0.400985	-0.047140	1.834356	-0.022675	0.341946	
181.000000	421.000000	1.648857	0.397951	-0.023284	1.864650	-0.007766	0.338260	
181.000000	433.000000	1.534599	0.401931	-0.003860	1.743796	0.002363	0.332109	
181.000000	445.000000	1.562325	0.408815	0.015444	1.680345	0.042828	0.355929	
181.000000	457.000000	1.685666	0.410790	0.032216	1.609514	0.028533	0.356089	
181.000000	469.000000	1.605741	0.408548	0.033570	1.493328	0.033607	0.349608	
193.000000	25.000000	1.611510	0.395151	-0.004097	1.394710	-0.006073	0.301031	
193.000000	37.000000	1.710174	0.394221	-0.000415	1.379863	-0.005241	0.302591	
193.000000	49.000000	1.449308	0.386351	-0.000651	1.338968	-0.006846	0.286089	
193.000000	61.000000	1.368371	0.375427	-0.000545	1.284019	-0.006526	0.274431	
193.000000	73.000000	1.456780	0.383244	-0.010385	1.416516	-0.044063	0.311383	
193.000000	85.000000	1.499424	0.370984	0.001037	1.366933	0.002672	0.272790	
193.000000	97.000000	1.443481	0.375295	0.006158	1.372214	0.003941	0.276284	
193.000000	109.000000	1.544711	0.384603	0.006274	1.479098	0.005444	0.285783	
193.000000	121.000000	1.608312	0.401071	0.027993	1.480051	0.015019	0.331187	
193.000000	133.000000	1.665854	0.391482	0.002693	1.429933	0.002057	0.303567	
193.000000	145.000000	1.916255	0.409590	0.017696	1.544281	0.004568	0.338382	
193.000000	157.000000	1.716270	0.411836	0.001597	1.567498	0.000090	0.340347	
193.000000	169.000000	1.684723	0.413357	0.032724	1.632864	0.025006	0.348382	
193.000000	181.000000	1.545889	0.400482	0.008534	1.649045	0.010064	0.327785	
193.000000	193.000000	1.581163	0.407689	-0.003141	1.760825	-0.028234	0.379775	
193.000000	205.000000	1.509475	0.386582	-0.002499	1.628447	-0.016685	0.309879	
193.000000	217.000000	1.607677	0.401375	-0.042668	1.597641	-0.035687	0.346507	
193.000000	229.000000	1.639427	0.399874	-0.010200	1.671237	-0.018185	0.319210	
193.000000	241.000000	1.807645	0.428480	0.000230	1.734623	-0.007315	0.372164	
193.000000	253.000000	1.609558	0.412751	-0.003706	1.793614	0.000957	0.338364	
193.000000	265.000000	1.483787	0.420947	-0.011281	1.783142	-0.020645	0.348274	
193.000000	277.000000	1.814152	0.392292	0.001391	1.582924	-0.006107	0.304637	
193.000000	289.000000	1.682344	0.408473	0.034565	1.822422	0.034950	0.358722	
193.000000	301.000000	1.809044	0.393067	-0.003576	1.633945	-0.005253	0.300958	
193.000000	313.000000	1.517539	0.405046	0.001076	1.768803	-0.002655	0.321602	
193.000000	325.000000	1.826523	0.417968	-0.006548	1.829415	-0.009714	0.343565	
193.000000	337.000000	1.750422	0.437099	-0.018038	1.814318	-0.051964	0.391504	
193.000000	349.000000	1.675198	0.414311	0.007949	1.598244	-0.007955	0.330261	
193.000000	361.000000	1.532347	0.393628	-0.004704	1.418928	-0.006376	0.295127	
193.000000	373.000000	1.466642	0.397411	-0.001779	1.525949	-0.010422	0.302384	
193.000000	385.000000	1.638929	0.380724	-0.026617	1.503673	-0.011173	0.299799	
193.000000	397.000000	1.484854	0.383387	0.000051	1.574613	-0.008320	0.297121	
193.000000	409.000000	1.479316	0.381078	0.000929	1.560018	-0.003014	0.292945	
193.000000	421.000000	1.454081	0.387150	0.009003	1.584063	0.002344	0.300803	
193.000000	433.000000	1.508949	0.408186	0.020122	1.673422	0.049603	0.342121	
193.000000	445.000000	1.579945	0.387373	-0.001102	1.518757	0.003977	0.296607	
193.000000	457.000000	1.581182	0.393971	-0.005820	1.635105	0.006094	0.304683	
193.000000	469.000000	1.434750	0.386168	-0.007292	1.626224	0.006720	0.304467	
205.000000	25.000000	1.543135	0.390039	0.000975	1.542291	-0.001762	0.293511	
205.000000	37.000000	1.659812	0.385070	0.002089	1.610304	-0.003637	0.288587	
205.000000	49.000000	1.388090	0.370190	0.000124	1.542826	-0.005964	0.271416	
205.000000	61.000000	1.261862	0.373159	-0.015265	1.492598	-0.035318	0.289537	
205.000000	73.000000	1.351704	0.367906	-0.005829	1.485457	-0.001182	0.270579	
205.000000	85.000000	1.436805	0.374083	-0.002809	1.431266	-0.000017	0.273028	
205.000000	97.000000	1.464540	0.381254	0.001080	1.411974	0.002122	0.283515	
205.000000	109.000000	1.467954	0.384735	-0.000384	1.552120	0.001891	0.292777	
205.000000	121.000000	1.576985	0.383074	0.003416	1.542050	0.000954	0.298463	
205.000000	133.000000	1.558155	0.384997	-0.001700	1.561679	0.001234	0.303417	
205.000000	145.000000	1.762432	0.398006	-0.002605	1.712175	0.002330	0.319157	
205.000000	157.000000	1.642071	0.410194	0.004279	1.608782	-0.003566	0.330660	
205.000000	169.000000	1.662547	0.399526	-0.003294	1.528788	0.002759	0.305928	
205.000000	181.000000	1.493486	0.392303	-0.002340	1.482061	0.003724	0.304984	
205.000000	193.000000	1.509522	0.379642	0.000590	1.424895	0.003444	0.290288	
205.000000	205.000000	1.492345	0.382904	0.003793	1.431654	0.005239	0.289493	
205.000000	217.000000	1.664475	0.383023	0.030893	1.489453	0.014523	0.307324	
205.000000	229.000000	1.721547	0.389275	0.000831	1.570520	0.001077	0.304979	
205.000000	241.000000	1.887856	0.398557	0.003036	1.487982	0.002798	0.304867	
205.000000	253.000000	1.853460	0.407007	-0.026297	1.625640	-0.001783	0.349246	
205.000000	265.000000	1.553598	0.430472	-0.035276	1.796995	-0.034434	0.393608	
205.000000	277.000000	1.947772	0.396898	0.024806	1.661693	-0.002350	0.335848	
205.000000	289.000000	1.521995	0.394554	0.009703	1.687077	0.006275	0.331035	
205.000000	301.000000	1.775026	0.405818	0.030704	1.642243	0.022046	0.351607	
205.000000	313.000000	1.592439	0.411830	-0.036181	1.913179	-0.042801	0.383309	
205.000000	325.000000	1.773742	0.424463	-0.048364	1.958210	-0.024791	0.377325	
205.000000	337.000000	1.652889	0.421378	-0.000292	1.953260	-0.004549	0.350477	
205.000000	349.000000	1.651742	0.417135	-0.007265	1.921744	-0.017256	0.350413	
205.000000	361.000000	1.649533	0.414112	0.007870	1.649329	0.008521	0.352213	
205.000000	373.000000	1.418902	0.406109	-0.003912	1.659955	-0.018663	0.321197	
205.000000	385.000000	1.729861	0.391708	-0.003429	1.617255	-0.020260	0.308465	
205.000000	397.000000	1.525358	0.399547	-0.003423	1.578072	-0.026055	0.310668	
205.000000	409.000000	1.611583	0.403289	-0.016143	1.524903	-0.045888	0.327079	
205.000000	421.000000	1.532303	0.399793	0.009879	1.593549	-0.019790	0.335145	
205.000000	433.000000	1.634098	0.394728	0.003450	1.575419	0.004559	0.318550	
205.000000	445.000000	1.601727	0.391299	0.001683	1.561082	0.003064	0.310264	
205.000000	457.000000	1.678499	0.419623	0.027956	1.726174	0.036814	0.358342	
205.000000	469.000000	1.506532	0.398481	0.007332	1.606798	0.008122	0.331343	
217.000000	25.000000	1.546484	0.391508	0.002263	1.477887	-0.000687	0.294939	
217.000000	37.000000	1.668141	0.388866	0.001100	1.465113	-0.004157	0.291823	
217.000000	49.000000	1.607902	0.393019	0.032313	1.532818	0.031799	0.329601	
217.000000	61.000000	1.224931	0.362343	0.001566	1.444186	-0.003589	0.259818	
217.000000	73.000000	1.385665	0.369886	-0.006643	1.510336	-0.000764	0.279179	
217.000000	85.000000	1.289784	0.372600	-0.004001	1.572225	-0.000044	0.277873	
217.000000	97.000000	1.500315	0.384833	-0.008612	1.600389	-0.007916	0.323337	
217.000000	109.000000	1.438591	0.380625	-0.002619	1.533307	0.004356	0.297680	
217.000000	121.000000	1.652514	0.383413	-0.005043	1.505224	0.000499	0.295622	
217.000000	133.000000	1.532680	0.387138	-0.007506	1.525801	-0.001643	0.297225	
217.000000	145.000000	1.753755	0.400669	-0.007831	1.664445	0.003515	0.317208	
217.000000	157.000000	1.781941	0.401478	-0.011024	1.602222	-0.000847	0.316800	
217.000000	169.000000	1.822673	0.400545	-0.015172	1.699908	-0.003063	0.327850	
217.000000	181.000000	1.583278	0.398951	-0.001183	1.779735	0.000952	0.324073	
217.000000	193.000000	1.517396	0.391937	-0.000194	1.873698	-0.004001	0.315103	
217.000000	205.000000	1.567514	0.404146	0.002716	1.990737	0.002741	0.327744	
217.000000	217.000000	1.657696	0.397551	0.009624	2.010371	0.009920	0.319587	
217.000000	229.000000	1.688039	0.412821	0.028075	1.974972	0.057579	0.366731	
217.000000	241.000000	1.930346	0.397240	0.005726	1.750907	0.008227	0.307402	
217.000000	253.000000	1.756246	0.406826	0.031131	1.811789	0.047110	0.362163	
217.000000	265.000000	1.502962	0.402170	0.009370	1.634181	0.011903	0.325139	
217.000000	277.000000	1.792924	0.394561	-0.018638	1.532918	0.000214	0.319594	
217.000000	289.000000	1.513794	0.392547	0.007456	1.457715	0.000710	0.321015	
217.000000	301.000000	1.651681	0.401185	-0.007505	1.476505	0.002717	0.339601	
217.000000	313.000000	1.515651	0.395182	0.003948	1.558694	0.000190	0.316567	
217.000000	325.000000	1.562210	0.399934	-0.001095	1.615124	-0.003295	0.315665	
217.000000	337.000000	1.656684	0.407856	0.000691	1.687959	0.000615	0.328203	
217.000000	349.000000	1.558340	0.413099	0.017713	1.609043	0.011994	0.328760	
217.000000	361.000000	1.559300	0.398409	-0.000739	1.665235	-0.006227	0.310234	
217.000000	373.000000	1.427284	0.407696	0.003729	1.647296	-0.000333	0.313668	
217.000000	385.000000	1.792803	0.395859	-0.000769	1.557101	-0.002023	0.312859	
217.000000	397.000000	1.495607	0.386348	0.000994	1.531843	-0.012702	0.294904	
217.000000	409.000000	1.645676	0.387714	0.020641	1.372564	0.000195	0.303343	
217.000000	421.000000	1.522404	0.386103	0.010856	1.428360	0.009436	0.304368	
217.000000	433.000000	1.565740	0.385385	0.000750	1.439094	0.007965	0.302367	
217.000000	445.000000	1.514441	0.386817	-0.002198	1.440052	0.002832	0.305357	
217.000000	457.000000	1.633455	0.412984	0.025123	1.520962	0.031926	0.354235	
217.000000	469.000000	1.628471	0.385805	-0.001606	1.446638	-0.000510	0.294982	
229.000000	25.000000	1.435037	0.386450	0.002584	1.562767	0.004588	0.292357	
229.000000	37.000000	1.644946	0.401524	-0.013820	1.643798	-0.015956	0.325573	
229.000000	49.000000	1.658702	0.378118	0.000878	1.565943	-0.000278	0.292304	
229.000000	61.000000	1.391875	0.373930	-0.001515	1.521342	-0.002540	0.290205	
229.000000	73.000000	1.466690	0.383002	-0.006584	1.461405	0.000147	0.298167	
229.000000	85.000000	1.370782	0.381777	-0.011871	1.369543	-0.005846	0.299160	
229.000000	97.000000	1.536539	0.393228	0.014211	1.460121	0.031890	0.330836	
229.000000	109.000000	1.493020	0.379271	-0.003702	1.500035	0.003728	0.289793	
229.000000	121.000000	1.647561	0.381974	-0.002116	1.552431	0.003412	0.298770	
229.000000	133.000000	1.733134	0.416517	-0.005348	1.661709	-0.001465	0.379920	
229.000000	145.000000	1.681111	0.416669	-0.015779	1.747431	-0.020652	0.366342	
229.000000	157.000000	1.758558	0.395767	-0.005971	1.492017	0.001380	0.311560	
229.000000	169.000000	1.859416	0.391100	0.000631	1.614270	0.003314	0.312781	
229.000000	181.000000	1.889026	0.441231	-0.018947	1.752505	-0.013149	0.434929	
229.000000	193.000000	1.496062	0.396597	0.004167	1.631089	0.000952	0.310958	
229.000000	205.000000	1.696824	0.409481	-0.022153	1.829798	0.001145	0.341506	
229.000000	217.000000	1.720562	0.406844	0.006475	1.786008	0.008314	0.327428	
229.000000	229.000000	1.888303	0.428063	0.004829	1.809417	0.025830	0.416855	
229.000000	241.000000	1.859801	0.389543	0.005656	1.624582	0.006887	0.297881	
229.000000	253.000000	1.762938	0.404515	0.030653	1.540495	0.013489	0.354606	
229.000000	265.000000	1.616977	0.385516	0.006638	1.428246	-0.001404	0.303561	
229.000000	277.000000	1.819166	0.405830	0.050793	1.459412	0.018366	0.349976	
229.000000	289.000000	1.380699	0.391444	0.008283	1.405585	0.002828	0.305000	
229.000000	301.000000	1.407320	0.398060	0.016953	1.416878	0.006538	0.311619	
229.000000	313.000000	1.492130	0.392864	0.005459	1.451238	0.001331	0.303771	
229.000000	325.000000	1.391072	0.381979	-0.003673	1.471642	-0.004361	0.286674	
229.000000	337.000000	1.494577	0.387488	-0.001736	1.541976	0.000485	0.304226	
229.000000	349.000000	1.511114	0.399668	-0.032807	1.634855	-0.023958	0.334771	
229.000000	361.000000	1.548392	0.389435	-0.001022	1.616640	0.001883	0.305682	
229.000000	373.000000	1.472360	0.400821	-0.001656	1.698550	0.000640	0.320514	
229.000000	385.000000	1.724549	0.394628	-0.004974	1.693875	-0.003862	0.312284	
229.000000	397.000000	1.532052	0.410933	0.036856	1.702559	0.052392	0.375162	
229.000000	409.000000	1.573470	0.378365	0.003771	1.677541	0.014959	0.299298	
229.000000	421.000000	1.525456	0.382750	0.012684	1.692637	0.013911	0.310132	
229.000000	433.000000	1.441998	0.374904	-0.001889	1.808608	-0.000376	0.284625	
229.000000	445.000000	1.519073	0.405159	-0.036284	1.877265	-0.032763	0.345521	
229.000000	457.000000	1.430408	0.401056	-0.018720	1.717846	-0.029173	0.328593	
229.000000	469.000000	1.626940	0.392087	-0.004293	1.682876	-0.026495	0.312677	
241.000000	25.000000	1.347215	0.372071	0.004036	1.375721	0.005859	0.271412	
241.000000	37.000000	1.453677	0.380004	0.003020	1.448250	0.004072	0.276751	
241.000000	49.000000	1.528492	0.370064	0.001373	1.339635	0.002526	0.267839	
241.000000	61.000000	1.357981	0.372572	-0.001952	1.391735	-0.002887	0.272646	
241.000000	73.000000	1.475396	0.400783	0.027959	1.516324	0.036579	0.332810	
241.000000	85.000000	1.324705	0.373401	-0.006515	1.411579	-0.003098	0.277775	
241.000000	97.000000	1.591287	0.379805	-0.026561	1.445096	-0.006748	0.299746	
241.000000	109.000000	1.585135	0.378178	-0.007296	1.453295	-0.004826	0.293135	
241.000000	121.000000	1.666004	0.390156	-0.047493	1.571970	-0.017806	0.329192	
241.000000	133.000000	1.518329	0.388694	-0.003763	1.563487	-0.004757	0.292000	
241.000000	145.000000	1.539483	0.405794	0.015808	1.638431	0.017454	0.335831	
241.000000	157.000000	1.590324	0.389590	-0.001725	1.671294	-0.002826	0.293426	
241.000000	169.000000	1.811646	0.394787	0.005291	1.576897	-0.004266	0.315051	
241.000000	181.000000	1.690853	0.394099	0.006937	1.561060	0.000156	0.308638	
241.000000	193.000000	1.425929	0.405383	0.016942	1.826544	0.031861	0.331690	
241.000000	205.000000	1.732387	0.409989	0.014372	1.625625	0.001376	0.330684	
241.000000	217.000000	1.801304	0.412141	0.025372	1.645458	0.011195	0.336013	
241.000000	229.000000	1.626894	0.400795	0.011463	1.817909	0.009947	0.320870	
241.000000	241.000000	1.710017	0.406464	-0.000323	1.633229	-0.006391	0.339872	
241.000000	253.000000	1.660770	0.385115	0.000780	1.639095	0.004358	0.303926	
241.000000	265.000000	1.625190	0.395745	0.009547	1.707199	0.003444	0.317543	
241.000000	277.000000	1.647663	0.416001	-0.005985	1.588161	-0.026420	0.353173	
241.000000	289.000000	1.456681	0.417632	-0.010363	1.812325	-0.040677	0.365471	
241.000000	301.000000	1.520969	0.410730	0.016406	1.667760	0.009157	0.331632	
241.000000	313.000000	1.526581	0.392958	0.002990	1.685750	-0.000534	0.310688	
241.000000	325.000000	1.364198	0.390129	0.010661	1.622898	0.024059	0.323467	
241.000000	337.000000	1.401083	0.380690	-0.002959	1.426308	-0.000173	0.280591	
241.000000	349.000000	1.444341	0.382783	-0.002389	1.434999	0.000809	0.285153	
241.000000	361.000000	1.520894	0.386409	-0.006615	1.459954	0.002137	0.294558	
241.000000	373.000000	1.502463	0.397966	-0.004611	1.694381	0.001318	0.311205	
241.000000	385.000000	1.582223	0.408171	0.011949	1.733332	0.011636	0.343416	
241.000000	397.000000	1.472671	0.380478	0.002543	1.711476	-0.000903	0.300985	
241.000000	409.000000	1.546955	0.375510	-0.000372	1.672521	-0.006692	0.290605	
241.000000	421.000000	1.569810	0.369428	-0.001008	1.518377	-0.000440	0.290308	
241.000000	433.000000	1.429177	0.368956	-0.003294	1.515351	-0.015560	0.289278	
241.000000	445.000000	1.322530	0.376835	0.004000	1.436513	0.000596	0.282661	
241.000000	457.000000	1.424041	0.380739	-0.021511	1.364993	-0.006058	0.297400	
241.000000	469.000000	1.675112	0.394724	-0.045089	1.686819	-0.019086	0.333649	
253.000000	25.000000	1.264730	0.369476	0.002685	1.486805	0.005810	0.271708	
253.000000	37.000000	1.482717	0.390161	0.001386	1.621474	0.005366	0.292605	
253.000000	49.000000	1.605315	0.387939	0.000709	1.467436	0.004256	0.288298	
253.000000	61.000000	1.541191	0.393121	-0.001467	1.429481	0.000939	0.294823	
253.000000	73.000000	1.511650	0.386929	-0.002750	1.408925	-0.000776	0.288644	
253.000000	85.000000	1.323202	0.371226	-0.001167	1.269145	-0.002038	0.273550	
253.000000	97.000000	1.581620	0.372374	0.001719	1.290336	-0.001746	0.286927	
253.000000	109.000000	1.602664	0.374110	0.011147	1.366205	0.009419	0.300100	
253.000000	121.000000	1.655815	0.383168	0.002241	1.415350	0.009763	0.314222	
253.000000	133.000000	1.604848	0.395157	-0.002552	1.470139	0.007001	0.316796	
253.000000	145.000000	1.643325	0.407054	-0.000170	1.524095	0.006781	0.331624	
253.000000	157.000000	1.635158	0.394120	-0.006332	1.470615	0.004297	0.306621	
253.000000	169.000000	1.819434	0.393301	0.008564	1.482157	0.003580	0.313814	
253.000000	181.000000	1.952422	0.418728	-0.015643	1.623482	-0.026619	0.360979	
253.000000	193.000000	1.461532	0.409511	0.009574	1.816133	-0.005706	0.331830	
253.000000	205.000000	1.704976	0.422894	0.013953	1.777979	-0.002119	0.347535	
253.000000	217.000000	1.776682	0.422256	0.013087	1.869703	0.003719	0.357715	
253.000000	229.000000	1.781639	0.428686	0.051036	1.775561	0.038834	0.398296	
253.000000	241.000000	1.510382	0.410911	-0.006730	1.628208	-0.021316	0.342963	
253.000000	253.000000	1.617256	0.398112	0.020443	1.735086	0.017958	0.324990	
253.000000	265.000000	1.631838	0.400254	0.013679	1.739159	0.003736	0.315903	
253.000000	277.000000	1.635361	0.411577	0.006599	1.799284	0.001259	0.338413	
253.000000	289.000000	1.604406	0.434839	-0.023779	1.777282	0.014674	0.395652	
253.000000	301.000000	1.543508	0.418909	-0.002300	1.801997	-0.023461	0.346954	
253.000000	313.000000	1.571291	0.413964	0.031078	1.744184	0.043054	0.360070	
253.000000	325.000000	1.398868	0.376444	0.002050	1.629921	-0.000756	0.283203	
253.000000	337.000000	1.537650	0.380251	0.026122	1.556062	0.005216	0.299259	
253.000000	349.000000	1.461558	0.381312	-0.013032	1.570549	-0.019396	0.304412	
253.000000	361.000000	1.563112	0.405357	-0.029486	1.682416	-0.036280	0.342220	
253.000000	373.000000	1.530376	0.404060	-0.004301	1.673644	-0.014611	0.321448	
253.000000	385.000000	1.507750	0.411281	-0.025847	1.688154	-0.027920	0.342888	
253.000000	397.000000	1.494236	0.388515	-0.000862	1.622021	-0.010152	0.305182	
253.000000	409.000000	1.553520	0.382572	0.012719	1.509731	0.006559	0.299340	
253.000000	421.000000	1.731587	0.393475	0.032324	1.851527	0.027673	0.354410	
253.000000	433.000000	1.279022	0.371136	0.002968	1.756526	0.003803	0.277460	
253.000000	445.000000	1.416143	0.376281	0.003850	1.604213	0.000376	0.286647	
253.000000	457.000000	1.466283	0.383165	0.002341	1.729125	-0.007648	0.307553	
253.000000	469.000000	1.832095	0.405008	-0.008033	1.742616	0.005097	0.358101	
265.000000	25.000000	1.299899	0.382786	-0.010357	1.514195	-0.005962	0.284170	
265.000000	37.000000	1.563540	0.412100	-0.022229	1.731618	-0.051167	0.343670	
265.000000	49.000000	1.505075	0.417377	-0.041119	1.680650	-0.042212	0.353384	
265.000000	61.000000	1.590425	0.398200	-0.006189	1.630364	-0.002394	0.307509	
265.000000	73.000000	1.573353	0.381906	-0.001763	1.630168	-0.002244	0.287308	
265.000000	85.000000	1.374208	0.375610	0.026347	1.521459	0.014636	0.301077	
265.000000	97.000000	1.562931	0.363586	-0.000688	1.471835	-0.002447	0.272199	
265.000000	109.000000	1.395561	0.361339	-0.001126	1.311337	-0.002412	0.256435	
265.000000	121.000000	1.573926	0.366288	0.002462	1.266438	0.001694	0.278724	
265.000000	133.000000	1.624668	0.378988	0.003135	1.321052	0.005380	0.284311	
265.000000	145.000000	1.618654	0.396495	0.001830	1.482048	0.005473	0.307722	
265.000000	157.000000	1.403910	0.392526	0.010378	1.495599	0.009274	0.292360	
265.000000	169.000000	1.810723	0.403954	0.019483	1.642801	0.005177	0.328519	
265.000000	181.000000	2.199220	0.414188	-0.015972	1.861095	-0.006378	0.360755	
265.000000	193.000000	1.594640	0.427826	-0.040342	2.021599	-0.034893	0.372268	
265.000000	205.000000	1.625597	0.411156	0.009023	2.012447	-0.011677	0.333914	
265.000000	217.000000	1.833755	0.414877	0.003978	2.084507	-0.002074	0.361031	
265.000000	229.000000	1.904171	0.430994	0.038180	1.935280	0.034949	0.390357	
265.000000	241.000000	1.661164	0.405105	0.017208	1.599892	0.001800	0.330989	
265.000000	253.000000	1.671694	0.405530	0.006040	1.502603	0.004752	0.322783	
265.000000	265.000000	1.528055	0.397093	0.001160	1.396733	-0.003606	0.297156	
265.000000	277.000000	1.663260	0.398743	-0.000236	1.409297	0.000233	0.307538	
265.000000	289.000000	1.455671	0.389251	-0.002589	1.506027	-0.003746	0.295641	
265.000000	301.000000	1.419140	0.394550	-0.008079	1.606056	-0.003484	0.294952	
265.000000	313.000000	1.367977	0.392023	0.000399	1.559989	-0.004944	0.289516	
265.000000	325.000000	1.440289	0.377842	-0.000067	1.531153	-0.000536	0.282758	
265.000000	337.000000	1.360636	0.372547	-0.000133	1.392191	0.000204	0.267129	
265.000000	349.000000	1.464333	0.372265	-0.002528	1.448159	-0.000868	0.277929	
265.000000	361.000000	1.427412	0.381135	-0.003692	1.565972	0.001097	0.297774	
265.000000	373.000000	1.546458	0.385795	-0.009722	1.563854	-0.009817	0.298778	
265.000000	385.000000	1.416099	0.393267	-0.007151	1.635521	-0.010922	0.302331	
265.000000	397.000000	1.513251	0.389904	-0.008956	1.505694	-0.015001	0.304259	
265.000000	409.000000	1.530575	0.386187	-0.021754	1.452760	-0.004046	0.292438	
265.000000	421.000000	1.669994	0.386153	-0.008369	1.484416	0.004882	0.298930	
265.000000	433.000000	1.430639	0.388490	-0.001291	1.390375	0.007221	0.291418	
265.000000	445.000000	1.417070	0.387030	-0.000578	1.360107	0.002239	0.284365	
265.000000	457.000000	1.491490	0.388909	-0.000256	1.395567	0.000780	0.294906	
265.000000	469.000000	1.709554	0.392759	0.002607	1.514988	-0.004481	0.302144	
277.000000	25.000000	1.297809	0.383909	-0.013450	1.327874	-0.006464	0.280096	
277.000000	37.000000	1.544817	0.399100	-0.011631	1.468727	-0.007347	0.306850	
277.000000	49.000000	1.400363	0.410350	-0.007978	1.582479	-0.014165	0.326600	
277.000000	61.000000	1.581673	0.404835	-0.001129	1.630666	-0.006790	0.329753	
277.000000	73.000000	1.654072	0.395081	-0.001497	1.615308	-0.012185	0.322584	
277.000000	85.000000	1.412868	0.380267	0.010251	1.576122	0.001870	0.296770	
277.000000	97.000000	1.526904	0.367959	-0.000207	1.462543	0.002053	0.271629	
277.000000	109.000000	1.448663	0.366988	-0.000030	1.529983	0.001739	0.276110	
277.000000	121.000000	1.498700	0.369346	0.008315	1.534341	0.013274	0.295878	
277.000000	133.000000	1.659238	0.385505	0.020923	1.557520	0.038352	0.319401	
277.000000	145.000000	1.572238	0.387895	0.003700	1.697365	0.006066	0.300198	
277.000000	157.000000	1.379698	0.386430	0.005734	1.491244	0.006468	0.284228	
277.000000	169.000000	1.663245	0.395983	0.012533	1.682569	0.007571	0.319677	
277.000000	181.000000	2.127714	0.426332	0.004848	1.804793	-0.006250	0.394901	
277.000000	193.000000	1.488828	0.409408	0.008675	1.642370	-0.013996	0.328412	
277.000000	205.000000	1.548762	0.418068	0.026665	1.668063	0.008775	0.350321	
277.000000	217.000000	1.724498	0.410782	-0.003002	1.579840	-0.013677	0.322001	
277.000000	229.000000	1.774604	0.435989	-0.002529	1.705413	-0.007624	0.396637	
277.000000	241.000000	1.653206	0.402836	-0.005298	1.564711	-0.004891	0.310972	
277.000000	253.000000	1.653596	0.403681	-0.007827	1.703420	-0.027253	0.323214	
277.000000	265.000000	1.374169	0.398411	0.002406	1.655489	0.002095	0.309367	
277.000000	277.000000	1.646990	0.405034	-0.017263	1.681551	-0.025654	0.341644	
277.000000	289.000000	1.471824	0.387193	-0.002136	1.588276	0.004313	0.313815	
277.000000	301.000000	1.391217	0.386316	-0.009361	1.591183	-0.002694	0.294649	
277.000000	313.000000	1.487076	0.386933	-0.002145	1.561784	-0.006880	0.289339	
277.000000	325.000000	1.453660	0.380960	0.001570	1.514544	-0.001311	0.286591	
277.000000	337.000000	1.375631	0.376313	-0.000240	1.641872	0.000044	0.275713	
277.000000	349.000000	1.492850	0.392807	0.034594	1.672557	0.018745	0.315091	
277.000000	361.000000	1.594953	0.395309	-0.024811	1.721027	-0.025548	0.319907	
277.000000	373.000000	1.515787	0.387625	-0.008182	1.771394	-0.012046	0.295870	
277.000000	385.000000	1.473898	0.395907	-0.007220	1.623107	-0.012285	0.298834	
277.000000	397.000000	1.661605	0.423435	-0.066115	1.615758	-0.063019	0.379618	
277.000000	409.000000	1.587642	0.414534	0.007599	1.631037	0.034990	0.362000	
277.000000	421.000000	1.641676	0.404754	-0.013186	1.596403	0.002973	0.333084	
277.000000	433.000000	1.500794	0.405092	-0.000646	1.610099	0.007979	0.328835	
277.000000	445.000000	1.473756	0.396323	-0.007822	1.557781	0.001941	0.327756	
277.000000	457.000000	1.716296	0.395259	-0.021549	1.478987	-0.000944	0.320284	
277.000000	469.000000	1.811375	0.395976	0.004527	1.525194	-0.002485	0.321373	
289.000000	25.000000	1.614282	0.406719	-0.033664	1.552699	-0.011069	0.327391	
289.000000	37.000000	1.748812	0.422370	-0.004972	1.679602	-0.003757	0.343154	
289.000000	49.000000	1.584625	0.430593	-0.002064	1.770905	-0.004509	0.349529	
289.000000	61.000000	1.698111	0.419497	0.000718	1.672930	-0.003172	0.337518	
289.000000	73.000000	1.874113	0.428132	-0.004813	1.810411	-0.048732	0.392166	
289.000000	85.000000	1.571023	0.398938	0.012072	1.634683	-0.002753	0.314154	
289.000000	97.000000	1.626701	0.389141	0.024738	1.569531	0.003764	0.307903	
289.000000	109.000000	1.446838	0.382449	0.003962	1.752904	-0.000327	0.292886	
289.000000	121.000000	1.709244	0.391502	0.026690	1.628639	0.020828	0.337999	
289.000000	133.000000	1.748881	0.377377	-0.000111	1.579349	0.000511	0.298258	
289.000000	145.000000	1.581426	0.392987	-0.000093	1.656797	0.001616	0.310732	
289.000000	157.000000	1.389727	0.391553	0.001469	1.530517	0.001191	0.305874	
289.000000	169.000000	1.661403	0.394206	0.007566	1.580808	0.002115	0.314012	
289.000000	181.000000	2.057564	0.394612	0.001506	1.592164	-0.005597	0.328350	
289.000000	193.000000	1.443271	0.395233	-0.000711	1.635191	-0.012743	0.321043	
289.000000	205.000000	1.386384	0.385383	-0.003055	1.477122	-0.012272	0.295797	
289.000000	217.000000	1.615099	0.397781	-0.012004	1.480023	-0.015132	0.314025	
289.000000	229.000000	1.661130	0.403652	-0.022962	1.658874	-0.012590	0.340529	
289.000000	241.000000	1.620141	0.393158	-0.005039	1.584572	-0.005986	0.304288	
289.000000	253.000000	1.559631	0.400456	-0.004505	1.611271	-0.004896	0.306632	
289.000000	265.000000	1.358443	0.387828	0.001092	1.757626	-0.009620	0.302205	
289.000000	277.000000	1.693554	0.392859	0.044501	1.632973	0.015543	0.332089	
289.000000	289.000000	1.567475	0.381324	-0.001548	1.696662	-0.008889	0.313666	
289.000000	301.000000	1.332603	0.380008	-0.006947	1.799163	-0.013619	0.299015	
289.000000	313.000000	1.591617	0.398950	-0.011200	1.747557	-0.015200	0.321440	
289.000000	325.000000	1.618521	0.414360	-0.046171	1.835095	-0.019168	0.369287	
289.000000	337.000000	1.467554	0.393150	0.000265	1.608116	0.001624	0.308150	
289.000000	349.000000	1.564201	0.397081	0.002272	1.496605	0.003514	0.313000	
289.000000	361.000000	1.845435	0.395694	-0.001451	1.515636	-0.005778	0.306661	
289.000000	373.000000	1.460682	0.392337	-0.006574	1.485379	-0.008253	0.294976	
289.000000	385.000000	1.541378	0.390490	-0.007254	1.565124	-0.009270	0.295139	
289.000000	397.000000	1.563512	0.394335	-0.017780	1.674192	-0.019124	0.313956	
289.000000	409.000000	1.659787	0.393894	-0.002770	1.677363	-0.008012	0.330777	
289.000000	421.000000	1.523116	0.401630	-0.005794	1.654844	0.008548	0.320975	
289.000000	433.000000	1.488008	0.406746	-0.003750	1.579173	0.006375	0.326155	
289.000000	445.000000	1.413668	0.388684	-0.005465	1.386982	-0.003392	0.298570	
289.000000	457.000000	1.669032	0.394869	0.031658	1.431428	0.007560	0.312926	
289.000000	469.000000	1.770572	0.401098	0.028989	1.646505	0.023613	0.337557	
301.000000	25.000000	1.595569	0.399394	-0.006778	1.532423	-0.006197	0.303530	
301.000000	37.000000	1.746197	0.411036	-0.009099	1.511658	-0.009181	0.330071	
301.000000	49.000000	1.534970	0.421545	-0.002723	1.467074	-0.007597	0.326818	
301.000000	61.000000	1.584845	0.413130	0.001161	1.439420	-0.005827	0.321806	
301.000000	73.000000	1.749527	0.412784	0.007010	1.472948	-0.006497	0.335400	
301.000000	85.000000	1.570706	0.403890	0.010094	1.608830	-0.003636	0.310099	
301.000000	97.000000	1.677999	0.401590	-0.025253	1.566048	-0.017072	0.321542	
301.000000	109.000000	1.448964	0.391547	0.004105	1.631410	0.000665	0.294862	
301.000000	121.000000	1.590829	0.380804	-0.000733	1.581747	0.004178	0.292231	
301.000000	133.000000	1.764292	0.388725	-0.046247	1.522425	-0.018207	0.333613	
301.000000	145.000000	1.595513	0.403711	0.013020	1.762787	0.043600	0.350338	
301.000000	157.000000	1.341904	0.386794	-0.002165	1.571054	-0.003772	0.294936	
301.000000	169.000000	1.555609	0.397165	0.003285	1.623043	-0.002485	0.316539	
301.000000	181.000000	1.984708	0.438669	0.063099	1.718217	0.057291	0.429244	
301.000000	193.000000	1.370807	0.385648	-0.001489	1.522404	-0.011857	0.294318	
301.000000	205.000000	1.322604	0.374810	-0.001676	1.474127	-0.010152	0.275840	
301.000000	217.000000	1.581191	0.386437	-0.005751	1.687062	-0.014821	0.301335	
301.000000	229.000000	1.637535	0.415151	-0.028585	1.721747	-0.029946	0.361361	
301.000000	241.000000	1.679512	0.408910	0.028527	1.803618	0.017683	0.347731	
301.000000	253.000000	1.471092	0.401155	-0.009001	1.838507	-0.008992	0.312704	
301.000000	265.000000	1.355865	0.387473	0.001359	1.651327	0.007467	0.303925	
301.000000	277.000000	1.489076	0.370620	-0.003303	1.554108	-0.005947	0.282802	
301.000000	289.000000	1.575971	0.394811	-0.030781	1.509768	-0.009635	0.343146	
301.000000	301.000000	1.329026	0.376814	0.000736	1.482512	-0.006664	0.276946	
301.000000	313.000000	1.605543	0.398152	-0.008030	1.702864	-0.018983	0.321854	
301.000000	325.000000	1.560562	0.410158	-0.008204	1.746692	-0.010456	0.338498	
301.000000	337.000000	1.498355	0.416226	-0.012032	1.732205	-0.022035	0.351650	
301.000000	349.000000	1.639230	0.409748	-0.007780	1.678428	-0.002638	0.334992	
301.000000	361.000000	1.920968	0.392528	0.021737	1.621608	0.005016	0.308589	
301.000000	373.000000	1.467617	0.379021	0.001603	1.613037	0.001149	0.283407	
301.000000	385.000000	1.597817	0.388462	0.006885	1.744847	-0.028247	0.326458	
301.000000	397.000000	1.700260	0.403696	-0.063870	1.791328	-0.037261	0.346757	
301.000000	409.000000	1.597872	0.391181	-0.002594	1.814262	-0.002211	0.319244	
301.000000	421.000000	1.553928	0.415583	0.034184	1.963359	0.046186	0.366106	
301.000000	433.000000	1.678305	0.418985	0.006954	1.970051	0.017960	0.388347	
301.000000	445.000000	1.549623	0.412432	0.034016	1.749441	0.038033	0.365324	
301.000000	457.000000	1.558004	0.383508	0.004647	1.631981	-0.000378	0.304268	
301.000000	469.000000	1.607982	0.381923	-0.005473	1.643425	0.002132	0.305409	
313.000000	25.000000	1.591305	0.395108	0.002772	1.450155	0.006232	0.301489	
313.000000	37.000000	1.849317	0.425830	0.038732	1.608625	0.036178	0.375069	
313.000000	49.000000	1.506370	0.412233	0.003106	1.508879	-0.003067	0.324048	
313.000000	61.000000	1.629166	0.413577	0.006616	1.513222	-0.005275	0.338931	
313.000000	73.000000	1.715155	0.412695	0.009941	1.495950	-0.005195	0.333944	
313.000000	85.000000	1.870245	0.442529	-0.073307	1.651304	-0.042061	0.414142	
313.000000	97.000000	1.633661	0.398903	0.009672	1.584408	-0.001353	0.304080	
313.000000	109.000000	1.714935	0.405770	-0.001886	1.754393	-0.026981	0.332905	
313.000000	121.000000	1.584329	0.400607	-0.002149	1.767088	0.003533	0.320933	
313.000000	133.000000	1.835093	0.406382	0.043832	1.665235	0.016931	0.349850	
313.000000	145.000000	1.681877	0.404009	-0.004948	1.673982	-0.001547	0.315310	
313.000000	157.000000	1.497223	0.406974	0.026230	1.596567	0.015514	0.338187	
313.000000	169.000000	1.459469	0.391831	0.003794	1.467177	-0.002740	0.295406	
313.000000	181.000000	1.702812	0.400282	0.000540	1.589507	0.007741	0.343833	
313.000000	193.000000	1.395254	0.377021	0.001720	1.686341	0.025693	0.297570	
313.000000	205.000000	1.288684	0.364063	-0.000937	1.641128	0.005926	0.271824	
313.000000	217.000000	1.513701	0.376055	-0.002571	1.805620	-0.000040	0.288687	
313.000000	229.000000	1.446549	0.390427	-0.005125	1.816631	-0.025241	0.310266	
313.000000	241.000000	1.581475	0.393852	-0.015955	1.550406	-0.022837	0.318293	
313.000000	253.000000	1.491086	0.405506	-0.018148	1.647995	-0.049882	0.336368	
313.000000	265.000000	1.498350	0.380473	-0.002691	1.421329	-0.003731	0.286991	
313.000000	277.000000	1.379230	0.365842	-0.000277	1.450954	0.000522	0.267435	
313.000000	289.000000	1.455793	0.371185	0.001320	1.468681	0.000190	0.275310	
313.000000	301.000000	1.524166	0.393906	0.032711	1.454605	0.010760	0.318815	
313.000000	313.000000	1.584850	0.393520	-0.005060	1.481586	-0.006526	0.302939	
313.000000	325.000000	1.598390	0.407133	0.000720	1.427802	-0.005268	0.308594	
313.000000	337.000000	1.467901	0.407542	0.005066	1.455842	-0.004425	0.317751	
313.000000	349.000000	1.658401	0.398064	0.004559	1.504673	0.003353	0.315529	
313.000000	361.000000	1.969653	0.392177	0.010238	1.438342	0.004197	0.302311	
313.000000	373.000000	1.508967	0.407334	-0.006359	1.557319	-0.027704	0.336053	
313.000000	385.000000	1.527336	0.383407	0.004974	1.721360	0.001604	0.299038	
313.000000	397.000000	1.615145	0.391463	0.004454	1.656412	0.003496	0.304196	
313.000000	409.000000	1.672700	0.400124	0.000346	1.721910	-0.008130	0.333722	
313.000000	421.000000	1.511460	0.412453	0.031239	1.660113	0.043525	0.355720	
313.000000	433.000000	1.608347	0.422472	-0.014898	1.560184	-0.045880	0.366861	
313.000000	445.000000	1.466710	0.392752	0.001374	1.445339	-0.005197	0.306380	
313.000000	457.000000	1.516739	0.389418	0.006293	1.420675	-0.006717	0.295392	
313.000000	469.000000	1.427220	0.387971	0.004894	1.504039	-0.001613	0.300476	
325.000000	25.000000	1.523783	0.381265	0.003248	1.470397	0.004902	0.282541	
325.000000	37.000000	1.599395	0.384712	0.005012	1.424834	-0.000075	0.295332	
325.000000	49.000000	1.393558	0.382283	0.000403	1.502843	-0.002274	0.286163	
325.000000	61.000000	1.513495	0.387783	-0.005826	1.511174	-0.007195	0.308551	
325.000000	73.000000	1.557831	0.390468	0.004589	1.593964	0.001424	0.308387	
325.000000	85.000000	1.658038	0.403028	-0.003147	1.682061	-0.007742	0.320852	
325.000000	97.000000	1.704399	0.407063	0.004403	1.593418	-0.002178	0.312248	
325.000000	109.000000	1.780464	0.418679	0.001694	1.713456	-0.002900	0.336612	
325.000000	121.000000	1.749922	0.420334	-0.003342	1.624387	-0.000483	0.342807	
325.000000	133.000000	1.733642	0.406122	0.000367	1.475596	0.002207	0.323424	
325.000000	145.000000	1.778586	0.414943	-0.006025	1.540674	-0.002246	0.339030	
325.000000	157.000000	1.582277	0.407591	-0.002201	1.442831	-0.001117	0.322538	
325.000000	169.000000	1.640562	0.406386	0.003989	1.535858	-0.012982	0.331457	
325.000000	181.000000	1.684104	0.404246	-0.000940	1.589114	0.000601	0.325996	
325.000000	193.000000	1.587477	0.393752	-0.001801	1.676135	0.003141	0.308358	
325.000000	205.000000	1.495361	0.384490	0.006236	1.711439	0.006509	0.294738	
325.000000	217.000000	1.766325	0.401597	0.005882	1.798058	0.016326	0.336604	
325.000000	229.000000	1.603868	0.401584	-0.000966	1.767979	-0.001470	0.321440	
325.000000	241.000000	1.599358	0.409720	0.005697	1.689271	-0.010509	0.336721	
325.000000	253.000000	1.555787	0.405661	-0.012420	1.793879	-0.013592	0.323429	
325.000000	265.000000	1.671019	0.405522	0.031181	1.695158	0.010197	0.346509	
325.000000	277.000000	1.425463	0.375142	-0.003082	1.573047	-0.005710	0.278545	
325.000000	289.000000	1.470889	0.378122	0.002059	1.586769	0.014517	0.290271	
325.000000	301.000000	1.661482	0.380331	0.005695	1.455076	-0.004676	0.289866	
325.000000	313.000000	1.457417	0.394680	0.005879	1.628006	-0.001444	0.312924	
325.000000	325.000000	1.603775	0.404761	0.006056	1.605900	-0.005145	0.317888	
325.000000	337.000000	1.478017	0.408166	0.006172	1.636844	-0.011660	0.336084	
325.000000	349.000000	1.641590	0.396759	0.005628	1.495272	0.004068	0.315192	
325.000000	361.000000	1.881111	0.401788	0.049896	1.402072	0.020064	0.332495	
325.000000	373.000000	1.494101	0.389556	0.007931	1.486810	0.005051	0.298207	
325.000000	385.000000	1.487444	0.388125	0.003680	1.493485	0.005807	0.293288	
325.000000	397.000000	1.635262	0.402404	0.024444	1.538580	0.009726	0.319649	
325.000000	409.000000	1.582941	0.416493	-0.035262	1.753559	-0.035432	0.365707	
325.000000	421.000000	1.485174	0.385685	0.000977	1.618648	0.004244	0.299683	
325.000000	433.000000	1.752588	0.395497	-0.005257	1.654960	-0.004912	0.312530	
325.000000	445.000000	1.490857	0.390851	0.002688	1.643101	-0.008032	0.310580	
325.000000	457.000000	1.531837	0.428501	-0.014807	1.609756	-0.026604	0.385437	
325.000000	469.000000	1.414137	0.402042	0.005416	1.535996	-0.005492	0.310653	
337.000000	25.000000	1.527366	0.395719	-0.001798	1.679686	-0.030156	0.338190	
337.000000	37.000000	1.539179	0.381971	-0.000835	1.680738	-0.004534	0.292565	
337.000000	49.000000	1.309768	0.384123	-0.008597	1.693476	-0.012117	0.300355	
337.000000	61.000000	1.457422	0.391682	-0.005975	1.625278	-0.005960	0.314010	
337.000000	73.000000	1.609515	0.410353	0.026068	1.797355	0.061609	0.368644	
337.000000	85.000000	1.573911	0.392730	-0.004001	1.672841	-0.003442	0.305281	
337.000000	97.000000	1.671455	0.406789	-0.005015	1.653353	-0.004553	0.317128	
337.000000	109.000000	1.728740	0.413095	0.002567	1.803703	0.001170	0.329848	
337.000000	121.000000	1.710531	0.450431	-0.064710	1.833896	-0.052686	0.420139	
337.000000	133.000000	1.600600	0.403425	0.002336	1.637476	0.005493	0.320300	
337.000000	145.000000	1.678979	0.398967	-0.000383	1.698708	0.003210	0.320957	
337.000000	157.000000	1.574399	0.396561	0.000546	1.666493	0.004287	0.311649	
337.000000	169.000000	1.714233	0.409703	0.024775	1.650893	0.004390	0.356438	
337.000000	181.000000	1.692572	0.413075	-0.002742	1.609839	0.002185	0.335032	
337.000000	193.000000	1.694173	0.416684	0.000286	1.715264	0.006199	0.344335	
337.000000	205.000000	1.696798	0.412115	0.013860	1.604157	0.015384	0.334741	
337.000000	217.000000	1.870515	0.408621	0.000823	1.577622	0.005397	0.323931	
337.000000	229.000000	1.664028	0.415950	0.002279	1.693804	0.006601	0.344611	
337.000000	241.000000	1.700005	0.411283	-0.003293	1.565568	-0.001055	0.327905	
337.000000	253.000000	1.647884	0.411935	-0.011139	1.641795	-0.010689	0.326717	
337.000000	265.000000	1.627244	0.399555	-0.006580	1.593848	-0.007875	0.318000	
337.000000	277.000000	1.444301	0.386389	-0.001887	1.452540	-0.009703	0.297349	
337.000000	289.000000	1.539242	0.376490	0.000752	1.414029	-0.005149	0.287246	
337.000000	301.000000	1.687981	0.383359	0.005491	1.484279	0.003817	0.301861	
337.000000	313.000000	1.363058	0.387447	0.005757	1.581744	0.001683	0.297256	
337.000000	325.000000	1.599098	0.389475	0.007414	1.683212	-0.005613	0.304618	
337.000000	337.000000	1.544201	0.395567	-0.001815	1.706976	-0.023013	0.324927	
337.000000	349.000000	1.527422	0.382432	0.002762	1.592616	-0.003651	0.291236	
337.000000	361.000000	1.634433	0.391225	-0.008092	1.550086	0.006608	0.308334	
337.000000	373.000000	1.571029	0.387056	-0.000554	1.572997	0.003218	0.299537	
337.000000	385.000000	1.487766	0.403669	-0.000951	1.696788	0.023238	0.330579	
337.000000	397.000000	1.497977	0.400747	0.002469	1.753946	0.000544	0.320282	
337.000000	409.000000	1.417230	0.399258	-0.004673	1.818197	-0.002703	0.317471	
337.000000	421.000000	1.575868	0.386715	0.000342	1.707572	0.002619	0.299707	
337.000000	433.000000	1.768263	0.396443	0.000106	1.750032	-0.001529	0.315898	
337.000000	445.000000	1.685153	0.398387	0.002502	1.526377	-0.000262	0.311189	
337.000000	457.000000	1.472601	0.404998	0.001293	1.475221	-0.004471	0.311003	
337.000000	469.000000	1.413952	0.414758	0.002325	1.433229	-0.007773	0.319194	
349.000000	25.000000	1.449275	0.384294	-0.000918	1.399957	0.004340	0.300716	
349.000000	37.000000	1.592965	0.406429	-0.039566	1.445676	-0.040012	0.338302	
349.000000	49.000000	1.374931	0.377759	-0.007624	1.382713	-0.004603	0.286358	
349.000000	61.000000	1.450073	0.391023	-0.008155	1.571773	-0.005690	0.308544	
349.000000	73.000000	1.568688	0.382939	-0.005324	1.613554	0.000228	0.291263	
349.000000	85.000000	1.771799	0.392344	0.003733	1.730538	-0.002514	0.322453	
349.000000	97.000000	1.769918	0.416118	0.031798	1.796313	0.014284	0.354333	
349.000000	109.000000	1.726261	0.409899	-0.001878	1.734975	-0.000143	0.329261	
349.000000	121.000000	1.593782	0.419089	-0.004396	1.695164	0.000242	0.344808	
349.000000	133.000000	1.644469	0.413086	0.012755	1.613084	0.026143	0.341564	
349.000000	145.000000	1.626541	0.417553	-0.034735	1.773501	-0.031588	0.363800	
349.000000	157.000000	1.565462	0.392111	-0.001117	1.711080	0.007047	0.308908	
349.000000	169.000000	1.638144	0.400527	0.002486	1.791249	0.006920	0.326616	
349.000000	181.000000	1.637031	0.420864	-0.016181	1.779558	-0.037186	0.357776	
349.000000	193.000000	1.710271	0.431068	-0.020187	1.631521	-0.017330	0.357033	
349.000000	205.000000	1.675913	0.413553	0.006295	1.570562	0.004169	0.318864	
349.000000	217.000000	1.893682	0.411294	0.004351	1.759236	-0.025004	0.349393	
349.000000	229.000000	1.565791	0.412568	-0.001511	1.705161	0.004847	0.326527	
349.000000	241.000000	1.830907	0.416667	-0.009367	1.873336	-0.008995	0.350511	
349.000000	253.000000	1.681047	0.413754	-0.015073	1.857139	-0.004512	0.334686	
349.000000	265.000000	1.675649	0.409266	0.008284	1.655970	0.011793	0.336730	
349.000000	277.000000	1.448608	0.388642	-0.003368	1.548491	-0.004966	0.293400	
349.000000	289.000000	1.413761	0.372348	-0.000743	1.344542	-0.006217	0.272308	
349.000000	301.000000	1.652238	0.371644	0.002271	1.321734	-0.001268	0.275034	
349.000000	313.000000	1.296621	0.378599	0.003804	1.510017	0.009154	0.286434	
349.000000	325.000000	1.496107	0.385805	-0.012998	1.530155	-0.016901	0.295903	
349.000000	337.000000	1.555653	0.385178	-0.000537	1.622798	-0.002234	0.295264	
349.000000	349.000000	1.495114	0.385989	-0.002932	1.611963	-0.000889	0.292997	
349.000000	361.000000	1.609556	0.390448	-0.019460	1.494972	0.004153	0.306678	
349.000000	373.000000	1.524713	0.391990	-0.002791	1.514966	0.012845	0.310106	
349.000000	385.000000	1.678102	0.421334	0.036201	1.644148	0.029622	0.363699	
349.000000	397.000000	1.505017	0.427441	0.019176	1.781243	0.027526	0.372010	
349.000000	409.000000	1.488322	0.408208	-0.003479	1.842500	-0.000576	0.326495	
349.000000	421.000000	1.557508	0.398106	0.001947	1.820257	0.004789	0.317905	
349.000000	433.000000	1.803575	0.422203	-0.031564	1.826038	-0.024857	0.379112	
349.000000	445.000000	1.646887	0.399808	-0.004820	1.804039	-0.028485	0.324073	
349.000000	457.000000	1.479339	0.406611	-0.002869	1.592610	-0.004059	0.316423	
349.000000	469.000000	1.411752	0.410805	-0.002480	1.700087	-0.007543	0.318232	
361.000000	25.000000	1.395372	0.370184	-0.007446	1.472856	-0.000854	0.278782	
361.000000	37.000000	1.419740	0.371645	-0.007404	1.393831	-0.001915	0.279515	
361.000000	49.000000	1.385144	0.374470	-0.007859	1.315951	0.000171	0.274706	
361.000000	61.000000	1.380193	0.389544	-0.006348	1.415324	0.000259	0.297342	
361.000000	73.000000	1.541012	0.390060	-0.010581	1.427091	-0.018934	0.305211	
361.000000	85.000000	1.723397	0.404280	0.011525	1.662142	0.030767	0.336123	
361.000000	97.000000	1.664958	0.399854	-0.001287	1.705429	0.004241	0.317012	
361.000000	109.000000	1.545777	0.421015	0.016317	1.937726	0.049034	0.360569	
361.000000	121.000000	1.584532	0.412698	0.003648	2.021584	0.025579	0.347827	
361.000000	133.000000	1.537531	0.413697	-0.018683	1.886387	-0.024111	0.357677	
361.000000	145.000000	1.469505	0.396815	0.000574	1.874299	0.013059	0.328583	
361.000000	157.000000	1.522145	0.390802	-0.022931	1.747400	0.007857	0.322461	
361.000000	169.000000	1.761048	0.404132	0.006894	1.699503	0.018110	0.341021	
361.000000	181.000000	1.729792	0.408234	0.023567	1.747551	0.018234	0.338189	
361.000000	193.000000	1.638168	0.422459	0.000505	1.758797	0.007453	0.338694	
361.000000	205.000000	1.759188	0.433150	0.003027	1.790794	0.003478	0.352812	
361.000000	217.000000	1.948918	0.422137	0.011356	1.738705	0.005146	0.355945	
361.000000	229.000000	1.689583	0.424331	-0.001551	1.706840	-0.014733	0.366964	
361.000000	241.000000	1.787472	0.417634	0.002439	1.684039	0.009556	0.338802	
361.000000	253.000000	1.670441	0.431182	0.007933	1.739961	0.048220	0.367481	
361.000000	265.000000	1.557562	0.405180	-0.008576	1.627300	-0.001547	0.313846	
361.000000	277.000000	1.476266	0.396553	-0.002780	1.677219	0.000167	0.307257	
361.000000	289.000000	1.480589	0.373753	-0.001779	1.542135	-0.005408	0.288954	
361.000000	301.000000	1.580891	0.376566	-0.029286	1.457427	-0.014461	0.303776	
361.000000	313.000000	1.313404	0.370034	0.001043	1.420444	0.000928	0.274347	
361.000000	325.000000	1.380402	0.369134	0.001572	1.317608	0.000379	0.261362	
361.000000	337.000000	1.608369	0.383594	0.002668	1.384314	-0.000888	0.285087	
361.000000	349.000000	1.397487	0.391539	-0.001119	1.491394	-0.002486	0.293902	
361.000000	361.000000	1.484596	0.386244	-0.004268	1.463104	-0.000155	0.281550	
361.000000	373.000000	1.534669	0.408043	0.032776	1.612798	0.033898	0.348004	
361.000000	385.000000	1.649144	0.396707	0.004921	1.719520	0.011467	0.318977	
361.000000	397.000000	1.524674	0.395971	-0.000313	1.607121	0.002224	0.301395	
361.000000	409.000000	1.435215	0.401899	0.002820	1.718115	0.004541	0.311223	
361.000000	421.000000	1.566927	0.409724	-0.028457	1.686520	-0.014760	0.343475	
361.000000	433.000000	1.754192	0.407068	0.014616	1.675936	0.051007	0.351895	
361.000000	445.000000	1.592548	0.388389	-0.000411	1.590381	0.007963	0.302965	
361.000000	457.000000	1.428395	0.386249	-0.002060	1.488373	0.003195	0.297462	
361.000000	469.000000	1.429369	0.417133	-0.029624	1.592572	-0.048666	0.357437	
373.000000	25.000000	1.577930	0.386145	-0.003785	1.432403	0.000186	0.313302	
373.000000	37.000000	1.558865	0.386658	-0.002363	1.609088	0.003246	0.307373	
373.000000	49.000000	1.540843	0.395842	0.019950	1.582462	0.013621	0.320097	
373.000000	61.000000	1.449967	0.409797	0.002976	1.675446	0.008136	0.317932	
373.000000	73.000000	1.871470	0.404641	-0.003253	1.747346	0.000133	0.326386	
373.000000	85.000000	1.656284	0.392947	-0.000713	1.506791	-0.001480	0.290333	
373.000000	97.000000	1.648893	0.395481	0.000520	1.486049	-0.001645	0.296135	
373.000000	109.000000	1.393370	0.404179	-0.006669	1.508671	-0.013665	0.312144	
373.000000	121.000000	1.528944	0.393810	-0.002515	1.395367	0.000547	0.308945	
373.000000	133.000000	1.588561	0.401509	-0.007567	1.420052	0.002520	0.318378	
373.000000	145.000000	1.601316	0.410467	-0.007221	1.571392	-0.020415	0.353526	
373.000000	157.000000	1.476226	0.389619	0.003904	1.562506	0.007418	0.296173	
373.000000	169.000000	1.718443	0.422769	0.034554	1.789730	0.058278	0.384362	
373.000000	181.000000	1.670197	0.399825	-0.002651	1.705924	0.011171	0.332874	
373.000000	193.000000	1.606300	0.432134	0.009903	1.842879	0.024864	0.387401	
373.000000	205.000000	1.673568	0.421119	-0.007446	1.815674	-0.007180	0.355230	
373.000000	217.000000	1.891337	0.415068	-0.002239	1.774219	0.011058	0.365247	
373.000000	229.000000	1.522427	0.412368	-0.000238	1.881925	-0.004926	0.331584	
373.000000	241.000000	1.783042	0.410265	0.008512	1.845975	0.006835	0.328093	
373.000000	253.000000	1.482415	0.406155	-0.004784	1.736751	0.005256	0.314544	
373.000000	265.000000	1.497337	0.402372	-0.003577	1.786953	-0.022800	0.328225	
373.000000	277.000000	1.360641	0.384923	-0.000727	1.491027	0.001173	0.285662	
373.000000	289.000000	1.471907	0.370249	-0.007388	1.373588	-0.003205	0.287141	
373.000000	301.000000	1.339377	0.366024	0.002781	1.253327	0.000793	0.263767	
373.000000	313.000000	1.363190	0.371445	-0.000333	1.375562	0.000420	0.271404	
373.000000	325.000000	1.425393	0.378916	-0.002115	1.552600	-0.000207	0.281195	
373.000000	337.000000	1.771325	0.402457	-0.007938	1.665260	-0.008438	0.325280	
373.000000	349.000000	1.487393	0.412053	-0.006469	1.770656	-0.010147	0.325291	
373.000000	361.000000	1.600802	0.409778	-0.006815	1.743137	-0.002393	0.322384	
373.000000	373.000000	1.592641	0.412296	-0.005734	1.611509	-0.007769	0.328145	
373.000000	385.000000	1.736310	0.400628	-0.000037	1.714012	-0.000493	0.318169	
373.000000	397.000000	1.487878	0.394573	-0.003266	1.580803	-0.003040	0.297530	
373.000000	409.000000	1.429358	0.396366	-0.000133	1.581807	0.004966	0.299507	
373.000000	421.000000	1.453535	0.387179	-0.001118	1.617485	0.002211	0.296483	
373.000000	433.000000	1.538093	0.383399	-0.002318	1.477270	0.004649	0.303117	
373.000000	445.000000	1.537694	0.377460	-0.001650	1.527797	0.003744	0.284667	
373.000000	457.000000	1.377381	0.389561	0.015581	1.624606	0.035863	0.314399	
373.000000	469.000000	1.331001	0.381165	-0.001911	1.537469	0.001980	0.285653	
385.000000	25.000000	1.512634	0.397256	0.036959	1.362436	0.039189	0.329340	
385.000000	37.000000	1.595039	0.380698	-0.003938	1.370471	0.005452	0.294069	
385.000000	49.000000	1.556754	0.393372	-0.002264	1.456988	0.012569	0.300698	
385.000000	61.000000	1.506334	0.402926	0.004080	1.488492	0.012365	0.303454	
385.000000	73.000000	1.929369	0.413424	-0.033692	1.528559	-0.005035	0.342599	
385.000000	85.000000	1.639062	0.397433	0.002275	1.445954	-0.000049	0.295173	
385.000000	97.000000	1.635009	0.389202	0.003339	1.440646	-0.001111	0.289862	
385.000000	109.000000	1.354774	0.396047	0.002638	1.465385	-0.000477	0.292694	
385.000000	121.000000	1.587556	0.395327	0.005140	1.628311	0.026065	0.314409	
385.000000	133.000000	1.576695	0.400143	0.001177	1.616457	0.003411	0.310879	
385.000000	145.000000	1.647936	0.403314	0.004536	1.545141	0.005368	0.310606	
385.000000	157.000000	1.613811	0.393724	0.000475	1.524919	0.009209	0.307421	
385.000000	169.000000	1.542990	0.410121	-0.013761	1.587551	-0.001611	0.327067	
385.000000	181.000000	1.598807	0.387457	-0.003307	1.496050	0.007379	0.287791	
385.000000	193.000000	1.612888	0.393026	-0.001044	1.699892	0.007019	0.303444	
385.000000	205.000000	1.608201	0.394095	0.003688	1.684933	0.002508	0.303284	
385.000000	217.000000	1.521784	0.381164	0.005769	1.631185	-0.002690	0.295624	
385.000000	229.000000	1.592968	0.392850	0.005660	1.667389	-0.002188	0.299204	
385.000000	241.000000	1.677555	0.398081	0.009163	1.535168	0.001655	0.307649	
385.000000	253.000000	1.354948	0.391444	0.009053	1.490770	0.009239	0.293913	
385.000000	265.000000	1.435966	0.388169	0.005003	1.477680	0.002092	0.293182	
385.000000	277.000000	1.382005	0.380512	0.008477	1.480153	0.007063	0.288205	
385.000000	289.000000	1.281578	0.368371	0.001246	1.407111	0.002803	0.267657	
385.000000	301.000000	1.456363	0.372641	0.001206	1.428565	0.002560	0.272959	
385.000000	313.000000	1.487672	0.386097	-0.003605	1.630356	0.001388	0.295154	
385.000000	325.000000	1.516231	0.394900	-0.008527	1.623193	0.001746	0.296480	
385.000000	337.000000	1.710310	0.416787	-0.002730	1.720492	-0.004988	0.333841	
385.000000	349.000000	1.669487	0.429711	-0.030449	1.760299	-0.014012	0.356346	
385.000000	361.000000	1.723534	0.420460	-0.008628	1.685391	-0.009512	0.340178	
385.000000	373.000000	1.576304	0.414398	-0.001448	1.641829	-0.006304	0.332316	
385.000000	385.000000	1.778815	0.405023	-0.012902	1.707528	-0.011056	0.350985	
385.000000	397.000000	1.543532	0.406151	0.007242	1.822681	0.027156	0.337096	
385.000000	409.000000	1.539585	0.398932	-0.003990	1.818284	-0.026885	0.330491	
385.000000	421.000000	1.395191	0.393619	-0.000381	1.707694	-0.000921	0.301094	
385.000000	433.000000	1.710310	0.387292	0.004455	1.607550	0.000536	0.316556	
385.000000	445.000000	1.416701	0.382933	-0.015161	1.597477	-0.009103	0.299350	
385.000000	457.000000	1.465013	0.387045	0.017651	1.448637	0.000326	0.309588	
385.000000	469.000000	1.370145	0.387999	-0.007609	1.481978	-0.019893	0.301395	
397.000000	25.000000	1.441381	0.378366	0.006981	1.551139	0.003785	0.286888	
397.000000	37.000000	1.506447	0.386168	0.004926	1.618511	0.010928	0.292427	
397.000000	49.000000	1.549038	0.391653	0.006242	1.715521	0.014181	0.294755	
397.000000	61.000000	1.533254	0.400514	0.022444	1.658001	0.018751	0.307792	
397.000000	73.000000	1.785020	0.400392	0.008766	1.668876	0.009087	0.315047	
397.000000	85.000000	1.547734	0.403876	-0.023114	1.599879	-0.014707	0.334268	
397.000000	97.000000	1.567537	0.382397	-0.000319	1.494117	-0.001368	0.294946	
397.000000	109.000000	1.322929	0.384959	0.002763	1.485700	-0.002228	0.288334	
397.000000	121.000000	1.522533	0.380969	0.000337	1.504471	-0.001263	0.287846	
397.000000	133.000000	1.537985	0.392430	0.010390	1.487267	0.013432	0.308891	
397.000000	145.000000	1.755976	0.396959	0.006180	1.424308	0.001729	0.302486	
397.000000	157.000000	1.621333	0.396756	-0.001158	1.509720	0.005105	0.302827	
397.000000	169.000000	1.662456	0.409255	-0.003804	1.530350	0.008017	0.310963	
397.000000	181.000000	1.739393	0.396782	-0.004924	1.516525	0.004276	0.305415	
397.000000	193.000000	1.665839	0.405430	-0.002788	1.697196	0.009452	0.322871	
397.000000	205.000000	1.675513	0.407366	-0.001157	1.620222	0.000325	0.322184	
397.000000	217.000000	1.636869	0.413408	0.037694	1.843711	0.058253	0.369421	
397.000000	229.000000	1.725957	0.398296	0.004490	1.740923	-0.005548	0.314719	
397.000000	241.000000	1.751612	0.409829	-0.003248	1.733591	-0.001550	0.342735	
397.000000	253.000000	1.370935	0.382574	0.005859	1.613232	0.010116	0.288202	
397.000000	265.000000	1.513955	0.393135	-0.021751	1.582399	0.002313	0.314960	
397.000000	277.000000	1.510127	0.384415	0.001566	1.638748	0.010910	0.296874	
397.000000	289.000000	1.419019	0.392126	-0.024793	1.627886	-0.037022	0.341945	
397.000000	301.000000	1.450836	0.384268	0.003503	1.571483	0.002508	0.297556	
397.000000	313.000000	1.583809	0.395030	0.000543	1.532310	0.004679	0.316209	
397.000000	325.000000	1.728682	0.423907	-0.031218	1.541843	-0.009426	0.363438	
397.000000	337.000000	1.813041	0.426654	0.019164	1.662555	0.005993	0.360228	
397.000000	349.000000	1.735651	0.426991	-0.000032	1.650948	0.003443	0.353483	
397.000000	361.000000	1.768444	0.429332	-0.006457	1.685708	-0.007990	0.356389	
397.000000	373.000000	1.771426	0.469743	-0.003891	1.806267	-0.012597	0.435989	
397.000000	385.000000	1.597939	0.407007	0.007830	1.586189	-0.002209	0.328893	
397.000000	397.000000	1.526267	0.399778	0.003774	1.561108	-0.005280	0.319201	
397.000000	409.000000	1.448284	0.383289	0.000292	1.559156	0.004143	0.291657	
397.000000	421.000000	1.322745	0.377207	-0.000860	1.428403	0.002025	0.274330	
397.000000	433.000000	1.685949	0.392132	-0.025556	1.518714	-0.032745	0.317500	
397.000000	445.000000	1.287301	0.376010	-0.002847	1.631484	0.004647	0.276768	
397.000000	457.000000	1.603037	0.380832	-0.002573	1.637097	0.005740	0.295247	
397.000000	469.000000	1.428941	0.384663	0.000219	1.648737	0.006939	0.295167	
409.000000	25.000000	1.482733	0.388246	0.004265	1.516199	0.007938	0.297170	
409.000000	37.000000	1.624247	0.396745	0.001393	1.567107	0.004239	0.304035	
409.000000	49.000000	1.831465	0.418660	0.051887	1.620717	0.025653	0.353361	
409.000000	61.000000	1.602761	0.406803	0.005114	1.760566	0.011237	0.332802	
409.000000	73.000000	1.804404	0.409458	0.016988	1.687380	0.009107	0.326689	
409.000000	85.000000	1.509136	0.394020	0.004070	1.695463	0.003103	0.297066	
409.000000	97.000000	1.618560	0.388833	0.000550	1.690917	0.002673	0.305926	
409.000000	109.000000	1.436906	0.394435	0.006909	1.673271	0.016992	0.307727	
409.000000	121.000000	1.522961	0.383289	-0.004203	1.595879	-0.002840	0.295995	
409.000000	133.000000	1.612137	0.391225	0.004877	1.718516	0.003397	0.308262	
409.000000	145.000000	1.800752	0.386586	0.000736	1.693216	0.000274	0.302223	
409.000000	157.000000	1.600541	0.390170	-0.002197	1.705306	0.003055	0.303869	
409.000000	169.000000	1.619691	0.409680	-0.001888	1.811164	0.014866	0.325185	
409.000000	181.000000	1.694769	0.413481	0.002877	1.785747	0.033072	0.336436	
409.000000	193.000000	1.730170	0.410589	-0.009000	1.783832	0.003492	0.335538	
409.000000	205.000000	1.717945	0.404122	-0.001968	1.751013	0.001417	0.317244	
409.000000	217.000000	1.590412	0.391501	-0.000919	1.609403	-0.003323	0.301472	
409.000000	229.000000	1.654885	0.402708	0.002016	1.648623	-0.020421	0.322842	
409.000000	241.000000	1.827137	0.424160	-0.018316	1.861865	-0.047092	0.383620	
409.000000	253.000000	1.488097	0.390971	0.008392	1.689289	0.009167	0.297137	
409.000000	265.000000	1.519785	0.401327	0.005722	1.729199	0.008110	0.311338	
409.000000	277.000000	1.698720	0.395645	0.004979	1.734367	0.015499	0.318142	
409.000000	289.000000	1.468822	0.404009	0.045329	1.560277	0.019248	0.334761	
409.000000	301.000000	1.578735	0.393967	0.004173	1.465930	0.002589	0.304354	
409.000000	313.000000	1.596436	0.402966	0.003325	1.589801	-0.004380	0.322796	
409.000000	325.000000	1.716756	0.410572	0.001808	1.489189	0.008508	0.319710	
409.000000	337.000000	1.629343	0.418231	-0.003855	1.536934	0.004242	0.331031	
409.000000	349.000000	1.664222	0.421064	-0.008365	1.547560	0.002539	0.336578	
409.000000	361.000000	1.771228	0.428123	0.016973	1.538879	-0.002299	0.356194	
409.000000	373.000000	1.708612	0.421674	-0.001291	1.527649	-0.004199	0.330290	
409.000000	385.000000	1.465716	0.405366	0.001325	1.455241	-0.005028	0.310876	
409.000000	397.000000	1.423656	0.405229	-0.004533	1.552640	-0.010673	0.334637	
409.000000	409.000000	1.549050	0.385522	-0.000646	1.634502	0.004369	0.297380	
409.000000	421.000000	1.394898	0.385125	-0.016439	1.640966	-0.003455	0.295109	
409.000000	433.000000	1.617896	0.379526	-0.002343	1.706789	0.004417	0.289534	
409.000000	445.000000	1.473414	0.390876	-0.002638	1.745398	0.004360	0.297168	
409.000000	457.000000	1.642577	0.398979	-0.000769	1.641229	0.005983	0.317817	
409.000000	469.000000	1.441655	0.398042	0.005917	1.761235	0.033668	0.320901	
421.000000	25.000000	1.430579	0.389130	-0.002104	1.540069	-0.001704	0.295052	
421.000000	37.000000	1.585772	0.402091	-0.003930	1.697908	-0.004884	0.315879	
421.000000	49.000000	1.904198	0.422679	-0.028336	1.700819	-0.010085	0.362554	
421.000000	61.000000	1.754925	0.417574	-0.028893	1.712135	-0.019880	0.362250	
421.000000	73.000000	1.509806	0.407950	0.007112	1.738827	0.003626	0.326332	
421.000000	85.000000	1.519136	0.396891	0.003442	1.626023	-0.004616	0.305850	
421.000000	97.000000	1.561220	0.386094	0.001858	1.538396	0.003405	0.300067	
421.000000	109.000000	1.583754	0.401565	0.034168	1.552963	0.030107	0.340069	
421.000000	121.000000	1.356043	0.375244	-0.001437	1.411167	-0.001451	0.275672	
421.000000	133.000000	1.525806	0.380631	0.011489	1.539007	0.003928	0.297616	
421.000000	145.000000	1.651496	0.390634	0.048367	1.686831	0.014560	0.325596	
421.000000	157.000000	1.478136	0.381803	-0.000417	1.614530	-0.001563	0.292278	
421.000000	169.000000	1.648210	0.404970	-0.007704	1.807759	0.000677	0.325729	
421.000000	181.000000	1.824370	0.409774	-0.013416	1.795084	0.000964	0.336916	
421.000000	193.000000	1.737504	0.436294	-0.044042	1.851302	-0.018248	0.387718	
421.000000	205.000000	1.660532	0.408795	-0.001334	1.720564	0.010486	0.325145	
421.000000	217.000000	1.806984	0.397064	-0.003016	1.644332	0.006888	0.311934	
421.000000	229.000000	1.799531	0.404692	0.010876	1.568584	0.015278	0.327389	
421.000000	241.000000	1.674492	0.401225	-0.004623	1.547582	0.002464	0.323875	
421.000000	253.000000	1.515398	0.401379	-0.004981	1.516094	0.004662	0.304974	
421.000000	265.000000	1.677463	0.411577	-0.002446	1.600809	0.004690	0.321826	
421.000000	277.000000	1.753664	0.408337	-0.004642	1.584699	0.008456	0.324438	
421.000000	289.000000	1.486042	0.399614	0.005776	1.456621	0.000712	0.304495	
421.000000	301.000000	1.706287	0.394288	0.005535	1.449453	-0.000265	0.303331	
421.000000	313.000000	1.587396	0.409882	0.010562	1.506954	0.006973	0.330604	
421.000000	325.000000	1.738571	0.413554	-0.000325	1.773624	0.002452	0.335802	
421.000000	337.000000	1.550669	0.413081	-0.003565	1.853094	0.005096	0.324388	
421.000000	349.000000	1.699739	0.411033	0.004456	1.887083	0.027057	0.361782	
421.000000	361.000000	1.699505	0.401541	0.006222	1.814179	-0.000474	0.334973	
421.000000	373.000000	1.565326	0.391239	0.009150	1.493493	0.001995	0.305969	
421.000000	385.000000	1.369064	0.393193	0.010532	1.493319	-0.000228	0.303136	
421.000000	397.000000	1.546903	0.409481	0.000181	1.567927	-0.009147	0.340914	
421.000000	409.000000	1.559713	0.400016	0.001820	1.463814	0.004408	0.306604	
421.000000	421.000000	1.412313	0.395321	-0.000245	1.535219	-0.000247	0.298429	
421.000000	433.000000	1.608976	0.392964	0.000636	1.465080	0.004410	0.303617	
421.000000	445.000000	1.530908	0.395574	0.000865	1.575713	0.007614	0.308354	
421.000000	457.000000	1.624898	0.401019	0.001542	1.592189	0.005956	0.320345	
421.000000	469.000000	1.447717	0.399341	0.003819	1.550082	0.008150	0.308498	
433.000000	25.000000	1.448339	0.386641	0.002186	1.461111	0.001199	0.285829	
433.000000	37.000000	1.475550	0.401394	0.003217	1.580177	-0.001493	0.304561	
433.000000	49.000000	1.746672	0.406471	-0.008040	1.617793	-0.008425	0.314291	
433.000000	61.000000	1.646901	0.400297	0.000561	1.619016	-0.002328	0.314158	
433.000000	73.000000	1.361916	0.398530	-0.000665	1.614136	-0.001813	0.301557	
433.000000	85.000000	1.477740	0.392153	-0.004817	1.534509	-0.002625	0.291920	
433.000000	97.000000	1.523529	0.380651	0.000122	1.495940	0.000186	0.288575	
433.000000	109.000000	1.517022	0.369622	-0.002457	1.375177	-0.002744	0.269426	
433.000000	121.000000	1.240009	0.367481	-0.000347	1.344458	-0.000659	0.262905	
433.000000	133.000000	1.456898	0.370013	0.002368	1.441649	-0.000398	0.280116	
433.000000	145.000000	1.573152	0.383792	-0.017500	1.452352	-0.014786	0.308939	
433.000000	157.000000	1.374606	0.390693	-0.003329	1.550499	0.012006	0.305783	
433.000000	169.000000	1.661994	0.414605	-0.007057	1.637975	-0.003244	0.334455	
433.000000	181.000000	1.905612	0.435636	-0.010457	1.641775	0.004940	0.387360	
433.000000	193.000000	1.665374	0.433702	-0.003854	1.591438	-0.001013	0.353967	
433.000000	205.000000	1.716800	0.442819	-0.047002	1.644388	-0.016580	0.389060	
433.000000	217.000000	1.978763	0.412763	-0.000488	1.635177	0.006423	0.341103	
433.000000	229.000000	1.897491	0.419560	0.005030	1.649876	0.004199	0.355007	
433.000000	241.000000	1.752347	0.425059	-0.012009	1.791264	0.018370	0.368192	
433.000000	253.000000	1.693578	0.441356	0.030440	1.786265	0.040169	0.389272	
433.000000	265.000000	1.827392	0.426994	-0.000951	1.671479	0.005477	0.345917	
433.000000	277.000000	1.756854	0.408378	-0.005193	1.610047	0.008544	0.330521	
433.000000	289.000000	1.614340	0.394555	0.003128	1.475093	0.006158	0.308851	
433.000000	301.000000	1.589814	0.388119	0.004204	1.364390	0.003763	0.294038	
433.000000	313.000000	1.476870	0.400489	-0.005382	1.417389	0.010263	0.316284	
433.000000	325.000000	1.695809	0.406286	0.004500	1.532253	0.013408	0.318168	
433.000000	337.000000	1.556377	0.410730	0.005221	1.544753	0.019414	0.326342	
433.000000	349.000000	1.558516	0.400150	0.018788	1.519946	0.022631	0.337147	
433.000000	361.000000	1.510641	0.383956	0.002655	1.529688	0.002651	0.297853	
433.000000	373.000000	1.457172	0.380893	0.004086	1.419187	0.003663	0.291000	
433.000000	385.000000	1.313688	0.381500	0.006786	1.506244	0.005340	0.290464	
433.000000	397.000000	1.521569	0.408851	-0.011096	1.648817	-0.039936	0.345349	
433.000000	409.000000	1.535562	0.420064	0.020848	1.646066	0.051457	0.353263	
433.000000	421.000000	1.498495	0.393455	0.001252	1.513774	0.004892	0.300070	
433.000000	433.000000	1.688597	0.396096	-0.021102	1.450632	0.001814	0.320511	
433.000000	445.000000	1.559213	0.397379	0.001460	1.652088	0.021632	0.320301	
433.000000	457.000000	1.641767	0.401940	-0.020256	1.578857	0.015341	0.328022	
433.000000	469.000000	1.647494	0.434111	-0.028042	1.707191	-0.011011	0.396916	
445.000000	25.000000	1.475696	0.388067	0.005733	1.530121	-0.000808	0.297887	
445.000000	37.000000	1.529482	0.405246	0.004101	1.623585	-0.005258	0.323096	
445.000000	49.000000	1.734152	0.419285	-0.010619	1.885467	-0.029772	0.354462	
445.000000	61.000000	1.970071	0.428991	0.038527	1.815011	-0.000781	0.391232	
445.000000	73.000000	1.520139	0.412732	-0.004152	1.730774	-0.014236	0.330752	
445.000000	85.000000	1.600873	0.405830	0.021007	1.583228	-0.008587	0.328067	
445.000000	97.000000	1.556598	0.389260	-0.004162	1.413020	-0.000469	0.306617	
445.000000	109.000000	1.544601	0.375295	-0.003676	1.358202	-0.003234	0.282820	
445.000000	121.000000	1.315201	0.367955	-0.001462	1.309900	-0.001587	0.272418	
445.000000	133.000000	1.421765	0.375748	-0.013773	1.407663	-0.029480	0.306999	
445.000000	145.000000	1.548873	0.383907	-0.006885	1.323327	-0.008973	0.298454	
445.000000	157.000000	1.352484	0.385689	-0.006592	1.396680	-0.009663	0.286932	
445.000000	169.000000	1.530536	0.410561	0.000063	1.576432	-0.002352	0.331282	
445.000000	181.000000	1.778177	0.418556	0.000554	1.714561	0.005542	0.334170	
445.000000	193.000000	1.645698	0.407817	0.001740	1.767049	0.010232	0.318289	
445.000000	205.000000	1.530171	0.401966	0.001311	1.706692	0.009461	0.307074	
445.000000	217.000000	1.959833	0.396483	-0.002696	1.644761	0.005204	0.307467	
445.000000	229.000000	1.738709	0.402541	-0.000016	1.523858	0.001216	0.315644	
445.000000	241.000000	1.695570	0.404963	0.000332	1.472833	0.003852	0.317510	
445.000000	253.000000	1.597959	0.417887	-0.005929	1.456647	0.000715	0.325222	
445.000000	265.000000	1.874518	0.422548	-0.003725	1.647558	-0.001875	0.343204	
445.000000	277.000000	1.649710	0.407424	0.000560	1.703215	0.007454	0.344242	
445.000000	289.000000	1.617984	0.399021	-0.003878	1.802409	0.006446	0.327343	
445.000000	301.000000	1.582109	0.388901	-0.001814	1.795409	-0.001245	0.313287	
445.000000	313.000000	1.429665	0.388053	0.001073	1.614787	0.005193	0.302634	
445.000000	325.000000	1.653451	0.405037	0.032138	1.593224	0.036102	0.342009	
445.000000	337.000000	1.463287	0.396094	-0.015303	1.497888	-0.001725	0.321789	
445.000000	349.000000	1.416622	0.386466	0.003801	1.473602	0.012541	0.314035	
445.000000	361.000000	1.428886	0.372942	0.005192	1.481045	0.010065	0.288098	
445.000000	373.000000	1.403818	0.382432	-0.007228	1.541120	-0.020531	0.316491	
445.000000	385.000000	1.283288	0.369137	0.009457	1.439506	0.009264	0.278511	
445.000000	397.000000	1.420612	0.379412	0.002627	1.438034	0.005433	0.293899	
445.000000	409.000000	1.423171	0.391653	0.004367	1.413063	0.008455	0.296464	
445.000000	421.000000	1.489592	0.386028	0.001610	1.351387	0.003723	0.282952	
445.000000	433.000000	1.741854	0.410554	0.008827	1.494465	0.034340	0.358480	
445.000000	445.000000	1.553275	0.393211	0.004301	1.543966	0.015019	0.306000	
445.000000	457.000000	1.481409	0.395208	0.003100	1.625133	0.007977	0.308050	
445.000000	469.000000	1.512981	0.409471	0.009176	1.701070	0.014443	0.330548	
457.000000	25.000000	1.459537	0.386374	0.001648	1.525439	-0.005338	0.290678	
457.000000	37.000000	1.429549	0.401117	0.005810	1.668573	-0.006109	0.306368	
457.000000	49.000000	1.573565	0.429689	-0.027298	1.708510	-0.044808	0.362300	
457.000000	61.000000	2.023621	0.430887	-0.029791	1.630017	-0.042192	0.377872	
457.000000	73.000000	1.562319	0.409959	-0.007820	1.588700	-0.008512	0.327792	
457.000000	85.000000	1.553090	0.417530	-0.023771	1.632197	-0.041784	0.351027	
457.000000	97.000000	1.500119	0.382668	-0.000496	1.532232	-0.006900	0.294678	
457.000000	109.000000	1.475548	0.376443	-0.018292	1.524947	-0.024368	0.306179	
457.000000	121.000000	1.387434	0.361558	0.003955	1.404409	0.001106	0.265916	
457.000000	133.000000	1.406858	0.376325	0.016245	1.334073	0.032611	0.312150	
457.000000	145.000000	1.510769	0.391945	-0.012848	1.342991	-0.008881	0.302351	
457.000000	157.000000	1.451069	0.393800	-0.008847	1.429896	-0.007642	0.304897	
457.000000	169.000000	1.501693	0.418674	0.001529	1.681786	0.011149	0.347944	
457.000000	181.000000	1.919169	0.413550	0.003731	1.660375	0.007855	0.344076	
457.000000	193.000000	1.546405	0.391229	0.005498	1.671996	0.014566	0.314590	
457.000000	205.000000	1.533169	0.391350	0.007570	1.622826	0.014988	0.307144	
457.000000	217.000000	1.816802	0.380742	-0.001200	1.524087	0.004052	0.291215	
457.000000	229.000000	1.731533	0.393223	0.003550	1.690945	0.003921	0.320524	
457.000000	241.000000	1.571291	0.405073	0.011639	1.783218	0.029499	0.356151	
457.000000	253.000000	1.469110	0.396538	-0.006798	1.671838	-0.002396	0.314140	
457.000000	265.000000	1.885817	0.400522	-0.011445	1.666393	-0.008572	0.334532	
457.000000	277.000000	1.414624	0.387914	0.001412	1.472985	0.005289	0.295636	
457.000000	289.000000	1.644323	0.410446	-0.064338	1.463864	-0.031357	0.356604	
457.000000	301.000000	1.422459	0.383460	0.002526	1.412548	0.001539	0.284808	
457.000000	313.000000	1.540557	0.392379	-0.000436	1.632486	0.012813	0.326016	
457.000000	325.000000	1.502982	0.396636	-0.002464	1.597964	0.001368	0.305738	
457.000000	337.000000	1.568257	0.412474	0.032797	1.620549	0.041149	0.361351	
457.000000	349.000000	1.374908	0.387733	-0.002658	1.496422	0.008813	0.306687	
457.000000	361.000000	1.461501	0.379118	-0.018143	1.296100	0.008825	0.296826	
457.000000	373.000000	1.330062	0.366948	-0.000580	1.244215	0.008885	0.274069	
457.000000	385.000000	1.289987	0.371112	0.005059	1.304915	0.009908	0.269851	
457.000000	397.000000	1.382146	0.379053	0.002745	1.447068	-0.005444	0.291942	
457.000000	409.000000	1.385456	0.381603	0.003185	1.550383	0.007611	0.283801	
457.000000	421.000000	1.567891	0.380440	0.011670	1.667405	0.006255	0.289939	
457.000000	433.000000	1.574724	0.380936	0.000622	1.711803	0.002134	0.289337	
457.000000	445.000000	1.399153	0.385418	0.004400	1.832343	0.024304	0.304060	
457.000000	457.000000	1.460648	0.386726	0.001647	1.676551	0.004874	0.291454	
457.000000	469.000000	1.521087	0.405511	0.007458	1.710141	0.006899	0.326909	
469.000000	25.000000	1.551682	0.395108	0.004806	1.624828	-0.000419	0.308492	
469.000000	37.000000	1.581495	0.427859	0.031767	1.724294	0.032272	0.369603	
469.000000	49.000000	1.630415	0.431003	-0.053183	1.822436	-0.020942	0.378568	
469.000000	61.000000	1.939795	0.426558	0.030988	1.827566	0.032170	0.371382	
469.000000	73.000000	1.615660	0.401064	-0.001280	1.670554	-0.003007	0.321691	
469.000000	85.000000	1.552000	0.392127	-0.004337	1.632040	-0.000554	0.304481	
469.000000	97.000000	1.574251	0.409680	0.028606	1.530264	0.028769	0.357114	
469.000000	109.000000	1.435998	0.388254	-0.015328	1.458332	-0.029505	0.308674	
469.000000	121.000000	1.517215	0.373113	0.003296	1.345124	0.001856	0.275423	
469.000000	133.000000	1.460610	0.378672	-0.002470	1.465929	0.004261	0.289941	
469.000000	145.000000	1.719397	0.422488	-0.060427	1.662730	-0.038428	0.381370	
469.000000	157.000000	1.576875	0.408943	-0.011595	1.589972	-0.007291	0.328844	
469.000000	169.000000	1.539614	0.428539	0.003625	1.781830	0.003137	0.363084	
469.000000	181.000000	1.785726	0.415600	0.008362	1.724885	0.004497	0.348597	
469.000000	193.000000	1.785223	0.405488	0.059379	1.703690	0.022771	0.350569	
469.000000	205.000000	1.706166	0.409950	-0.032543	1.729660	-0.011191	0.360209	
469.000000	217.000000	1.568176	0.386264	0.005865	1.556690	-0.001592	0.303223	
469.000000	229.000000	1.672011	0.402649	0.002309	1.579378	-0.016001	0.331594	
469.000000	241.000000	1.655582	0.403932	-0.000047	1.524383	-0.003144	0.334166	
469.000000	253.000000	1.667342	0.404189	0.052334	1.565083	0.017097	0.342423	
469.000000	265.000000	1.715472	0.394379	0.000492	1.531079	0.001552	0.312036	
469.000000	277.000000	1.485854	0.386287	0.009800	1.458754	0.008171	0.302889	
469.000000	289.000000	1.598649	0.381436	0.000137	1.404062	0.005562	0.293196	
469.000000	301.000000	1.309103	0.387339	0.000661	1.311782	0.005638	0.282514	
469.000000	313.000000	1.536953	0.390274	0.000733	1.404172	0.006053	0.302271	
469.000000	325.000000	1.537325	0.389613	0.002746	1.391079	0.004807	0.293468	
469.000000	337.000000	1.618693	0.380457	0.004262	1.373915	0.006151	0.302029	
469.000000	349.000000	1.306049	0.377612	0.001014	1.429552	0.005279	0.283574	
469.000000	361.000000	1.397050	0.375644	0.002785	1.383772	0.012934	0.286189	
469.000000	373.000000	1.315145	0.368707	0.003406	1.338414	0.008865	0.268687	
469.000000	385.000000	1.263141	0.372160	0.004237	1.382977	0.011593	0.277053	
469.000000	397.000000	1.327767	0.367875	-0.001733	1.279960	0.009774	0.270724	
469.000000	409.000000	1.329804	0.367015	-0.001476	1.283949	0.002522	0.265443	
469.000000	421.000000	1.489381	0.370303	-0.001375	1.291942	0.001637	0.271397	
469.000000	433.000000	1.519312	0.372126	-0.003887	1.364676	-0.000981	0.270353	
469.000000	445.000000	1.490058	0.381425	-0.002719	1.422669	0.001501	0.285010	
469.000000	457.000000	1.571813	0.411403	-0.037622	1.525758	-0.032725	0.349638	
469.000000	469.000000	1.541258	0.404455	0.008122	1.532401	0.009987	0.320956	
